{
  "type": "FeatureCollection",
  "features": [
    {
      "type": "Feature",
      "geometry": {
        "type": "Point",
        "coordinates": [
          -9.5447101,
          54.1412881
        ]
      },
      "properties": {
        "osm_type": "node",
        "osm_id": 6970591941,
        "name": "Shranakilla Solar Farm",
        "operator": "ESB Solar (Ireland) Limited",
        "plant_source": "solar"
      }
    },
    {
      "type": "Feature",
      "geometry": {
        "type": "Point",
        "coordinates": [
          -1.5116374,
          51.931955
        ]
      },
      "properties": {
        "osm_type": "node",
        "osm_id": 9571460563,
        "power": "solar"
      }
    },
    {
      "type": "Feature",
      "geometry": {
        "type": "Point",
        "coordinates": [
          -2.422127,
          52.7061792
        ]
      },
      "properties": {
        "osm_type": "way",
        "osm_id": 66098406,
        "name": "Lyreco",
        "operator": "Addison Energy",
        "capacity_mw": 3.811,
        "power": "plant",
        "plant_source": "solar"
      }
    },
    {
      "type": "Feature",
      "geometry": {
        "type": "Point",
        "coordinates": [
          -1.9209972,
          52.0643925
        ]
      },
      "properties": {
        "osm_type": "way",
        "osm_id": 94241986,
        "name": "Mount Farm Solar Farm",
        "capacity_mw": 22.0,
        "power": "plant",
        "plant_source": "solar"
      }
    },
    {
      "type": "Feature",
      "geometry": {
        "type": "Point",
        "coordinates": [
          0.4198811,
          51.4732606
        ]
      },
      "properties": {
        "osm_type": "way",
        "osm_id": 103721031,
        "name": "Barvills Solar Farm",
        "operator": "BE Renewables/Barvills Solar Limited",
        "capacity_mw": 5.0,
        "power": "plant",
        "plant_source": "solar"
      }
    },
    {
      "type": "Feature",
      "geometry": {
        "type": "Point",
        "coordinates": [
          -0.2216525,
          51.9437133
        ]
      },
      "properties": {
        "osm_type": "way",
        "osm_id": 107896716,
        "power": "plant",
        "plant_source": "solar"
      }
    },
    {
      "type": "Feature",
      "geometry": {
        "type": "Point",
        "coordinates": [
          0.7708818,
          49.8680864
        ]
      },
      "properties": {
        "osm_type": "way",
        "osm_id": 117766065,
        "capacity_mw": 4.95,
        "power": "plant",
        "plant_source": "solar"
      }
    },
    {
      "type": "Feature",
      "geometry": {
        "type": "Point",
        "coordinates": [
          0.3909805,
          52.2791847
        ]
      },
      "properties": {
        "osm_type": "way",
        "osm_id": 122832334,
        "name": "Forest Heath Solar Power Station",
        "operator": "Munich RE",
        "capacity_mw": 5.0,
        "power": "plant",
        "plant_source": "solar"
      }
    },
    {
      "type": "Feature",
      "geometry": {
        "type": "Point",
        "coordinates": [
          0.1167082,
          51.8881746
        ]
      },
      "properties": {
        "osm_type": "way",
        "osm_id": 128040963,
        "name": "Wickham Hall Estate Solar Photovoltaic Farm",
        "operator": "Endurance Energy Wickham Hall Limited",
        "plant_source": "solar"
      }
    },
    {
      "type": "Feature",
      "geometry": {
        "type": "Point",
        "coordinates": [
          -1.6758982,
          50.9653025
        ]
      },
      "properties": {
        "osm_type": "way",
        "osm_id": 129473787,
        "operator": "Hamptworth Estate Solar",
        "power": "plant",
        "plant_source": "solar"
      }
    },
    {
      "type": "Feature",
      "geometry": {
        "type": "Point",
        "coordinates": [
          1.2426337,
          51.35844
        ]
      },
      "properties": {
        "osm_type": "way",
        "osm_id": 131981072,
        "name": "St Nicholas Solar Farm",
        "capacity_mw": 0.4,
        "power": "plant",
        "plant_source": "solar"
      }
    },
    {
      "type": "Feature",
      "geometry": {
        "type": "Point",
        "coordinates": [
          -0.0180922,
          52.0657785
        ]
      },
      "properties": {
        "osm_type": "way",
        "osm_id": 134135963,
        "name": "Royston Solar Farm",
        "operator": "Gemec LTD",
        "power": "plant",
        "plant_source": "solar"
      }
    },
    {
      "type": "Feature",
      "geometry": {
        "type": "Point",
        "coordinates": [
          0.4988537,
          52.3163684
        ]
      },
      "properties": {
        "osm_type": "way",
        "osm_id": 160045220,
        "name": "Bay Farm",
        "operator": "NextEnergy Solar Fund (NESF)",
        "capacity_mw": 8.1,
        "power": "plant",
        "plant_source": "solar"
      }
    },
    {
      "type": "Feature",
      "geometry": {
        "type": "Point",
        "coordinates": [
          -4.2240983,
          55.8373251
        ]
      },
      "properties": {
        "osm_type": "way",
        "osm_id": 167854516,
        "power": "plant",
        "plant_source": "solar"
      }
    },
    {
      "type": "Feature",
      "geometry": {
        "type": "Point",
        "coordinates": [
          -1.6455639,
          51.6176696
        ]
      },
      "properties": {
        "osm_type": "way",
        "osm_id": 176912520,
        "name": "Westmill Farm PV",
        "operator": "Westmill Solar Co-operative Ltd",
        "capacity_mw": 5.0,
        "power": "plant",
        "plant_source": "solar"
      }
    },
    {
      "type": "Feature",
      "geometry": {
        "type": "Point",
        "coordinates": [
          -2.8790151,
          54.0397045
        ]
      },
      "properties": {
        "osm_type": "way",
        "osm_id": 179613591,
        "name": "Fanny House Farm",
        "operator": "Primrose Solar",
        "capacity_mw": 5.0,
        "power": "plant",
        "plant_source": "solar"
      }
    },
    {
      "type": "Feature",
      "geometry": {
        "type": "Point",
        "coordinates": [
          -4.8289742,
          50.3353491
        ]
      },
      "properties": {
        "osm_type": "way",
        "osm_id": 179653409,
        "name": "Manor Farm Solar Farm",
        "operator": "Renewable Energy Systems",
        "power": "plant",
        "plant_source": "solar"
      }
    },
    {
      "type": "Feature",
      "geometry": {
        "type": "Point",
        "coordinates": [
          -4.8324942,
          50.3373517
        ]
      },
      "properties": {
        "osm_type": "way",
        "osm_id": 179653410,
        "name": "Manor Farm Solar Farm",
        "power": "plant",
        "plant_source": "solar"
      }
    },
    {
      "type": "Feature",
      "geometry": {
        "type": "Point",
        "coordinates": [
          -4.6966738,
          50.4742672
        ]
      },
      "properties": {
        "osm_type": "way",
        "osm_id": 183628479,
        "power": "plant",
        "plant_source": "solar"
      }
    },
    {
      "type": "Feature",
      "geometry": {
        "type": "Point",
        "coordinates": [
          -4.9571359,
          50.3670921
        ]
      },
      "properties": {
        "osm_type": "way",
        "osm_id": 184046266,
        "name": "Trefullock Solar Park",
        "operator": "Moser Baer",
        "capacity_mw": 5.0,
        "power": "plant",
        "plant_source": "solar"
      }
    },
    {
      "type": "Feature",
      "geometry": {
        "type": "Point",
        "coordinates": [
          -0.6026201,
          53.5614888
        ]
      },
      "properties": {
        "osm_type": "way",
        "osm_id": 186894027,
        "name": "Sweeting Thorns",
        "power": "plant",
        "plant_source": "solar"
      }
    },
    {
      "type": "Feature",
      "geometry": {
        "type": "Point",
        "coordinates": [
          -0.6024881,
          53.5585212
        ]
      },
      "properties": {
        "osm_type": "way",
        "osm_id": 186894080,
        "name": "Sweeting Thorns",
        "power": "plant",
        "plant_source": "solar"
      }
    },
    {
      "type": "Feature",
      "geometry": {
        "type": "Point",
        "coordinates": [
          -0.6021215,
          53.5557806
        ]
      },
      "properties": {
        "osm_type": "way",
        "osm_id": 186894094,
        "name": "Sweeting Thorns",
        "power": "plant",
        "plant_source": "solar"
      }
    },
    {
      "type": "Feature",
      "geometry": {
        "type": "Point",
        "coordinates": [
          -0.6018188,
          53.552842
        ]
      },
      "properties": {
        "osm_type": "way",
        "osm_id": 186894129,
        "name": "Sweeting Thorns",
        "power": "plant",
        "plant_source": "solar"
      }
    },
    {
      "type": "Feature",
      "geometry": {
        "type": "Point",
        "coordinates": [
          -5.1216735,
          50.2411052
        ]
      },
      "properties": {
        "osm_type": "way",
        "osm_id": 189121471,
        "name": "Wheal Jane Solar Farm",
        "capacity_mw": 1.4,
        "power": "plant",
        "plant_source": "solar"
      }
    },
    {
      "type": "Feature",
      "geometry": {
        "type": "Point",
        "coordinates": [
          -3.3141953,
          50.8789475
        ]
      },
      "properties": {
        "osm_type": "way",
        "osm_id": 196324983,
        "name": "Higher Pirzwell Solar Farm",
        "operator": "Lightsource BP",
        "capacity_mw": 1.2,
        "power": "plant",
        "plant_source": "solar"
      }
    },
    {
      "type": "Feature",
      "geometry": {
        "type": "Point",
        "coordinates": [
          -1.1873772,
          51.3869789
        ]
      },
      "properties": {
        "osm_type": "way",
        "osm_id": 199594396,
        "name": "Gravel Works, Wasing Estate",
        "operator": "NESF (formerly INRG Solar)",
        "capacity_mw": 5.0,
        "power": "plant",
        "plant_source": "solar"
      }
    },
    {
      "type": "Feature",
      "geometry": {
        "type": "Point",
        "coordinates": [
          -4.1168877,
          50.8172716
        ]
      },
      "properties": {
        "osm_type": "way",
        "osm_id": 202996492,
        "name": "Willsland Solar Farm",
        "capacity_mw": 3.267,
        "power": "plant",
        "plant_source": "solar"
      }
    },
    {
      "type": "Feature",
      "geometry": {
        "type": "Point",
        "coordinates": [
          -2.1431389,
          52.6357964
        ]
      },
      "properties": {
        "osm_type": "way",
        "osm_id": 206309987,
        "name": "Jaguar Land Rover",
        "operator": "Jaguar Land Rover",
        "capacity_mw": 5.8,
        "power": "plant",
        "plant_source": "solar"
      }
    },
    {
      "type": "Feature",
      "geometry": {
        "type": "Point",
        "coordinates": [
          -4.4281172,
          50.4517033
        ]
      },
      "properties": {
        "osm_type": "way",
        "osm_id": 215319639,
        "name": "Trevartha Solar Farm",
        "operator": "Smarter Energy Solutions Ltd",
        "capacity_mw": 3.0,
        "power": "plant",
        "plant_source": "solar"
      }
    },
    {
      "type": "Feature",
      "geometry": {
        "type": "Point",
        "coordinates": [
          -4.2366777,
          51.725846
        ]
      },
      "properties": {
        "osm_type": "way",
        "osm_id": 215882049,
        "name": "Ffos Las Solar Farm",
        "operator": "Ffos Las Solar Developments Limited",
        "capacity_mw": 5.5,
        "power": "plant",
        "plant_source": "solar"
      }
    },
    {
      "type": "Feature",
      "geometry": {
        "type": "Point",
        "coordinates": [
          -4.1371355,
          51.7761718
        ]
      },
      "properties": {
        "osm_type": "way",
        "osm_id": 216535638,
        "name": "Pont Andrew Solar Farm",
        "operator": "Lightsource BP",
        "capacity_mw": 1.5,
        "power": "plant",
        "plant_source": "solar"
      }
    },
    {
      "type": "Feature",
      "geometry": {
        "type": "Point",
        "coordinates": [
          -1.0590097,
          52.9349892
        ]
      },
      "properties": {
        "osm_type": "way",
        "osm_id": 218842171,
        "name": "Blackberry Solar Farm North",
        "capacity_mw": 4.2,
        "power": "plant",
        "plant_source": "solar"
      }
    },
    {
      "type": "Feature",
      "geometry": {
        "type": "Point",
        "coordinates": [
          0.5801353,
          51.5862863
        ]
      },
      "properties": {
        "osm_type": "way",
        "osm_id": 238003414,
        "name": "Rayleigh Solar Farm",
        "capacity_mw": 30.0,
        "plant_source": "solar"
      }
    },
    {
      "type": "Feature",
      "geometry": {
        "type": "Point",
        "coordinates": [
          -2.1118564,
          50.7369386
        ]
      },
      "properties": {
        "osm_type": "way",
        "osm_id": 245262417,
        "name": "Slepe Farm Solar Farm",
        "capacity_mw": 0.505,
        "power": "plant",
        "plant_source": "solar"
      }
    },
    {
      "type": "Feature",
      "geometry": {
        "type": "Point",
        "coordinates": [
          -3.3455671,
          56.3388282
        ]
      },
      "properties": {
        "osm_type": "way",
        "osm_id": 253027599,
        "name": "Carey Solar Farm",
        "power": "plant",
        "plant_source": "solar"
      }
    },
    {
      "type": "Feature",
      "geometry": {
        "type": "Point",
        "coordinates": [
          0.3788561,
          51.586563
        ]
      },
      "properties": {
        "osm_type": "way",
        "osm_id": 256209291,
        "name": "Crouch Solar Farm",
        "operator": "Low Carbon Storage",
        "capacity_mw": 23.0,
        "power": "plant",
        "plant_source": "solar"
      }
    },
    {
      "type": "Feature",
      "geometry": {
        "type": "Point",
        "coordinates": [
          1.3442893,
          51.3143131
        ]
      },
      "properties": {
        "osm_type": "way",
        "osm_id": 257416376,
        "power": "plant",
        "plant_source": "solar"
      }
    },
    {
      "type": "Feature",
      "geometry": {
        "type": "Point",
        "coordinates": [
          0.2210703,
          52.3140179
        ]
      },
      "properties": {
        "osm_type": "way",
        "osm_id": 257772998,
        "name": "Chittering Solar Farm",
        "operator": "Abbey Renewables",
        "capacity_mw": 11.3,
        "power": "plant",
        "plant_source": "solar"
      }
    },
    {
      "type": "Feature",
      "geometry": {
        "type": "Point",
        "coordinates": [
          1.6994286,
          52.6614723
        ]
      },
      "properties": {
        "osm_type": "way",
        "osm_id": 272567888,
        "name": "Nova Scotia Solar Power Station",
        "capacity_mw": 13.9,
        "power": "plant",
        "plant_source": "solar"
      }
    },
    {
      "type": "Feature",
      "geometry": {
        "type": "Point",
        "coordinates": [
          -2.8282681,
          53.3371568
        ]
      },
      "properties": {
        "osm_type": "way",
        "osm_id": 273431594,
        "name": "Liverpool Airport Solar Farm",
        "operator": "Liverpool John Lennon Airport",
        "capacity_mw": 3.0,
        "power": "plant",
        "plant_source": "solar"
      }
    },
    {
      "type": "Feature",
      "geometry": {
        "type": "Point",
        "coordinates": [
          0.9425426,
          52.474102
        ]
      },
      "properties": {
        "osm_type": "way",
        "osm_id": 277665663,
        "name": "Airfield Farm",
        "capacity_mw": 5.0,
        "power": "plant",
        "plant_source": "solar"
      }
    },
    {
      "type": "Feature",
      "geometry": {
        "type": "Point",
        "coordinates": [
          -0.4408075,
          51.0544206
        ]
      },
      "properties": {
        "osm_type": "way",
        "osm_id": 283457790,
        "name": "Five Oaks Solar Farm",
        "operator": "John Laing Environmental Assets",
        "capacity_mw": 5.0,
        "power": "plant",
        "plant_source": "solar"
      }
    },
    {
      "type": "Feature",
      "geometry": {
        "type": "Point",
        "coordinates": [
          -2.7573923,
          53.3592907
        ]
      },
      "properties": {
        "osm_type": "way",
        "osm_id": 286437636,
        "power": "plant",
        "plant_source": "solar"
      }
    },
    {
      "type": "Feature",
      "geometry": {
        "type": "Point",
        "coordinates": [
          -3.3598738,
          50.7457887
        ]
      },
      "properties": {
        "osm_type": "way",
        "osm_id": 286467483,
        "name": "Strete Solar Power Plant",
        "operator": "MS Power Projects Ltd.",
        "capacity_mw": 4.8,
        "power": "plant",
        "plant_source": "solar"
      }
    },
    {
      "type": "Feature",
      "geometry": {
        "type": "Point",
        "coordinates": [
          -3.0202837,
          53.2413989
        ]
      },
      "properties": {
        "osm_type": "way",
        "osm_id": 288829101,
        "name": "Shotwick Solar Park",
        "operator": "We-Link Energy & Compton Group",
        "capacity_mw": 72.2,
        "power": "plant",
        "plant_source": "solar"
      }
    },
    {
      "type": "Feature",
      "geometry": {
        "type": "Point",
        "coordinates": [
          -3.4026979,
          50.7601392
        ]
      },
      "properties": {
        "osm_type": "way",
        "osm_id": 290068926,
        "name": "Crannaford Solar Farm",
        "operator": "MS Power Projects Ltd.",
        "capacity_mw": 12.5,
        "power": "plant",
        "plant_source": "solar"
      }
    },
    {
      "type": "Feature",
      "geometry": {
        "type": "Point",
        "coordinates": [
          -4.8291457,
          50.337401
        ]
      },
      "properties": {
        "osm_type": "way",
        "osm_id": 293012396,
        "name": "Manor Farm Solar Farm",
        "power": "plant",
        "plant_source": "solar"
      }
    },
    {
      "type": "Feature",
      "geometry": {
        "type": "Point",
        "coordinates": [
          -1.8561891,
          52.06964
        ]
      },
      "properties": {
        "osm_type": "way",
        "osm_id": 293568507,
        "name": "Willersey Solar Farm",
        "operator": "BELECTRIC UK",
        "capacity_mw": 4.0,
        "power": "plant",
        "plant_source": "solar"
      }
    },
    {
      "type": "Feature",
      "geometry": {
        "type": "Point",
        "coordinates": [
          -1.5223151,
          53.5675205
        ]
      },
      "properties": {
        "osm_type": "way",
        "osm_id": 294523259,
        "name": "EB Equipment Ltd",
        "power": "plant",
        "plant_source": "solar"
      }
    },
    {
      "type": "Feature",
      "geometry": {
        "type": "Point",
        "coordinates": [
          -4.6379303,
          51.8286394
        ]
      },
      "properties": {
        "osm_type": "way",
        "osm_id": 295090759,
        "name": "Caeremlyn",
        "capacity_mw": 18.0,
        "power": "plant",
        "plant_source": "solar"
      }
    },
    {
      "type": "Feature",
      "geometry": {
        "type": "Point",
        "coordinates": [
          -4.7833366,
          50.5391523
        ]
      },
      "properties": {
        "osm_type": "way",
        "osm_id": 299924515,
        "name": "Benbole Solar Farm",
        "capacity_mw": 2.0,
        "power": "plant",
        "plant_source": "solar"
      }
    },
    {
      "type": "Feature",
      "geometry": {
        "type": "Point",
        "coordinates": [
          -1.4260664,
          51.793488
        ]
      },
      "properties": {
        "osm_type": "way",
        "osm_id": 303691102,
        "name": "Salutation Farmhouse Solar Farm",
        "operator": "Solar Century",
        "capacity_mw": 13.4,
        "power": "plant",
        "plant_source": "solar"
      }
    },
    {
      "type": "Feature",
      "geometry": {
        "type": "Point",
        "coordinates": [
          -2.0270583,
          52.1144879
        ]
      },
      "properties": {
        "osm_type": "way",
        "osm_id": 304429763,
        "power": "plant",
        "plant_source": "solar"
      }
    },
    {
      "type": "Feature",
      "geometry": {
        "type": "Point",
        "coordinates": [
          -0.9344515,
          53.635671
        ]
      },
      "properties": {
        "osm_type": "way",
        "osm_id": 305438025,
        "name": "Thorne Farm",
        "capacity_mw": 5.0,
        "power": "plant",
        "plant_source": "solar"
      }
    },
    {
      "type": "Feature",
      "geometry": {
        "type": "Point",
        "coordinates": [
          -4.0328447,
          51.7639168
        ]
      },
      "properties": {
        "osm_type": "way",
        "osm_id": 310685599,
        "name": "Clawdd Ddu Solar Farm",
        "capacity_mw": 13.5,
        "power": "plant",
        "plant_source": "solar"
      }
    },
    {
      "type": "Feature",
      "geometry": {
        "type": "Point",
        "coordinates": [
          -4.017335,
          51.7964937
        ]
      },
      "properties": {
        "osm_type": "way",
        "osm_id": 311956818,
        "name": "Saron Road Solar Park",
        "capacity_mw": 6.7,
        "power": "plant",
        "plant_source": "solar"
      }
    },
    {
      "type": "Feature",
      "geometry": {
        "type": "Point",
        "coordinates": [
          1.0924729,
          51.8272336
        ]
      },
      "properties": {
        "osm_type": "way",
        "osm_id": 314886516,
        "name": "Chisbon Solar Farm",
        "operator": "ESCO NRG",
        "capacity_mw": 13.0,
        "power": "plant",
        "plant_source": "solar"
      }
    },
    {
      "type": "Feature",
      "geometry": {
        "type": "Point",
        "coordinates": [
          -3.7542133,
          50.3886573
        ]
      },
      "properties": {
        "osm_type": "way",
        "osm_id": 315825797,
        "name": "Coombeshead Solar Farm",
        "operator": "AEE Renewables",
        "capacity_mw": 8.0,
        "power": "plant",
        "plant_source": "solar"
      }
    },
    {
      "type": "Feature",
      "geometry": {
        "type": "Point",
        "coordinates": [
          -1.3732337,
          51.6439598
        ]
      },
      "properties": {
        "osm_type": "way",
        "osm_id": 318018233,
        "name": "Landmead Solar Farm",
        "operator": "First Solar/Belectric",
        "capacity_mw": 46.0,
        "power": "plant",
        "plant_source": "solar"
      }
    },
    {
      "type": "Feature",
      "geometry": {
        "type": "Point",
        "coordinates": [
          -5.0443187,
          51.7188735
        ]
      },
      "properties": {
        "osm_type": "way",
        "osm_id": 318933801,
        "name": "Liddeston Ridge Solar Park",
        "capacity_mw": 5.0,
        "power": "plant",
        "plant_source": "solar"
      }
    },
    {
      "type": "Feature",
      "geometry": {
        "type": "Point",
        "coordinates": [
          -2.9340773,
          50.84109
        ]
      },
      "properties": {
        "osm_type": "way",
        "osm_id": 319385727,
        "name": "Marshwood Farm",
        "operator": "KWTN Solar",
        "capacity_mw": 1.8,
        "power": "plant",
        "plant_source": "solar"
      }
    },
    {
      "type": "Feature",
      "geometry": {
        "type": "Point",
        "coordinates": [
          -0.8113881,
          52.1542372
        ]
      },
      "properties": {
        "osm_type": "way",
        "osm_id": 320001184,
        "name": "Bull's Head Farm Solar Farm",
        "capacity_mw": 4.7,
        "power": "plant",
        "plant_source": "solar"
      }
    },
    {
      "type": "Feature",
      "geometry": {
        "type": "Point",
        "coordinates": [
          -0.4589661,
          53.1847525
        ]
      },
      "properties": {
        "osm_type": "way",
        "osm_id": 322912016,
        "power": "plant",
        "plant_source": "solar"
      }
    },
    {
      "type": "Feature",
      "geometry": {
        "type": "Point",
        "coordinates": [
          -0.4723232,
          53.1763796
        ]
      },
      "properties": {
        "osm_type": "way",
        "osm_id": 322912025,
        "power": "plant",
        "plant_source": "solar"
      }
    },
    {
      "type": "Feature",
      "geometry": {
        "type": "Point",
        "coordinates": [
          -0.4649145,
          53.1871017
        ]
      },
      "properties": {
        "osm_type": "way",
        "osm_id": 322912805,
        "power": "plant",
        "plant_source": "solar"
      }
    },
    {
      "type": "Feature",
      "geometry": {
        "type": "Point",
        "coordinates": [
          -0.463805,
          53.1786753
        ]
      },
      "properties": {
        "osm_type": "way",
        "osm_id": 322912806,
        "name": "Branston South Solar Farm",
        "capacity_mw": 18.9,
        "power": "plant",
        "plant_source": "solar"
      }
    },
    {
      "type": "Feature",
      "geometry": {
        "type": "Point",
        "coordinates": [
          -0.4660357,
          53.1834859
        ]
      },
      "properties": {
        "osm_type": "way",
        "osm_id": 322912808,
        "power": "plant",
        "plant_source": "solar"
      }
    },
    {
      "type": "Feature",
      "geometry": {
        "type": "Point",
        "coordinates": [
          -0.4613057,
          53.1822953
        ]
      },
      "properties": {
        "osm_type": "way",
        "osm_id": 322912809,
        "power": "plant",
        "plant_source": "solar"
      }
    },
    {
      "type": "Feature",
      "geometry": {
        "type": "Point",
        "coordinates": [
          -0.9999444,
          53.3123171
        ]
      },
      "properties": {
        "osm_type": "way",
        "osm_id": 327178849,
        "name": "Walkers Wood Solar Farm",
        "capacity_mw": 27.0,
        "power": "plant",
        "plant_source": "solar"
      }
    },
    {
      "type": "Feature",
      "geometry": {
        "type": "Point",
        "coordinates": [
          -1.2929065,
          51.8063669
        ]
      },
      "properties": {
        "osm_type": "way",
        "osm_id": 330248031,
        "name": "The Flit",
        "operator": "United Photovoltaics",
        "capacity_mw": 10.5,
        "power": "plant",
        "plant_source": "solar"
      }
    },
    {
      "type": "Feature",
      "geometry": {
        "type": "Point",
        "coordinates": [
          -3.0792953,
          55.881199
        ]
      },
      "properties": {
        "osm_type": "way",
        "osm_id": 332733080,
        "name": "Solar Meadow",
        "operator": "Edinburgh College",
        "power": "plant",
        "plant_source": "solar"
      }
    },
    {
      "type": "Feature",
      "geometry": {
        "type": "Point",
        "coordinates": [
          -2.3623869,
          51.7383993
        ]
      },
      "properties": {
        "osm_type": "way",
        "osm_id": 333916883,
        "name": "Hillhouse Solar Farm",
        "operator": "Lightsource BP",
        "capacity_mw": 28.3,
        "power": "plant",
        "plant_source": "solar"
      }
    },
    {
      "type": "Feature",
      "geometry": {
        "type": "Point",
        "coordinates": [
          -1.0796334,
          52.9900172
        ]
      },
      "properties": {
        "osm_type": "way",
        "osm_id": 334210044,
        "name": "Gedling Solar Farm",
        "operator": "Foresight",
        "capacity_mw": 5.7,
        "power": "plant",
        "plant_source": "solar"
      }
    },
    {
      "type": "Feature",
      "geometry": {
        "type": "Point",
        "coordinates": [
          0.0619741,
          52.7491472
        ]
      },
      "properties": {
        "osm_type": "way",
        "osm_id": 335989791,
        "name": "Grange Farm Solar Park",
        "capacity_mw": 12.7,
        "power": "plant",
        "plant_source": "solar"
      }
    },
    {
      "type": "Feature",
      "geometry": {
        "type": "Point",
        "coordinates": [
          -1.5586315,
          52.6133776
        ]
      },
      "properties": {
        "osm_type": "way",
        "osm_id": 336785980,
        "name": "Atherstone Solar Farm",
        "operator": "Belectric UK",
        "capacity_mw": 14.7,
        "power": "plant",
        "plant_source": "solar"
      }
    },
    {
      "type": "Feature",
      "geometry": {
        "type": "Point",
        "coordinates": [
          -0.8091576,
          53.033404
        ]
      },
      "properties": {
        "osm_type": "way",
        "osm_id": 339183787,
        "name": "Grange Solar Farm",
        "operator": "Lark Energy",
        "capacity_mw": 4.6,
        "power": "plant",
        "plant_source": "solar"
      }
    },
    {
      "type": "Feature",
      "geometry": {
        "type": "Point",
        "coordinates": [
          -1.4584776,
          50.8942459
        ]
      },
      "properties": {
        "osm_type": "way",
        "osm_id": 344756950,
        "name": "Tavells Lane Solar Farm",
        "capacity_mw": 5.3,
        "power": "plant",
        "plant_source": "solar"
      }
    },
    {
      "type": "Feature",
      "geometry": {
        "type": "Point",
        "coordinates": [
          -3.7792443,
          50.4199456
        ]
      },
      "properties": {
        "osm_type": "way",
        "osm_id": 347754837,
        "name": "Blue Post Solar Farm",
        "capacity_mw": 5.2,
        "power": "plant",
        "plant_source": "solar"
      }
    },
    {
      "type": "Feature",
      "geometry": {
        "type": "Point",
        "coordinates": [
          -1.0908899,
          53.2314368
        ]
      },
      "properties": {
        "osm_type": "way",
        "osm_id": 349329544,
        "name": "Netherfield Lane",
        "operator": "Lightsource Renewable Energy",
        "capacity_mw": 19.7,
        "power": "plant",
        "plant_source": "solar"
      }
    },
    {
      "type": "Feature",
      "geometry": {
        "type": "Point",
        "coordinates": [
          -0.577493,
          53.5602694
        ]
      },
      "properties": {
        "osm_type": "way",
        "osm_id": 352173386,
        "name": "Raventhorpe Solar Farm",
        "capacity_mw": 38.0,
        "power": "plant",
        "plant_source": "solar"
      }
    },
    {
      "type": "Feature",
      "geometry": {
        "type": "Point",
        "coordinates": [
          -0.9197966,
          53.3024825
        ]
      },
      "properties": {
        "osm_type": "way",
        "osm_id": 361488693,
        "name": "Walmoor Farm solar park",
        "operator": "Green Switch Solutions",
        "capacity_mw": 4.0,
        "power": "plant",
        "plant_source": "solar"
      }
    },
    {
      "type": "Feature",
      "geometry": {
        "type": "Point",
        "coordinates": [
          -3.0661721,
          53.5338563
        ]
      },
      "properties": {
        "osm_type": "way",
        "osm_id": 361491953,
        "name": "Altcar Solar Farm",
        "capacity_mw": 1.5,
        "power": "plant",
        "plant_source": "solar"
      }
    },
    {
      "type": "Feature",
      "geometry": {
        "type": "Point",
        "coordinates": [
          -3.7609617,
          56.0204
        ]
      },
      "properties": {
        "osm_type": "way",
        "osm_id": 369214100,
        "power": "plant",
        "plant_source": "solar"
      }
    },
    {
      "type": "Feature",
      "geometry": {
        "type": "Point",
        "coordinates": [
          -2.0930013,
          53.4516767
        ]
      },
      "properties": {
        "osm_type": "way",
        "osm_id": 369464617,
        "power": "plant",
        "plant_source": "solar"
      }
    },
    {
      "type": "Feature",
      "geometry": {
        "type": "Point",
        "coordinates": [
          -3.1656815,
          51.0320698
        ]
      },
      "properties": {
        "osm_type": "way",
        "osm_id": 370586332,
        "name": "Montys Farm Solar Farm",
        "operator": "Solar Ventures UK Limited",
        "capacity_mw": 5.0,
        "power": "plant",
        "plant_source": "solar"
      }
    },
    {
      "type": "Feature",
      "geometry": {
        "type": "Point",
        "coordinates": [
          -4.0893046,
          51.6672225
        ]
      },
      "properties": {
        "osm_type": "way",
        "osm_id": 371509334,
        "name": "Dura Park Bynea Industrial Site",
        "operator": "Short Bros Homes",
        "capacity_mw": 1.4,
        "power": "plant",
        "plant_source": "solar"
      }
    },
    {
      "type": "Feature",
      "geometry": {
        "type": "Point",
        "coordinates": [
          -3.9388909,
          51.6958209
        ]
      },
      "properties": {
        "osm_type": "way",
        "osm_id": 374098131,
        "name": "Cefn Betingau",
        "operator": "Wessex Solar Energy",
        "capacity_mw": 9.0,
        "power": "plant",
        "plant_source": "solar"
      }
    },
    {
      "type": "Feature",
      "geometry": {
        "type": "Point",
        "coordinates": [
          -3.3980557,
          50.8241468
        ]
      },
      "properties": {
        "osm_type": "way",
        "osm_id": 374133264,
        "name": "Garlandhayes Farm Solar Park",
        "operator": "Hive Energy",
        "capacity_mw": 5.0,
        "power": "plant",
        "plant_source": "solar"
      }
    },
    {
      "type": "Feature",
      "geometry": {
        "type": "Point",
        "coordinates": [
          -4.9478836,
          51.6431531
        ]
      },
      "properties": {
        "osm_type": "way",
        "osm_id": 374197421,
        "name": "Chapel Hill Solar Farm",
        "operator": "Wessex Solar Energy",
        "capacity_mw": 8.0,
        "power": "plant",
        "plant_source": "solar"
      }
    },
    {
      "type": "Feature",
      "geometry": {
        "type": "Point",
        "coordinates": [
          -4.1822506,
          51.7097574
        ]
      },
      "properties": {
        "osm_type": "way",
        "osm_id": 374197823,
        "name": "Brynteg Farm Solar Park",
        "operator": "Lightsource BP",
        "power": "plant",
        "plant_source": "solar"
      }
    },
    {
      "type": "Feature",
      "geometry": {
        "type": "Point",
        "coordinates": [
          -4.124332,
          51.7567008
        ]
      },
      "properties": {
        "osm_type": "way",
        "osm_id": 374198124,
        "name": "Pentre Farm Solar",
        "operator": "Kinetica Solar",
        "capacity_mw": 5.5,
        "power": "plant",
        "plant_source": "solar"
      }
    },
    {
      "type": "Feature",
      "geometry": {
        "type": "Point",
        "coordinates": [
          -0.9947404,
          53.3049523
        ]
      },
      "properties": {
        "osm_type": "way",
        "osm_id": 376597488,
        "name": "Little Morton Solar Farm",
        "capacity_mw": 14.3,
        "power": "plant",
        "plant_source": "solar"
      }
    },
    {
      "type": "Feature",
      "geometry": {
        "type": "Point",
        "coordinates": [
          -0.3195614,
          52.7736816
        ]
      },
      "properties": {
        "osm_type": "way",
        "osm_id": 377215316,
        "name": "Limes Farm Solar Farm",
        "operator": "Lark Energy",
        "power": "plant",
        "plant_source": "solar"
      }
    },
    {
      "type": "Feature",
      "geometry": {
        "type": "Point",
        "coordinates": [
          -1.3949685,
          53.1504442
        ]
      },
      "properties": {
        "osm_type": "way",
        "osm_id": 383553613,
        "name": "Averhill Farm",
        "operator": "Lightsource BP",
        "capacity_mw": 5.0,
        "power": "plant",
        "plant_source": "solar"
      }
    },
    {
      "type": "Feature",
      "geometry": {
        "type": "Point",
        "coordinates": [
          -3.3946699,
          50.8989296
        ]
      },
      "properties": {
        "osm_type": "way",
        "osm_id": 384508265,
        "name": "Nether Mill Solar Farm",
        "operator": "Armstrong Energy",
        "capacity_mw": 3.8,
        "power": "plant",
        "plant_source": "solar"
      }
    },
    {
      "type": "Feature",
      "geometry": {
        "type": "Point",
        "coordinates": [
          -1.3890394,
          53.1563628
        ]
      },
      "properties": {
        "osm_type": "way",
        "osm_id": 385564677,
        "name": "Padleywood Farm",
        "operator": "OST Energy",
        "capacity_mw": 5.0,
        "power": "plant",
        "plant_source": "solar"
      }
    },
    {
      "type": "Feature",
      "geometry": {
        "type": "Point",
        "coordinates": [
          -1.2432243,
          53.7011661
        ]
      },
      "properties": {
        "osm_type": "way",
        "osm_id": 386094234,
        "name": "Knottingley A",
        "operator": "Envantage Renewables",
        "capacity_mw": 7.4,
        "power": "plant",
        "plant_source": "solar"
      }
    },
    {
      "type": "Feature",
      "geometry": {
        "type": "Point",
        "coordinates": [
          1.154846,
          51.9156744
        ]
      },
      "properties": {
        "osm_type": "way",
        "osm_id": 386370289,
        "name": "Green Farm",
        "operator": "Hive Energy",
        "capacity_mw": 5.0,
        "power": "plant",
        "plant_source": "solar"
      }
    },
    {
      "type": "Feature",
      "geometry": {
        "type": "Point",
        "coordinates": [
          1.1293456,
          51.9307388
        ]
      },
      "properties": {
        "osm_type": "way",
        "osm_id": 386371700,
        "name": "Barn Farm",
        "operator": "Lightsource Renewable Energy",
        "capacity_mw": 4.2,
        "power": "plant",
        "plant_source": "solar"
      }
    },
    {
      "type": "Feature",
      "geometry": {
        "type": "Point",
        "coordinates": [
          -1.5546589,
          50.7398685
        ]
      },
      "properties": {
        "osm_type": "way",
        "osm_id": 388655577,
        "name": "West Solent Solar",
        "capacity_mw": 2.389,
        "power": "plant",
        "plant_source": "solar"
      }
    },
    {
      "type": "Feature",
      "geometry": {
        "type": "Point",
        "coordinates": [
          -1.7434229,
          52.8810376
        ]
      },
      "properties": {
        "osm_type": "way",
        "osm_id": 388896101,
        "name": "Sudbury Solar Farm",
        "capacity_mw": 20.0,
        "power": "plant",
        "plant_source": "solar"
      }
    },
    {
      "type": "Feature",
      "geometry": {
        "type": "Point",
        "coordinates": [
          -0.342732,
          50.9452882
        ]
      },
      "properties": {
        "osm_type": "way",
        "osm_id": 390156313,
        "name": "Priors Byne Solar Farm",
        "operator": "Hadstone Energy Limited",
        "capacity_mw": 7.5,
        "power": "plant",
        "plant_source": "solar"
      }
    },
    {
      "type": "Feature",
      "geometry": {
        "type": "Point",
        "coordinates": [
          -0.6489883,
          51.848875
        ]
      },
      "properties": {
        "osm_type": "way",
        "osm_id": 393069288,
        "name": "Great Seabrook Farm",
        "operator": "Conergy",
        "capacity_mw": 5.0,
        "power": "plant",
        "plant_source": "solar"
      }
    },
    {
      "type": "Feature",
      "geometry": {
        "type": "Point",
        "coordinates": [
          -3.1976097,
          51.0605772
        ]
      },
      "properties": {
        "osm_type": "way",
        "osm_id": 395235113,
        "name": "Sandhill Solar Farm",
        "operator": "Solar Power South",
        "capacity_mw": 2.0,
        "power": "plant",
        "plant_source": "solar"
      }
    },
    {
      "type": "Feature",
      "geometry": {
        "type": "Point",
        "coordinates": [
          -4.9494556,
          50.493207
        ]
      },
      "properties": {
        "osm_type": "way",
        "osm_id": 396236107,
        "name": "Trenouth Farm",
        "operator": "Low Carbon Solar",
        "capacity_mw": 3.6,
        "power": "plant",
        "plant_source": "solar"
      }
    },
    {
      "type": "Feature",
      "geometry": {
        "type": "Point",
        "coordinates": [
          -1.8056622,
          52.9035925
        ]
      },
      "properties": {
        "osm_type": "way",
        "osm_id": 400674335,
        "name": "Somersal Mill Farm Solar Park",
        "capacity_mw": 2.6,
        "power": "plant",
        "plant_source": "solar"
      }
    },
    {
      "type": "Feature",
      "geometry": {
        "type": "Point",
        "coordinates": [
          -2.9128999,
          51.6001672
        ]
      },
      "properties": {
        "osm_type": "way",
        "osm_id": 400809447,
        "name": "Langstone Court Road Solar Farm",
        "capacity_mw": 2.5,
        "power": "plant",
        "plant_source": "solar"
      }
    },
    {
      "type": "Feature",
      "geometry": {
        "type": "Point",
        "coordinates": [
          -1.5921,
          54.6080972
        ]
      },
      "properties": {
        "osm_type": "way",
        "osm_id": 400995834,
        "name": "Field at School Aycliffe Lane",
        "operator": "Lightsource Renewable Energy",
        "capacity_mw": 5.0,
        "power": "plant",
        "plant_source": "solar"
      }
    },
    {
      "type": "Feature",
      "geometry": {
        "type": "Point",
        "coordinates": [
          0.718398,
          51.8253068
        ]
      },
      "properties": {
        "osm_type": "way",
        "osm_id": 401085185,
        "name": "Highfields Solar Farm",
        "capacity_mw": 15.0,
        "power": "plant",
        "plant_source": "solar"
      }
    },
    {
      "type": "Feature",
      "geometry": {
        "type": "Point",
        "coordinates": [
          1.0866684,
          51.3568883
        ]
      },
      "properties": {
        "osm_type": "way",
        "osm_id": 401106667,
        "name": "Molehill Solar Farm",
        "capacity_mw": 14.96,
        "power": "plant",
        "plant_source": "solar"
      }
    },
    {
      "type": "Feature",
      "geometry": {
        "type": "Point",
        "coordinates": [
          -0.2534424,
          52.0400357
        ]
      },
      "properties": {
        "osm_type": "way",
        "osm_id": 401420606,
        "name": "Langford Solar Farm",
        "operator": "Lark Energy",
        "capacity_mw": 13.0,
        "power": "plant",
        "plant_source": "solar"
      }
    },
    {
      "type": "Feature",
      "geometry": {
        "type": "Point",
        "coordinates": [
          -0.8943242,
          52.0397253
        ]
      },
      "properties": {
        "osm_type": "way",
        "osm_id": 405358284,
        "name": "Mount Mill Solar Power Station",
        "capacity_mw": 12.0,
        "power": "plant",
        "plant_source": "solar"
      }
    },
    {
      "type": "Feature",
      "geometry": {
        "type": "Point",
        "coordinates": [
          -2.2184698,
          51.4098456
        ]
      },
      "properties": {
        "osm_type": "way",
        "osm_id": 405994012,
        "name": "Wadswick Solar Farm",
        "capacity_mw": 6.3,
        "power": "plant",
        "plant_source": "solar"
      }
    },
    {
      "type": "Feature",
      "geometry": {
        "type": "Point",
        "coordinates": [
          -1.4604351,
          51.1962449
        ]
      },
      "properties": {
        "osm_type": "way",
        "osm_id": 405995239,
        "name": "Cowdown Lane Solar Farm",
        "capacity_mw": 40.0,
        "power": "plant",
        "plant_source": "solar"
      }
    },
    {
      "type": "Feature",
      "geometry": {
        "type": "Point",
        "coordinates": [
          -2.1808799,
          52.9536562
        ]
      },
      "properties": {
        "osm_type": "way",
        "osm_id": 406741238,
        "operator": "Severn Trent Water",
        "power": "plant",
        "plant_source": "solar"
      }
    },
    {
      "type": "Feature",
      "geometry": {
        "type": "Point",
        "coordinates": [
          1.0666157,
          52.535269
        ]
      },
      "properties": {
        "osm_type": "way",
        "osm_id": 409723297,
        "name": "Rookery Business Park Solar Power Station",
        "operator": "Solar Century/ Bluefield Solar",
        "capacity_mw": 5.0,
        "power": "plant",
        "plant_source": "solar"
      }
    },
    {
      "type": "Feature",
      "geometry": {
        "type": "Point",
        "coordinates": [
          -1.0125505,
          53.1557718
        ]
      },
      "properties": {
        "osm_type": "way",
        "osm_id": 410930645,
        "name": "Eakring Solar Farm",
        "operator": "Lightsource BP",
        "capacity_mw": 11.9,
        "power": "plant",
        "plant_source": "solar",
        "generator_source": "solar"
      }
    },
    {
      "type": "Feature",
      "geometry": {
        "type": "Point",
        "coordinates": [
          -1.0503273,
          52.9266551
        ]
      },
      "properties": {
        "osm_type": "way",
        "osm_id": 411094996,
        "name": "Stragglethorpe Road farm",
        "operator": "Lightsource BP",
        "capacity_mw": 5.0,
        "power": "plant",
        "plant_source": "solar"
      }
    },
    {
      "type": "Feature",
      "geometry": {
        "type": "Point",
        "coordinates": [
          -1.0487147,
          52.9184058
        ]
      },
      "properties": {
        "osm_type": "way",
        "osm_id": 411095115,
        "name": "Blackberry Solar Farm South",
        "capacity_mw": 4.9,
        "power": "plant",
        "plant_source": "solar"
      }
    },
    {
      "type": "Feature",
      "geometry": {
        "type": "Point",
        "coordinates": [
          -2.7033435,
          56.6350584
        ]
      },
      "properties": {
        "osm_type": "way",
        "osm_id": 411535844,
        "name": "Pressock Solar Farm",
        "capacity_mw": 5.0,
        "power": "plant",
        "plant_source": "solar"
      }
    },
    {
      "type": "Feature",
      "geometry": {
        "type": "Point",
        "coordinates": [
          -1.1622073,
          51.6573449
        ]
      },
      "properties": {
        "osm_type": "way",
        "osm_id": 411802369,
        "name": "Wally Corner Landfill Site",
        "operator": "SBC Renewables",
        "capacity_mw": 7.0,
        "power": "plant",
        "plant_source": "solar"
      }
    },
    {
      "type": "Feature",
      "geometry": {
        "type": "Point",
        "coordinates": [
          -3.4582527,
          50.8623625
        ]
      },
      "properties": {
        "osm_type": "way",
        "osm_id": 415312993,
        "power": "plant",
        "plant_source": "solar"
      }
    },
    {
      "type": "Feature",
      "geometry": {
        "type": "Point",
        "coordinates": [
          -1.3719812,
          53.2070418
        ]
      },
      "properties": {
        "osm_type": "way",
        "osm_id": 416411632,
        "capacity_mw": 4.9,
        "power": "plant",
        "plant_source": "solar"
      }
    },
    {
      "type": "Feature",
      "geometry": {
        "type": "Point",
        "coordinates": [
          -1.8325554,
          52.8781017
        ]
      },
      "properties": {
        "osm_type": "way",
        "osm_id": 416578288,
        "name": "Marchington Solar Farm",
        "operator": "Trina Solar",
        "capacity_mw": 4.3,
        "power": "plant",
        "plant_source": "solar"
      }
    },
    {
      "type": "Feature",
      "geometry": {
        "type": "Point",
        "coordinates": [
          1.024801,
          51.9314206
        ]
      },
      "properties": {
        "osm_type": "way",
        "osm_id": 416888012,
        "power": "plant",
        "plant_source": "solar"
      }
    },
    {
      "type": "Feature",
      "geometry": {
        "type": "Point",
        "coordinates": [
          -2.088349,
          51.4973832
        ]
      },
      "properties": {
        "osm_type": "way",
        "osm_id": 420134785,
        "name": "Lake Farm",
        "operator": "AEE Renewables",
        "power": "plant",
        "plant_source": "solar"
      }
    },
    {
      "type": "Feature",
      "geometry": {
        "type": "Point",
        "coordinates": [
          -1.8723333,
          51.5499688
        ]
      },
      "properties": {
        "osm_type": "way",
        "osm_id": 420134786,
        "name": "Rook Wood Solar Farm",
        "operator": "Good Energy",
        "capacity_mw": 5.0,
        "power": "plant",
        "plant_source": "solar"
      }
    },
    {
      "type": "Feature",
      "geometry": {
        "type": "Point",
        "coordinates": [
          -2.0529104,
          51.3480489
        ]
      },
      "properties": {
        "osm_type": "way",
        "osm_id": 421373975,
        "name": "Lodge Farm",
        "capacity_mw": 14.5,
        "power": "plant",
        "plant_source": "solar"
      }
    },
    {
      "type": "Feature",
      "geometry": {
        "type": "Point",
        "coordinates": [
          -1.3708126,
          53.2271236
        ]
      },
      "properties": {
        "osm_type": "way",
        "osm_id": 421833899,
        "capacity_mw": 5.0,
        "power": "plant",
        "plant_source": "solar"
      }
    },
    {
      "type": "Feature",
      "geometry": {
        "type": "Point",
        "coordinates": [
          -2.5984189,
          56.6150514
        ]
      },
      "properties": {
        "osm_type": "way",
        "osm_id": 423236022,
        "name": "Kinblethmont Solar Park",
        "capacity_mw": 5.0,
        "power": "plant",
        "plant_source": "solar"
      }
    },
    {
      "type": "Feature",
      "geometry": {
        "type": "Point",
        "coordinates": [
          -1.295658,
          53.1077845
        ]
      },
      "properties": {
        "osm_type": "way",
        "osm_id": 425431811,
        "name": "Crow Solar Farm",
        "capacity_mw": 4.7,
        "power": "plant",
        "plant_source": "solar"
      }
    },
    {
      "type": "Feature",
      "geometry": {
        "type": "Point",
        "coordinates": [
          -3.5262364,
          53.2854222
        ]
      },
      "properties": {
        "osm_type": "way",
        "osm_id": 436389233,
        "name": "Kinmel 1 & 2",
        "operator": "Haymaker Energy",
        "capacity_mw": 10.0,
        "power": "plant",
        "plant_source": "solar"
      }
    },
    {
      "type": "Feature",
      "geometry": {
        "type": "Point",
        "coordinates": [
          -1.3971377,
          53.1548023
        ]
      },
      "properties": {
        "osm_type": "way",
        "osm_id": 443043890,
        "capacity_mw": 5.0,
        "power": "plant",
        "plant_source": "solar"
      }
    },
    {
      "type": "Feature",
      "geometry": {
        "type": "Point",
        "coordinates": [
          -0.5642046,
          52.4037958
        ]
      },
      "properties": {
        "osm_type": "way",
        "osm_id": 443953029,
        "name": "Colpmans Farm",
        "operator": "Greencoat Capital",
        "capacity_mw": 5.0,
        "power": "plant",
        "plant_source": "solar"
      }
    },
    {
      "type": "Feature",
      "geometry": {
        "type": "Point",
        "coordinates": [
          -3.4067755,
          50.7646568
        ]
      },
      "properties": {
        "osm_type": "way",
        "osm_id": 451500586,
        "name": "Saundercroft Solar Park",
        "operator": "NextEnergy Solar Fund Ltd.",
        "capacity_mw": 7.0,
        "power": "plant",
        "plant_source": "solar"
      }
    },
    {
      "type": "Feature",
      "geometry": {
        "type": "Point",
        "coordinates": [
          -1.8028887,
          51.5036201
        ]
      },
      "properties": {
        "osm_type": "way",
        "osm_id": 455150879,
        "name": "Wroughton Airfield Solar Park",
        "power": "plant",
        "plant_source": "solar"
      }
    },
    {
      "type": "Feature",
      "geometry": {
        "type": "Point",
        "coordinates": [
          0.2843798,
          52.2701271
        ]
      },
      "properties": {
        "osm_type": "way",
        "osm_id": 462843337,
        "name": "Reach Solar Farm",
        "operator": "Reach Community Solar Farm Ltd",
        "capacity_mw": 0.25,
        "power": "plant",
        "plant_source": "solar"
      }
    },
    {
      "type": "Feature",
      "geometry": {
        "type": "Point",
        "coordinates": [
          1.3662051,
          52.1373871
        ]
      },
      "properties": {
        "osm_type": "way",
        "osm_id": 463066063,
        "name": "Lower Ufford Lane Solar Power Station",
        "operator": "William Notcutt Estates",
        "capacity_mw": 1.1,
        "power": "plant",
        "plant_source": "solar"
      }
    },
    {
      "type": "Feature",
      "geometry": {
        "type": "Point",
        "coordinates": [
          -1.4780264,
          50.9628989
        ]
      },
      "properties": {
        "osm_type": "way",
        "osm_id": 470613666,
        "name": "Grove Solar Park",
        "operator": "Solar Century",
        "capacity_mw": 16.0,
        "power": "plant",
        "plant_source": "solar"
      }
    },
    {
      "type": "Feature",
      "geometry": {
        "type": "Point",
        "coordinates": [
          -1.3605099,
          52.799763
        ]
      },
      "properties": {
        "osm_type": "way",
        "osm_id": 474022952,
        "name": "Langley Priory, Walnut Yard (Phase 2)",
        "operator": "Lark Energy",
        "capacity_mw": 8.0,
        "power": "plant",
        "plant_source": "solar"
      }
    },
    {
      "type": "Feature",
      "geometry": {
        "type": "Point",
        "coordinates": [
          1.3948558,
          52.8024569
        ]
      },
      "properties": {
        "osm_type": "way",
        "osm_id": 474390249,
        "name": "Carlton Farm",
        "capacity_mw": 5.0,
        "power": "plant",
        "plant_source": "solar"
      }
    },
    {
      "type": "Feature",
      "geometry": {
        "type": "Point",
        "coordinates": [
          0.288459,
          51.5573953
        ]
      },
      "properties": {
        "osm_type": "way",
        "osm_id": 474494452,
        "name": "Cranham Golf Course Solar Park",
        "operator": "Cranham Golf Course",
        "capacity_mw": 2.6,
        "power": "plant",
        "plant_source": "solar"
      }
    },
    {
      "type": "Feature",
      "geometry": {
        "type": "Point",
        "coordinates": [
          -1.0131347,
          51.4188455
        ]
      },
      "properties": {
        "osm_type": "way",
        "osm_id": 475613744,
        "name": "Pingewood Road South Solar Farm",
        "capacity_mw": 15.8,
        "power": "plant",
        "plant_source": "solar"
      }
    },
    {
      "type": "Feature",
      "geometry": {
        "type": "Point",
        "coordinates": [
          -1.141463,
          53.2230759
        ]
      },
      "properties": {
        "osm_type": "way",
        "osm_id": 476763383,
        "name": "Welbeck",
        "operator": "Foresight",
        "capacity_mw": 11.3,
        "power": "plant",
        "plant_source": "solar"
      }
    },
    {
      "type": "Feature",
      "geometry": {
        "type": "Point",
        "coordinates": [
          -1.2361877,
          50.6579005
        ]
      },
      "properties": {
        "osm_type": "way",
        "osm_id": 478496282,
        "name": "Fieldscale",
        "capacity_mw": 10.6,
        "power": "plant",
        "plant_source": "solar"
      }
    },
    {
      "type": "Feature",
      "geometry": {
        "type": "Point",
        "coordinates": [
          -2.0942185,
          52.5917932
        ]
      },
      "properties": {
        "osm_type": "way",
        "osm_id": 480687055,
        "name": "Blowmans Harbour Solar Farm",
        "power": "plant",
        "plant_source": "solar"
      }
    },
    {
      "type": "Feature",
      "geometry": {
        "type": "Point",
        "coordinates": [
          -3.3860556,
          50.8806299
        ]
      },
      "properties": {
        "osm_type": "way",
        "osm_id": 480925228,
        "name": "Stoneshill Solar Farm",
        "operator": "Green Energy International",
        "capacity_mw": 5.0,
        "power": "plant",
        "plant_source": "solar"
      }
    },
    {
      "type": "Feature",
      "geometry": {
        "type": "Point",
        "coordinates": [
          -6.5027658,
          54.9634545
        ]
      },
      "properties": {
        "osm_type": "way",
        "osm_id": 485027251,
        "name": "Bann Road Solar Farm",
        "operator": "Elgin Energy",
        "capacity_mw": 46.0,
        "power": "plant",
        "plant_source": "solar"
      }
    },
    {
      "type": "Feature",
      "geometry": {
        "type": "Point",
        "coordinates": [
          -3.9891851,
          51.6986249
        ]
      },
      "properties": {
        "osm_type": "way",
        "osm_id": 486974638,
        "name": "Gelliwern Isaf Farm",
        "capacity_mw": 6.0,
        "power": "plant",
        "plant_source": "solar"
      }
    },
    {
      "type": "Feature",
      "geometry": {
        "type": "Point",
        "coordinates": [
          -2.6348025,
          51.0715724
        ]
      },
      "properties": {
        "osm_type": "way",
        "osm_id": 490933376,
        "name": "Manor Farm (Keinton Mandeville)",
        "operator": "Private Developer",
        "capacity_mw": 1.0,
        "power": "plant",
        "plant_source": "solar"
      }
    },
    {
      "type": "Feature",
      "geometry": {
        "type": "Point",
        "coordinates": [
          1.3677461,
          51.3519984
        ]
      },
      "properties": {
        "osm_type": "way",
        "osm_id": 492866466,
        "name": "Manston Solar Farm",
        "operator": "Lightsource BP",
        "capacity_mw": 9.9,
        "power": "plant",
        "plant_source": "solar"
      }
    },
    {
      "type": "Feature",
      "geometry": {
        "type": "Point",
        "coordinates": [
          -1.3182548,
          53.1175427
        ]
      },
      "properties": {
        "osm_type": "way",
        "osm_id": 494519262,
        "name": "Twin Yards Solar Farm",
        "operator": "Global Renewable Construction",
        "capacity_mw": 5.0,
        "power": "plant",
        "plant_source": "solar"
      }
    },
    {
      "type": "Feature",
      "geometry": {
        "type": "Point",
        "coordinates": [
          -4.1918454,
          50.4186348
        ]
      },
      "properties": {
        "osm_type": "way",
        "osm_id": 494633928,
        "name": "Ernesettle Solar Farm",
        "capacity_mw": 4.1,
        "power": "plant",
        "plant_source": "solar"
      }
    },
    {
      "type": "Feature",
      "geometry": {
        "type": "Point",
        "coordinates": [
          0.4235034,
          50.8660445
        ]
      },
      "properties": {
        "osm_type": "way",
        "osm_id": 495033112,
        "name": "Pashley Solar Farm",
        "operator": "IB Vogt",
        "capacity_mw": 11.6,
        "power": "plant",
        "plant_source": "solar"
      }
    },
    {
      "type": "Feature",
      "geometry": {
        "type": "Point",
        "coordinates": [
          -2.5656524,
          51.0133716
        ]
      },
      "properties": {
        "osm_type": "way",
        "osm_id": 498275162,
        "name": "Sutton Bridge Solar Farm",
        "operator": "PS Renewables",
        "capacity_mw": 5.4,
        "power": "plant",
        "plant_source": "solar"
      }
    },
    {
      "type": "Feature",
      "geometry": {
        "type": "Point",
        "coordinates": [
          -0.332838,
          50.9452903
        ]
      },
      "properties": {
        "osm_type": "way",
        "osm_id": 500283444,
        "name": "Ford Farm (Ashurst)",
        "operator": "Conergy",
        "capacity_mw": 10.0,
        "power": "plant",
        "plant_source": "solar"
      }
    },
    {
      "type": "Feature",
      "geometry": {
        "type": "Point",
        "coordinates": [
          -3.1603345,
          51.635767
        ]
      },
      "properties": {
        "osm_type": "way",
        "osm_id": 502748760,
        "name": "Mynyddislwyn Solar Park",
        "capacity_mw": 8.5,
        "power": "plant",
        "plant_source": "solar"
      }
    },
    {
      "type": "Feature",
      "geometry": {
        "type": "Point",
        "coordinates": [
          -0.693751,
          50.82923
        ]
      },
      "properties": {
        "osm_type": "way",
        "osm_id": 503582660,
        "name": "Decoy Solar Farm",
        "operator": "MS Power Projects Ltd",
        "capacity_mw": 6.0,
        "power": "plant",
        "plant_source": "solar"
      }
    },
    {
      "type": "Feature",
      "geometry": {
        "type": "Point",
        "coordinates": [
          -1.361954,
          53.2816133
        ]
      },
      "properties": {
        "osm_type": "way",
        "osm_id": 507788655,
        "name": "The Breck",
        "capacity_mw": 5.0,
        "power": "plant",
        "plant_source": "solar"
      }
    },
    {
      "type": "Feature",
      "geometry": {
        "type": "Point",
        "coordinates": [
          -2.8310998,
          50.8851384
        ]
      },
      "properties": {
        "osm_type": "way",
        "osm_id": 510205306,
        "name": "Lower Coombe Farm Solar",
        "operator": "Solar South West",
        "capacity_mw": 1.0,
        "power": "plant",
        "plant_source": "solar"
      }
    },
    {
      "type": "Feature",
      "geometry": {
        "type": "Point",
        "coordinates": [
          -2.1666051,
          50.8443796
        ]
      },
      "properties": {
        "osm_type": "way",
        "osm_id": 510414747,
        "name": "Littleton Solar Farm",
        "operator": "Lightsource BP",
        "capacity_mw": 12.14,
        "power": "plant",
        "plant_source": "solar"
      }
    },
    {
      "type": "Feature",
      "geometry": {
        "type": "Point",
        "coordinates": [
          -1.5440997,
          52.2346969
        ]
      },
      "properties": {
        "osm_type": "way",
        "osm_id": 512579289,
        "name": "Tollgate Solar Farm",
        "capacity_mw": 4.3,
        "power": "plant",
        "plant_source": "solar"
      }
    },
    {
      "type": "Feature",
      "geometry": {
        "type": "Point",
        "coordinates": [
          -0.8403528,
          52.1342913
        ]
      },
      "properties": {
        "osm_type": "way",
        "osm_id": 513730507,
        "name": "Stonepit Farm",
        "capacity_mw": 19.0,
        "power": "plant",
        "plant_source": "solar"
      }
    },
    {
      "type": "Feature",
      "geometry": {
        "type": "Point",
        "coordinates": [
          -0.9983371,
          52.6339339
        ]
      },
      "properties": {
        "osm_type": "way",
        "osm_id": 515620604,
        "capacity_mw": 2.1,
        "power": "plant",
        "plant_source": "solar"
      }
    },
    {
      "type": "Feature",
      "geometry": {
        "type": "Point",
        "coordinates": [
          -0.8126103,
          52.1288892
        ]
      },
      "properties": {
        "osm_type": "way",
        "osm_id": 518134065,
        "name": "Littlewood Farm Solar Farm",
        "capacity_mw": 14.0,
        "power": "plant",
        "plant_source": "solar"
      }
    },
    {
      "type": "Feature",
      "geometry": {
        "type": "Point",
        "coordinates": [
          -0.7819834,
          52.1717449
        ]
      },
      "properties": {
        "osm_type": "way",
        "osm_id": 518134066,
        "name": "Manor Farm Solar Farm",
        "operator": "Lightsource",
        "capacity_mw": 5.0,
        "power": "plant",
        "plant_source": "solar"
      }
    },
    {
      "type": "Feature",
      "geometry": {
        "type": "Point",
        "coordinates": [
          0.5795797,
          51.955705
        ]
      },
      "properties": {
        "osm_type": "way",
        "osm_id": 518501186,
        "name": "Gosfield Airfield Solar Farm",
        "capacity_mw": 12.6,
        "power": "plant",
        "plant_source": "solar"
      }
    },
    {
      "type": "Feature",
      "geometry": {
        "type": "Point",
        "coordinates": [
          -0.3647182,
          51.0379965
        ]
      },
      "properties": {
        "osm_type": "way",
        "osm_id": 521080754,
        "name": "Solar Farm",
        "operator": "Photon Energy",
        "capacity_mw": 1.1,
        "power": "plant",
        "plant_source": "solar"
      }
    },
    {
      "type": "Feature",
      "geometry": {
        "type": "Point",
        "coordinates": [
          -2.0540524,
          53.4547649
        ]
      },
      "properties": {
        "osm_type": "way",
        "osm_id": 523645138,
        "capacity_mw": 2.991,
        "power": "plant",
        "plant_source": "solar"
      }
    },
    {
      "type": "Feature",
      "geometry": {
        "type": "Point",
        "coordinates": [
          -1.2755832,
          52.7807818
        ]
      },
      "properties": {
        "osm_type": "way",
        "osm_id": 529401561,
        "operator": "Severn Trent Green Power",
        "power": "plant",
        "plant_source": "solar"
      }
    },
    {
      "type": "Feature",
      "geometry": {
        "type": "Point",
        "coordinates": [
          -6.1036186,
          54.5181839
        ]
      },
      "properties": {
        "osm_type": "way",
        "osm_id": 529791425,
        "name": "Ballinderry Solar Farm",
        "operator": "Lightsource BP",
        "capacity_mw": 20.5,
        "power": "plant",
        "plant_source": "solar"
      }
    },
    {
      "type": "Feature",
      "geometry": {
        "type": "Point",
        "coordinates": [
          -1.7412188,
          52.2114428
        ]
      },
      "properties": {
        "osm_type": "way",
        "osm_id": 532910167,
        "name": "Burton Farm",
        "operator": "Quercus Renewable Holding 2",
        "capacity_mw": 4.4,
        "power": "plant",
        "plant_source": "solar"
      }
    },
    {
      "type": "Feature",
      "geometry": {
        "type": "Point",
        "coordinates": [
          -2.2123767,
          50.9245301
        ]
      },
      "properties": {
        "osm_type": "way",
        "osm_id": 538582328,
        "name": "Park Farm Solar Park",
        "operator": "Low Carbon Solar",
        "capacity_mw": 4.0,
        "power": "plant",
        "plant_source": "solar"
      }
    },
    {
      "type": "Feature",
      "geometry": {
        "type": "Point",
        "coordinates": [
          -2.2079381,
          50.844152
        ]
      },
      "properties": {
        "osm_type": "way",
        "osm_id": 538582338,
        "name": "Canada Farm Solar Park",
        "operator": "British Solar Renewables",
        "capacity_mw": 8.25,
        "power": "plant",
        "plant_source": "solar"
      }
    },
    {
      "type": "Feature",
      "geometry": {
        "type": "Point",
        "coordinates": [
          -2.1699244,
          50.8171773
        ]
      },
      "properties": {
        "osm_type": "way",
        "osm_id": 538582341,
        "name": "North Farm Solar Farm",
        "operator": "British Solar Renewables",
        "capacity_mw": 11.63,
        "power": "plant",
        "plant_source": "solar"
      }
    },
    {
      "type": "Feature",
      "geometry": {
        "type": "Point",
        "coordinates": [
          -2.1740932,
          50.7102119
        ]
      },
      "properties": {
        "osm_type": "way",
        "osm_id": 538582350,
        "name": "Trigon",
        "capacity_mw": 7.0,
        "power": "plant",
        "plant_source": "solar"
      }
    },
    {
      "type": "Feature",
      "geometry": {
        "type": "Point",
        "coordinates": [
          -2.165289,
          50.7127502
        ]
      },
      "properties": {
        "osm_type": "way",
        "osm_id": 538582351,
        "name": "Bottom Plain",
        "capacity_mw": 5.0,
        "power": "plant",
        "plant_source": "solar"
      }
    },
    {
      "type": "Feature",
      "geometry": {
        "type": "Point",
        "coordinates": [
          -2.1420682,
          50.7043411
        ]
      },
      "properties": {
        "osm_type": "way",
        "osm_id": 538582352,
        "name": "Oaklands Plantation",
        "capacity_mw": 5.0,
        "power": "plant",
        "plant_source": "solar"
      }
    },
    {
      "type": "Feature",
      "geometry": {
        "type": "Point",
        "coordinates": [
          -0.6946834,
          50.8468519
        ]
      },
      "properties": {
        "osm_type": "way",
        "osm_id": 539246198,
        "name": "Tangmere Solar Farm",
        "capacity_mw": 5.0,
        "power": "plant",
        "plant_source": "solar"
      }
    },
    {
      "type": "Feature",
      "geometry": {
        "type": "Point",
        "coordinates": [
          -5.1550128,
          50.2840978
        ]
      },
      "properties": {
        "osm_type": "way",
        "osm_id": 541083162,
        "power": "plant",
        "plant_source": "solar"
      }
    },
    {
      "type": "Feature",
      "geometry": {
        "type": "Point",
        "coordinates": [
          -5.1461411,
          50.2893426
        ]
      },
      "properties": {
        "osm_type": "way",
        "osm_id": 541083164,
        "operator": "Four Burrows Farm",
        "capacity_mw": 7.2,
        "power": "plant",
        "plant_source": "solar"
      }
    },
    {
      "type": "Feature",
      "geometry": {
        "type": "Point",
        "coordinates": [
          -5.125813,
          50.2935562
        ]
      },
      "properties": {
        "osm_type": "way",
        "osm_id": 541086396,
        "name": "Garvinack Farm Solar Farm",
        "operator": "Garvinack Farm",
        "capacity_mw": 7.1,
        "power": "plant",
        "plant_source": "solar"
      }
    },
    {
      "type": "Feature",
      "geometry": {
        "type": "Point",
        "coordinates": [
          -0.1581729,
          53.1410805
        ]
      },
      "properties": {
        "osm_type": "way",
        "osm_id": 541383600,
        "name": "Grange Farm (Kirkby on Bain)",
        "operator": "Solar Park Developments",
        "capacity_mw": 9.0,
        "power": "plant",
        "plant_source": "solar"
      }
    },
    {
      "type": "Feature",
      "geometry": {
        "type": "Point",
        "coordinates": [
          -5.0959855,
          50.3049903
        ]
      },
      "properties": {
        "osm_type": "way",
        "osm_id": 542260558,
        "name": "Nanteague Solar Farm",
        "capacity_mw": 7.65,
        "power": "plant",
        "plant_source": "solar"
      }
    },
    {
      "type": "Feature",
      "geometry": {
        "type": "Point",
        "coordinates": [
          -5.0742028,
          50.3039062
        ]
      },
      "properties": {
        "osm_type": "way",
        "osm_id": 542266213,
        "name": "Penare Farm Solar Park",
        "operator": "Penare Farm Solar Park",
        "capacity_mw": 11.0,
        "power": "plant",
        "plant_source": "solar"
      }
    },
    {
      "type": "Feature",
      "geometry": {
        "type": "Point",
        "coordinates": [
          -1.5351353,
          51.2113648
        ]
      },
      "properties": {
        "osm_type": "way",
        "osm_id": 544173113,
        "name": "Andover Solar Farm",
        "capacity_mw": 5.0,
        "power": "plant",
        "plant_source": "solar"
      }
    },
    {
      "type": "Feature",
      "geometry": {
        "type": "Point",
        "coordinates": [
          -1.4843271,
          52.722632
        ]
      },
      "properties": {
        "osm_type": "way",
        "osm_id": 545114568,
        "name": "Ashby Solar Farm (a)",
        "operator": "Primrose Solar",
        "capacity_mw": 5.0,
        "power": "plant",
        "plant_source": "solar"
      }
    },
    {
      "type": "Feature",
      "geometry": {
        "type": "Point",
        "coordinates": [
          -1.4401898,
          52.7566653
        ]
      },
      "properties": {
        "osm_type": "way",
        "osm_id": 545114572,
        "name": "Lount",
        "capacity_mw": 2.8,
        "power": "plant",
        "plant_source": "solar"
      }
    },
    {
      "type": "Feature",
      "geometry": {
        "type": "Point",
        "coordinates": [
          -1.4751456,
          52.7074077
        ]
      },
      "properties": {
        "osm_type": "way",
        "osm_id": 545115384,
        "name": "Packington Solar Farm",
        "capacity_mw": 13.9,
        "power": "plant",
        "plant_source": "solar"
      }
    },
    {
      "type": "Feature",
      "geometry": {
        "type": "Point",
        "coordinates": [
          -1.4928096,
          52.7546832
        ]
      },
      "properties": {
        "osm_type": "way",
        "osm_id": 545115638,
        "name": "Ingles Hill Farm Solar",
        "capacity_mw": 3.0,
        "power": "plant",
        "plant_source": "solar"
      }
    },
    {
      "type": "Feature",
      "geometry": {
        "type": "Point",
        "coordinates": [
          -1.5157366,
          52.7772019
        ]
      },
      "properties": {
        "osm_type": "way",
        "osm_id": 545116212,
        "name": "Short Hazel Solar Farm",
        "operator": "Pearmat Solar",
        "capacity_mw": 5.0,
        "power": "plant",
        "plant_source": "solar"
      }
    },
    {
      "type": "Feature",
      "geometry": {
        "type": "Point",
        "coordinates": [
          -5.0448264,
          50.3966177
        ]
      },
      "properties": {
        "osm_type": "way",
        "osm_id": 550665894,
        "name": "Hendra Holiday Park Solar Farm",
        "operator": "Hendra Holiday Park",
        "capacity_mw": 1.2,
        "power": "plant",
        "plant_source": "solar"
      }
    },
    {
      "type": "Feature",
      "geometry": {
        "type": "Point",
        "coordinates": [
          -2.7504359,
          51.0701931
        ]
      },
      "properties": {
        "osm_type": "way",
        "osm_id": 550715206,
        "name": "Somerton Door Farm",
        "operator": "Lightsource BP",
        "capacity_mw": 8.7,
        "power": "plant",
        "plant_source": "solar"
      }
    },
    {
      "type": "Feature",
      "geometry": {
        "type": "Point",
        "coordinates": [
          -2.8150159,
          51.112875
        ]
      },
      "properties": {
        "osm_type": "way",
        "osm_id": 550715207,
        "name": "Redlands Farm",
        "capacity_mw": 6.2,
        "power": "plant",
        "plant_source": "solar"
      }
    },
    {
      "type": "Feature",
      "geometry": {
        "type": "Point",
        "coordinates": [
          -2.7922918,
          51.1286434
        ]
      },
      "properties": {
        "osm_type": "way",
        "osm_id": 550715208,
        "name": "Whitley Farm (2 of 2)",
        "operator": "NextEnery Solar Fund (NESF)",
        "capacity_mw": 7.0,
        "power": "plant",
        "plant_source": "solar"
      }
    },
    {
      "type": "Feature",
      "geometry": {
        "type": "Point",
        "coordinates": [
          -3.0876243,
          50.9913168
        ]
      },
      "properties": {
        "osm_type": "way",
        "osm_id": 550716628,
        "name": "Taunton Racecourse Solar Farm",
        "operator": "Green Hedge (BayWa r.e.)",
        "capacity_mw": 1.5,
        "power": "plant",
        "plant_source": "solar"
      }
    },
    {
      "type": "Feature",
      "geometry": {
        "type": "Point",
        "coordinates": [
          -2.9060969,
          50.8742925
        ]
      },
      "properties": {
        "osm_type": "way",
        "osm_id": 550716634,
        "name": "Goldenhaye Field Solar Farm",
        "operator": "Cricket St Thomas Estate",
        "capacity_mw": 2.0,
        "power": "plant",
        "plant_source": "solar"
      }
    },
    {
      "type": "Feature",
      "geometry": {
        "type": "Point",
        "coordinates": [
          -2.8657546,
          50.9385765
        ]
      },
      "properties": {
        "osm_type": "way",
        "osm_id": 550716636,
        "name": "Hurcott Copse Solar Farm",
        "operator": "Dillington Farms Ltd",
        "capacity_mw": 10.0,
        "power": "plant",
        "plant_source": "solar"
      }
    },
    {
      "type": "Feature",
      "geometry": {
        "type": "Point",
        "coordinates": [
          -2.8923559,
          50.9436716
        ]
      },
      "properties": {
        "osm_type": "way",
        "osm_id": 550716637,
        "name": "Parsonage Barn",
        "capacity_mw": 7.6,
        "power": "plant",
        "plant_source": "solar"
      }
    },
    {
      "type": "Feature",
      "geometry": {
        "type": "Point",
        "coordinates": [
          -2.6012452,
          50.9940776
        ]
      },
      "properties": {
        "osm_type": "way",
        "osm_id": 550716638,
        "name": "Chilton Cantelo Solar Farm",
        "operator": "NextEnery Solar Fund (NESF)",
        "capacity_mw": 5.0,
        "power": "plant",
        "plant_source": "solar"
      }
    },
    {
      "type": "Feature",
      "geometry": {
        "type": "Point",
        "coordinates": [
          -4.2904294,
          50.4469214
        ]
      },
      "properties": {
        "osm_type": "way",
        "osm_id": 550725977,
        "name": "Howton Farm",
        "capacity_mw": 4.4,
        "power": "plant",
        "plant_source": "solar"
      }
    },
    {
      "type": "Feature",
      "geometry": {
        "type": "Point",
        "coordinates": [
          -4.3789866,
          50.4740488
        ]
      },
      "properties": {
        "osm_type": "way",
        "osm_id": 550725978,
        "name": "Ford Farm Solar Farm",
        "operator": "Ford Farm PV Scheme LLP",
        "capacity_mw": 5.0,
        "power": "plant",
        "plant_source": "solar"
      }
    },
    {
      "type": "Feature",
      "geometry": {
        "type": "Point",
        "coordinates": [
          -4.3170879,
          50.4737696
        ]
      },
      "properties": {
        "osm_type": "way",
        "osm_id": 550725979,
        "name": "Newton Ferrers Solar Park",
        "capacity_mw": 19.5,
        "power": "plant",
        "plant_source": "solar"
      }
    },
    {
      "type": "Feature",
      "geometry": {
        "type": "Point",
        "coordinates": [
          -4.3290733,
          50.5091827
        ]
      },
      "properties": {
        "osm_type": "way",
        "osm_id": 550725980,
        "name": "Callington Solar Farm",
        "operator": "Inazin (Low Carbon Solar)",
        "capacity_mw": 6.4,
        "power": "plant",
        "plant_source": "solar"
      }
    },
    {
      "type": "Feature",
      "geometry": {
        "type": "Point",
        "coordinates": [
          -4.8468992,
          50.5641325
        ]
      },
      "properties": {
        "osm_type": "way",
        "osm_id": 550725984,
        "name": "Treswarrow Solar Park",
        "capacity_mw": 6.5,
        "power": "plant",
        "plant_source": "solar"
      }
    },
    {
      "type": "Feature",
      "geometry": {
        "type": "Point",
        "coordinates": [
          -4.903931,
          50.3568622
        ]
      },
      "properties": {
        "osm_type": "way",
        "osm_id": 550725987,
        "name": "Trethosa Farm Solar Park",
        "operator": "Trethosa Solar Ltd",
        "capacity_mw": 4.8,
        "power": "plant",
        "plant_source": "solar"
      }
    },
    {
      "type": "Feature",
      "geometry": {
        "type": "Point",
        "coordinates": [
          -4.9271857,
          50.4238705
        ]
      },
      "properties": {
        "osm_type": "way",
        "osm_id": 550725990,
        "name": "St Columb Major Solar Farm",
        "operator": "Inazin Solar",
        "capacity_mw": 7.0,
        "power": "plant",
        "plant_source": "solar"
      }
    },
    {
      "type": "Feature",
      "geometry": {
        "type": "Point",
        "coordinates": [
          -5.0819009,
          50.3977881
        ]
      },
      "properties": {
        "osm_type": "way",
        "osm_id": 550725991,
        "name": "Trevemper",
        "capacity_mw": 1.7,
        "power": "plant",
        "plant_source": "solar"
      }
    },
    {
      "type": "Feature",
      "geometry": {
        "type": "Point",
        "coordinates": [
          -5.0057906,
          50.4305874
        ]
      },
      "properties": {
        "osm_type": "way",
        "osm_id": 550725992,
        "name": "Kernow Solar Farm",
        "operator": "Cornwall Council Property Services",
        "capacity_mw": 5.0,
        "power": "plant",
        "plant_source": "solar"
      }
    },
    {
      "type": "Feature",
      "geometry": {
        "type": "Point",
        "coordinates": [
          -4.9304393,
          50.3443487
        ]
      },
      "properties": {
        "osm_type": "way",
        "osm_id": 550725994,
        "name": "Hewas Solar Farm",
        "capacity_mw": 5.0,
        "power": "plant",
        "plant_source": "solar"
      }
    },
    {
      "type": "Feature",
      "geometry": {
        "type": "Point",
        "coordinates": [
          -4.9462268,
          50.362059
        ]
      },
      "properties": {
        "osm_type": "way",
        "osm_id": 550725995,
        "name": "Burthy Farm Solar Park",
        "operator": "Lightsource BP",
        "capacity_mw": 13.1,
        "power": "plant",
        "plant_source": "solar"
      }
    },
    {
      "type": "Feature",
      "geometry": {
        "type": "Point",
        "coordinates": [
          -5.0159534,
          50.3067215
        ]
      },
      "properties": {
        "osm_type": "way",
        "osm_id": 550725997,
        "name": "Tregassow Farm",
        "capacity_mw": 6.0,
        "power": "plant",
        "plant_source": "solar"
      }
    },
    {
      "type": "Feature",
      "geometry": {
        "type": "Point",
        "coordinates": [
          -5.1398956,
          50.3038279
        ]
      },
      "properties": {
        "osm_type": "way",
        "osm_id": 550725998,
        "name": "Four Burrows Solar Park",
        "capacity_mw": 7.2,
        "power": "plant",
        "plant_source": "solar"
      }
    },
    {
      "type": "Feature",
      "geometry": {
        "type": "Point",
        "coordinates": [
          -4.3775226,
          50.4006875
        ]
      },
      "properties": {
        "osm_type": "way",
        "osm_id": 550726464,
        "name": "Wilton Farm (pv)",
        "operator": "Primrose Solar",
        "capacity_mw": 9.5,
        "power": "plant",
        "plant_source": "solar"
      }
    },
    {
      "type": "Feature",
      "geometry": {
        "type": "Point",
        "coordinates": [
          -4.3797684,
          50.4359765
        ]
      },
      "properties": {
        "osm_type": "way",
        "osm_id": 550726465,
        "name": "Fieldscale",
        "capacity_mw": 10.6,
        "power": "plant",
        "plant_source": "solar"
      }
    },
    {
      "type": "Feature",
      "geometry": {
        "type": "Point",
        "coordinates": [
          -3.2057377,
          51.0493594
        ]
      },
      "properties": {
        "osm_type": "way",
        "osm_id": 550883520,
        "name": "Halse Solar Farm",
        "operator": "Silverstone Green Energy",
        "capacity_mw": 8.24,
        "power": "plant",
        "plant_source": "solar"
      }
    },
    {
      "type": "Feature",
      "geometry": {
        "type": "Point",
        "coordinates": [
          -3.2009943,
          51.0076085
        ]
      },
      "properties": {
        "osm_type": "way",
        "osm_id": 550883521,
        "name": "New Rendy Farm Solar Farm",
        "operator": "TGC Renewables",
        "capacity_mw": 4.8,
        "power": "plant",
        "plant_source": "solar"
      }
    },
    {
      "type": "Feature",
      "geometry": {
        "type": "Point",
        "coordinates": [
          -3.2219941,
          51.0110617
        ]
      },
      "properties": {
        "osm_type": "way",
        "osm_id": 550883524,
        "name": "Grange Farm Solar Farm",
        "operator": "Anesco",
        "capacity_mw": 5.0,
        "power": "plant",
        "plant_source": "solar"
      }
    },
    {
      "type": "Feature",
      "geometry": {
        "type": "Point",
        "coordinates": [
          -3.5706023,
          50.91642
        ]
      },
      "properties": {
        "osm_type": "way",
        "osm_id": 550883528,
        "name": "West Bradley Farm",
        "capacity_mw": 1.5,
        "power": "plant",
        "plant_source": "solar"
      }
    },
    {
      "type": "Feature",
      "geometry": {
        "type": "Point",
        "coordinates": [
          -3.5695843,
          50.9414223
        ]
      },
      "properties": {
        "osm_type": "way",
        "osm_id": 550883529,
        "name": "Blatchworthy Farm",
        "capacity_mw": 1.5,
        "power": "plant",
        "plant_source": "solar"
      }
    },
    {
      "type": "Feature",
      "geometry": {
        "type": "Point",
        "coordinates": [
          -3.4229748,
          50.850213
        ]
      },
      "properties": {
        "osm_type": "way",
        "osm_id": 550883537,
        "name": "Kia Ora Farm",
        "operator": "Lightsource Renewable Energy",
        "capacity_mw": 1.8,
        "power": "plant",
        "plant_source": "solar"
      }
    },
    {
      "type": "Feature",
      "geometry": {
        "type": "Point",
        "coordinates": [
          -1.8855661,
          50.8650161
        ]
      },
      "properties": {
        "osm_type": "way",
        "osm_id": 551042171,
        "name": "Verwood Solar Farm",
        "capacity_mw": 20.4,
        "power": "plant",
        "plant_source": "solar"
      }
    },
    {
      "type": "Feature",
      "geometry": {
        "type": "Point",
        "coordinates": [
          -2.1840034,
          51.0210102
        ]
      },
      "properties": {
        "osm_type": "way",
        "osm_id": 551042174,
        "name": "Shaftesbury Solar Farm",
        "operator": "Lightsource Renewable Energy",
        "capacity_mw": 6.2,
        "power": "plant",
        "plant_source": "solar"
      }
    },
    {
      "type": "Feature",
      "geometry": {
        "type": "Point",
        "coordinates": [
          -2.3129171,
          51.0459826
        ]
      },
      "properties": {
        "osm_type": "way",
        "osm_id": 551042177,
        "name": "Slaughtergate Farm Solar Park",
        "operator": "Lightsource Renewable Energy",
        "capacity_mw": 1.8,
        "power": "plant",
        "plant_source": "solar"
      }
    },
    {
      "type": "Feature",
      "geometry": {
        "type": "Point",
        "coordinates": [
          -2.4006918,
          51.0392158
        ]
      },
      "properties": {
        "osm_type": "way",
        "osm_id": 551042178,
        "name": "Sutor Farm Solar Farm",
        "capacity_mw": 5.0,
        "power": "plant",
        "plant_source": "solar"
      }
    },
    {
      "type": "Feature",
      "geometry": {
        "type": "Point",
        "coordinates": [
          -2.3393959,
          51.1860849
        ]
      },
      "properties": {
        "osm_type": "way",
        "osm_id": 551042185,
        "name": "Monksham Solar Farm",
        "capacity_mw": 10.7,
        "power": "plant",
        "plant_source": "solar"
      }
    },
    {
      "type": "Feature",
      "geometry": {
        "type": "Point",
        "coordinates": [
          -2.1687725,
          51.2759795
        ]
      },
      "properties": {
        "osm_type": "way",
        "osm_id": 551042189,
        "name": "Westbury Landfill Site Solar Farm",
        "operator": "Viridor",
        "capacity_mw": 3.5,
        "power": "plant",
        "plant_source": "solar"
      }
    },
    {
      "type": "Feature",
      "geometry": {
        "type": "Point",
        "coordinates": [
          -2.1197947,
          51.9602076
        ]
      },
      "properties": {
        "osm_type": "way",
        "osm_id": 551042755,
        "name": "Troughton Farm Solar Park",
        "operator": "Hive Energy",
        "capacity_mw": 25.0,
        "power": "plant",
        "plant_source": "solar"
      }
    },
    {
      "type": "Feature",
      "geometry": {
        "type": "Point",
        "coordinates": [
          -1.3695548,
          51.1864633
        ]
      },
      "properties": {
        "osm_type": "way",
        "osm_id": 551042756,
        "name": "Owls Lodge Solar Farm",
        "operator": "Anesco",
        "capacity_mw": 10.0,
        "power": "plant",
        "plant_source": "solar"
      }
    },
    {
      "type": "Feature",
      "geometry": {
        "type": "Point",
        "coordinates": [
          -4.9400391,
          51.8129051
        ]
      },
      "properties": {
        "osm_type": "way",
        "osm_id": 551257566,
        "name": "Shoals Hook Solar Farm",
        "operator": "Lightsource BP",
        "capacity_mw": 43.7,
        "power": "plant",
        "plant_source": "solar"
      }
    },
    {
      "type": "Feature",
      "geometry": {
        "type": "Point",
        "coordinates": [
          -4.7975225,
          51.6743915
        ]
      },
      "properties": {
        "osm_type": "way",
        "osm_id": 551258369,
        "name": "Jordanston Solar Farm",
        "capacity_mw": 5.0,
        "power": "plant",
        "plant_source": "solar"
      }
    },
    {
      "type": "Feature",
      "geometry": {
        "type": "Point",
        "coordinates": [
          -5.0439722,
          51.7403306
        ]
      },
      "properties": {
        "osm_type": "way",
        "osm_id": 551258371,
        "power": "plant",
        "plant_source": "solar"
      }
    },
    {
      "type": "Feature",
      "geometry": {
        "type": "Point",
        "coordinates": [
          -5.0106031,
          51.8089706
        ]
      },
      "properties": {
        "osm_type": "way",
        "osm_id": 551258375,
        "name": "Cuckoo Grove Solar Farm",
        "capacity_mw": 6.1,
        "power": "plant",
        "plant_source": "solar"
      }
    },
    {
      "type": "Feature",
      "geometry": {
        "type": "Point",
        "coordinates": [
          -2.9490634,
          50.7737487
        ]
      },
      "properties": {
        "osm_type": "way",
        "osm_id": 551275515,
        "name": "Newlands Solar Farm",
        "capacity_mw": 5.0,
        "power": "plant",
        "plant_source": "solar"
      }
    },
    {
      "type": "Feature",
      "geometry": {
        "type": "Point",
        "coordinates": [
          -2.9333953,
          50.7803854
        ]
      },
      "properties": {
        "osm_type": "way",
        "osm_id": 551275520,
        "name": "Wyld Meadow Solar Farm",
        "capacity_mw": 4.8,
        "power": "plant",
        "plant_source": "solar"
      }
    },
    {
      "type": "Feature",
      "geometry": {
        "type": "Point",
        "coordinates": [
          -4.4420344,
          50.8661741
        ]
      },
      "properties": {
        "osm_type": "way",
        "osm_id": 551286861,
        "name": "East Langford Farm",
        "operator": "Low carbon Solar Partners",
        "capacity_mw": 5.0,
        "power": "plant",
        "plant_source": "solar"
      }
    },
    {
      "type": "Feature",
      "geometry": {
        "type": "Point",
        "coordinates": [
          -4.4425495,
          50.7531245
        ]
      },
      "properties": {
        "osm_type": "way",
        "osm_id": 551286862,
        "name": "Northmoor Solar Farm",
        "operator": "Lightsource Renewable Energy",
        "capacity_mw": 5.0,
        "power": "plant",
        "plant_source": "solar"
      }
    },
    {
      "type": "Feature",
      "geometry": {
        "type": "Point",
        "coordinates": [
          -4.4995457,
          50.7113966
        ]
      },
      "properties": {
        "osm_type": "way",
        "osm_id": 551286865,
        "name": "Canworthy Solar Farm",
        "operator": "Equitix",
        "capacity_mw": 43.0,
        "power": "plant",
        "plant_source": "solar"
      }
    },
    {
      "type": "Feature",
      "geometry": {
        "type": "Point",
        "coordinates": [
          -1.0264117,
          52.7803738
        ]
      },
      "properties": {
        "osm_type": "way",
        "osm_id": 551695987,
        "name": "Six Hills Solar Farm",
        "operator": "Lightsource BP",
        "capacity_mw": 18.7,
        "power": "plant",
        "plant_source": "solar"
      }
    },
    {
      "type": "Feature",
      "geometry": {
        "type": "Point",
        "coordinates": [
          -1.6819784,
          52.8443384
        ]
      },
      "properties": {
        "osm_type": "way",
        "osm_id": 551696695,
        "name": "Rolleston Park Solar Farm",
        "capacity_mw": 18.7,
        "power": "plant",
        "plant_source": "solar"
      }
    },
    {
      "type": "Feature",
      "geometry": {
        "type": "Point",
        "coordinates": [
          -2.7123718,
          52.6222597
        ]
      },
      "properties": {
        "osm_type": "way",
        "osm_id": 551697149,
        "name": "Pitchford",
        "capacity_mw": 10.2,
        "power": "plant",
        "plant_source": "solar"
      }
    },
    {
      "type": "Feature",
      "geometry": {
        "type": "Point",
        "coordinates": [
          -2.5785362,
          52.7057904
        ]
      },
      "properties": {
        "osm_type": "way",
        "osm_id": 551697150,
        "name": "Wrockwardine Solar Park",
        "capacity_mw": 10.5,
        "power": "plant",
        "plant_source": "solar"
      }
    },
    {
      "type": "Feature",
      "geometry": {
        "type": "Point",
        "coordinates": [
          -0.2018245,
          52.3749421
        ]
      },
      "properties": {
        "osm_type": "way",
        "osm_id": 552554263,
        "name": "Abbots Ripton Solar Farm",
        "capacity_mw": 28.6,
        "power": "plant",
        "plant_source": "solar"
      }
    },
    {
      "type": "Feature",
      "geometry": {
        "type": "Point",
        "coordinates": [
          -1.7033529,
          50.7570077
        ]
      },
      "properties": {
        "osm_type": "way",
        "osm_id": 552919330,
        "name": "Office Field Solar Farm",
        "capacity_mw": 7.5,
        "power": "plant",
        "plant_source": "solar"
      }
    },
    {
      "type": "Feature",
      "geometry": {
        "type": "Point",
        "coordinates": [
          -2.9980419,
          56.1890109
        ]
      },
      "properties": {
        "osm_type": "way",
        "osm_id": 554749417,
        "power": "plant",
        "plant_source": "solar"
      }
    },
    {
      "type": "Feature",
      "geometry": {
        "type": "Point",
        "coordinates": [
          -3.619326,
          51.5230152
        ]
      },
      "properties": {
        "osm_type": "way",
        "osm_id": 555316981,
        "name": "Court Coleman solar farm",
        "capacity_mw": 15.0,
        "power": "plant",
        "plant_source": "solar"
      }
    },
    {
      "type": "Feature",
      "geometry": {
        "type": "Point",
        "coordinates": [
          -3.6970601,
          51.4979156
        ]
      },
      "properties": {
        "osm_type": "way",
        "osm_id": 555317308,
        "name": "Seaview Farm",
        "capacity_mw": 1.7,
        "power": "plant",
        "plant_source": "solar"
      }
    },
    {
      "type": "Feature",
      "geometry": {
        "type": "Point",
        "coordinates": [
          -1.9556536,
          52.1767658
        ]
      },
      "properties": {
        "osm_type": "way",
        "osm_id": 558727068,
        "name": "Morton Wood Farm Solar Farm",
        "operator": "Sun & Soil",
        "capacity_mw": 4.8,
        "power": "plant",
        "plant_source": "solar"
      }
    },
    {
      "type": "Feature",
      "geometry": {
        "type": "Point",
        "coordinates": [
          0.4610972,
          51.3115793
        ]
      },
      "properties": {
        "osm_type": "way",
        "osm_id": 559089367,
        "name": "Biossence Solar Farm",
        "operator": "Biossence Ltd",
        "capacity_mw": 4.5,
        "power": "plant",
        "plant_source": "solar"
      }
    },
    {
      "type": "Feature",
      "geometry": {
        "type": "Point",
        "coordinates": [
          -1.4221052,
          50.6974034
        ]
      },
      "properties": {
        "osm_type": "way",
        "osm_id": 561527029,
        "name": "Stables Farm Solar Farm",
        "capacity_mw": 1.5,
        "power": "plant",
        "plant_source": "solar"
      }
    },
    {
      "type": "Feature",
      "geometry": {
        "type": "Point",
        "coordinates": [
          -3.7642282,
          51.5998478
        ]
      },
      "properties": {
        "osm_type": "way",
        "osm_id": 569374834,
        "name": "Tyle'r-fedwen Farm",
        "operator": "EEW Eco Energy World",
        "capacity_mw": 5.0,
        "power": "plant",
        "plant_source": "solar"
      }
    },
    {
      "type": "Feature",
      "geometry": {
        "type": "Point",
        "coordinates": [
          -1.6701271,
          52.0876327
        ]
      },
      "properties": {
        "osm_type": "way",
        "osm_id": 571030552,
        "name": "Blackwell Grange Solar Farm",
        "operator": "Blackwell Grange Solar Farm",
        "capacity_mw": 5.0,
        "power": "plant",
        "plant_source": "solar"
      }
    },
    {
      "type": "Feature",
      "geometry": {
        "type": "Point",
        "coordinates": [
          -2.6624814,
          53.652198
        ]
      },
      "properties": {
        "osm_type": "way",
        "osm_id": 573229804,
        "name": "Solar Park Chorley Wastewater Treatment Works",
        "operator": "United Utilites",
        "capacity_mw": 1.08,
        "power": "plant",
        "plant_source": "solar"
      }
    },
    {
      "type": "Feature",
      "geometry": {
        "type": "Point",
        "coordinates": [
          1.1309201,
          51.3267885
        ]
      },
      "properties": {
        "osm_type": "way",
        "osm_id": 574812222,
        "name": "Woodlands Farm Solar Park",
        "operator": "Lightsource BP",
        "capacity_mw": 10.0,
        "power": "plant",
        "plant_source": "solar"
      }
    },
    {
      "type": "Feature",
      "geometry": {
        "type": "Point",
        "coordinates": [
          -1.2327579,
          54.1492117
        ]
      },
      "properties": {
        "osm_type": "way",
        "osm_id": 582880421,
        "capacity_mw": 5.0,
        "power": "plant",
        "plant_source": "solar"
      }
    },
    {
      "type": "Feature",
      "geometry": {
        "type": "Point",
        "coordinates": [
          -2.8271751,
          54.0243589
        ]
      },
      "properties": {
        "osm_type": "way",
        "osm_id": 582950242,
        "name": "Low Wood Solar Farm",
        "capacity_mw": 1.2,
        "power": "plant",
        "plant_source": "solar"
      }
    },
    {
      "type": "Feature",
      "geometry": {
        "type": "Point",
        "coordinates": [
          -2.8240328,
          54.0274047
        ]
      },
      "properties": {
        "osm_type": "way",
        "osm_id": 583452725,
        "name": "Arna Wood Solar Farm",
        "capacity_mw": 6.2,
        "power": "plant",
        "plant_source": "solar"
      }
    },
    {
      "type": "Feature",
      "geometry": {
        "type": "Point",
        "coordinates": [
          -0.7043658,
          50.8395954
        ]
      },
      "properties": {
        "osm_type": "way",
        "osm_id": 589023144,
        "name": "Oving Solar Farm",
        "operator": "Vogt Solar",
        "capacity_mw": 5.0,
        "power": "plant",
        "plant_source": "solar"
      }
    },
    {
      "type": "Feature",
      "geometry": {
        "type": "Point",
        "coordinates": [
          -0.7430329,
          50.8473511
        ]
      },
      "properties": {
        "osm_type": "way",
        "osm_id": 589571431,
        "name": "Westhampnett solar farm",
        "operator": "West Sussex County Council",
        "capacity_mw": 7.5,
        "power": "plant",
        "plant_source": "solar"
      }
    },
    {
      "type": "Feature",
      "geometry": {
        "type": "Point",
        "coordinates": [
          -0.708612,
          52.5855184
        ]
      },
      "properties": {
        "osm_type": "way",
        "osm_id": 590451152,
        "name": "Seaton Road Solar Farm",
        "operator": "SBC Renewables",
        "capacity_mw": 4.0,
        "power": "plant",
        "plant_source": "solar"
      }
    },
    {
      "type": "Feature",
      "geometry": {
        "type": "Point",
        "coordinates": [
          -2.5162702,
          51.3489558
        ]
      },
      "properties": {
        "osm_type": "way",
        "osm_id": 593058156,
        "name": "Chelwood Solar Farm",
        "operator": "Chelwood Community Energy",
        "capacity_mw": 5.0,
        "power": "plant",
        "plant_source": "solar"
      }
    },
    {
      "type": "Feature",
      "geometry": {
        "type": "Point",
        "coordinates": [
          -2.5035431,
          51.35177
        ]
      },
      "properties": {
        "osm_type": "way",
        "osm_id": 593062056,
        "name": "Wilmington Farm Solar Array",
        "operator": "Bath & West Community Energy",
        "capacity_mw": 2.34,
        "power": "plant",
        "plant_source": "solar"
      }
    },
    {
      "type": "Feature",
      "geometry": {
        "type": "Point",
        "coordinates": [
          -2.2293369,
          52.1770054
        ]
      },
      "properties": {
        "osm_type": "way",
        "osm_id": 593484184,
        "power": "plant",
        "plant_source": "solar"
      }
    },
    {
      "type": "Feature",
      "geometry": {
        "type": "Point",
        "coordinates": [
          -0.7430077,
          52.09616
        ]
      },
      "properties": {
        "osm_type": "way",
        "osm_id": 593814301,
        "name": "Kickles Solar Farm",
        "operator": "Green Energy UK Direct Ltd/ Vogt Solar",
        "capacity_mw": 7.5,
        "power": "plant",
        "plant_source": "solar"
      }
    },
    {
      "type": "Feature",
      "geometry": {
        "type": "Point",
        "coordinates": [
          -0.6699887,
          52.2873047
        ]
      },
      "properties": {
        "osm_type": "way",
        "osm_id": 594780080,
        "name": "Little Irchester Higham Road Solar Farm",
        "operator": "Lark Energy",
        "capacity_mw": 4.6,
        "power": "plant",
        "plant_source": "solar"
      }
    },
    {
      "type": "Feature",
      "geometry": {
        "type": "Point",
        "coordinates": [
          -0.5877661,
          52.2515565
        ]
      },
      "properties": {
        "osm_type": "way",
        "osm_id": 594780571,
        "name": "Glebe Farm Solar Energy Park",
        "operator": "Vento Ludens Ltd",
        "capacity_mw": 15.0,
        "power": "plant",
        "plant_source": "solar"
      }
    },
    {
      "type": "Feature",
      "geometry": {
        "type": "Point",
        "coordinates": [
          -0.2218505,
          51.6974583
        ]
      },
      "properties": {
        "osm_type": "way",
        "osm_id": 596509078,
        "name": "Swanland Road Solar Farm",
        "operator": "Gascoyne Holdings",
        "capacity_mw": 5.0,
        "power": "plant",
        "plant_source": "solar"
      }
    },
    {
      "type": "Feature",
      "geometry": {
        "type": "Point",
        "coordinates": [
          -0.2061149,
          51.7088856
        ]
      },
      "properties": {
        "osm_type": "way",
        "osm_id": 596509079,
        "name": "Potters Bar Solar Farm",
        "operator": "UK Sustainable Energy",
        "capacity_mw": 5.0,
        "power": "plant",
        "plant_source": "solar"
      }
    },
    {
      "type": "Feature",
      "geometry": {
        "type": "Point",
        "coordinates": [
          0.0957548,
          53.3198431
        ]
      },
      "properties": {
        "osm_type": "way",
        "osm_id": 597911897,
        "name": "High Leas",
        "operator": "European Energy Photovoltaics",
        "capacity_mw": 6.5,
        "power": "plant",
        "plant_source": "solar"
      }
    },
    {
      "type": "Feature",
      "geometry": {
        "type": "Point",
        "coordinates": [
          -2.369677,
          53.4137724
        ]
      },
      "properties": {
        "osm_type": "way",
        "osm_id": 598087968,
        "operator": "United Utilities",
        "capacity_mw": 1.524,
        "power": "plant",
        "plant_source": "solar"
      }
    },
    {
      "type": "Feature",
      "geometry": {
        "type": "Point",
        "coordinates": [
          -3.0799282,
          51.6216126
        ]
      },
      "properties": {
        "osm_type": "way",
        "osm_id": 601402640,
        "name": "Cwrt Henllys Farm",
        "operator": "Lightsource Renewable Energy",
        "capacity_mw": 5.0,
        "power": "plant",
        "plant_source": "solar"
      }
    },
    {
      "type": "Feature",
      "geometry": {
        "type": "Point",
        "coordinates": [
          -2.4138583,
          52.7142084
        ]
      },
      "properties": {
        "osm_type": "way",
        "osm_id": 603018713,
        "name": "Granville Road Solar Farm",
        "operator": "Ancala Partners LLP (O&M by Anesco)",
        "capacity_mw": 5.0,
        "power": "plant",
        "plant_source": "solar"
      }
    },
    {
      "type": "Feature",
      "geometry": {
        "type": "Point",
        "coordinates": [
          -0.5981038,
          52.2322094
        ]
      },
      "properties": {
        "osm_type": "way",
        "osm_id": 605749358,
        "name": "Odell Solar Park",
        "capacity_mw": 16.8,
        "power": "plant",
        "plant_source": "solar"
      }
    },
    {
      "type": "Feature",
      "geometry": {
        "type": "Point",
        "coordinates": [
          -1.0043822,
          52.102463
        ]
      },
      "properties": {
        "osm_type": "way",
        "osm_id": 605762189,
        "name": "Shacks Barn",
        "capacity_mw": 5.0,
        "power": "plant",
        "plant_source": "solar"
      }
    },
    {
      "type": "Feature",
      "geometry": {
        "type": "Point",
        "coordinates": [
          -1.2857211,
          52.8281325
        ]
      },
      "properties": {
        "osm_type": "way",
        "osm_id": 607164517,
        "capacity_mw": 1.5,
        "power": "plant",
        "plant_source": "solar"
      }
    },
    {
      "type": "Feature",
      "geometry": {
        "type": "Point",
        "coordinates": [
          -1.1443858,
          51.8685601
        ]
      },
      "properties": {
        "osm_type": "way",
        "osm_id": 608111170,
        "name": "Home Farm",
        "operator": "R S Assemblies Limited",
        "capacity_mw": 18.3,
        "power": "plant",
        "plant_source": "solar"
      }
    },
    {
      "type": "Feature",
      "geometry": {
        "type": "Point",
        "coordinates": [
          -0.7264734,
          50.8565141
        ]
      },
      "properties": {
        "osm_type": "way",
        "osm_id": 610725533,
        "name": "Strettington Solar Farm",
        "operator": "Sunsave 30 (Strettington)/ Vogt solar",
        "capacity_mw": 5.0,
        "power": "plant",
        "plant_source": "solar"
      }
    },
    {
      "type": "Feature",
      "geometry": {
        "type": "Point",
        "coordinates": [
          0.2290851,
          50.9304769
        ]
      },
      "properties": {
        "osm_type": "way",
        "osm_id": 614259981,
        "name": "Horam Solar Park",
        "operator": "Lightsource BP",
        "capacity_mw": 8.1,
        "power": "plant",
        "plant_source": "solar"
      }
    },
    {
      "type": "Feature",
      "geometry": {
        "type": "Point",
        "coordinates": [
          -1.0206975,
          52.1069643
        ]
      },
      "properties": {
        "osm_type": "way",
        "osm_id": 614566443,
        "name": "Handley Park - resubmission",
        "operator": "Haymaker Energy",
        "capacity_mw": 5.0,
        "power": "plant",
        "plant_source": "solar"
      }
    },
    {
      "type": "Feature",
      "geometry": {
        "type": "Point",
        "coordinates": [
          -1.078637,
          51.1676433
        ]
      },
      "properties": {
        "osm_type": "way",
        "osm_id": 615273007,
        "name": "Upper Farm Solar Farm",
        "capacity_mw": 12.0,
        "power": "plant",
        "plant_source": "solar"
      }
    },
    {
      "type": "Feature",
      "geometry": {
        "type": "Point",
        "coordinates": [
          -0.9554684,
          51.1441494
        ]
      },
      "properties": {
        "osm_type": "way",
        "osm_id": 615273008,
        "name": "Alton Solar Farm",
        "operator": "Canadian Solar",
        "capacity_mw": 11.0,
        "power": "plant",
        "plant_source": "solar"
      }
    },
    {
      "type": "Feature",
      "geometry": {
        "type": "Point",
        "coordinates": [
          -6.1661465,
          54.6094716
        ]
      },
      "properties": {
        "osm_type": "way",
        "osm_id": 616338652,
        "name": "Knockcairn Road Solar Farm",
        "capacity_mw": 6.5,
        "power": "plant",
        "plant_source": "solar"
      }
    },
    {
      "type": "Feature",
      "geometry": {
        "type": "Point",
        "coordinates": [
          -1.0696596,
          51.214905
        ]
      },
      "properties": {
        "osm_type": "way",
        "osm_id": 616783234,
        "name": "Frying Down Copse Solar Farm",
        "capacity_mw": 5.0,
        "power": "plant",
        "plant_source": "solar"
      }
    },
    {
      "type": "Feature",
      "geometry": {
        "type": "Point",
        "coordinates": [
          0.3521003,
          52.2513239
        ]
      },
      "properties": {
        "osm_type": "way",
        "osm_id": 617708524,
        "name": "Exning Solar Power Station",
        "operator": "Lightsource BP",
        "capacity_mw": 30.3,
        "power": "plant",
        "plant_source": "solar"
      }
    },
    {
      "type": "Feature",
      "geometry": {
        "type": "Point",
        "coordinates": [
          -0.8342582,
          52.9646861
        ]
      },
      "properties": {
        "osm_type": "way",
        "osm_id": 617892994,
        "name": "Lodge Farm",
        "capacity_mw": 12.4,
        "power": "plant",
        "plant_source": "solar"
      }
    },
    {
      "type": "Feature",
      "geometry": {
        "type": "Point",
        "coordinates": [
          -1.5971063,
          52.7587412
        ]
      },
      "properties": {
        "osm_type": "way",
        "osm_id": 618474044,
        "operator": "Green Energy Networks Ltd",
        "capacity_mw": 3.5,
        "power": "plant",
        "plant_source": "solar"
      }
    },
    {
      "type": "Feature",
      "geometry": {
        "type": "Point",
        "coordinates": [
          -0.391704,
          51.3952067
        ]
      },
      "properties": {
        "osm_type": "way",
        "osm_id": 620263756,
        "name": "Queen Elizabeth II Reservoir Floating Solar",
        "operator": "Lightsource BP",
        "capacity_mw": 6.338,
        "power": "plant",
        "plant_source": "solar"
      }
    },
    {
      "type": "Feature",
      "geometry": {
        "type": "Point",
        "coordinates": [
          -5.5703098,
          54.5718968
        ]
      },
      "properties": {
        "osm_type": "way",
        "osm_id": 621575697,
        "name": "Ballyboley Solar (Carrowdore)",
        "operator": "Island Green Power",
        "capacity_mw": 6.0,
        "power": "plant",
        "plant_source": "solar"
      }
    },
    {
      "type": "Feature",
      "geometry": {
        "type": "Point",
        "coordinates": [
          -4.7760464,
          50.4399382
        ]
      },
      "properties": {
        "osm_type": "way",
        "osm_id": 621815776,
        "name": "Clann Solar Farm",
        "operator": "Lightsource BP",
        "capacity_mw": 1.4,
        "power": "plant",
        "plant_source": "solar"
      }
    },
    {
      "type": "Feature",
      "geometry": {
        "type": "Point",
        "coordinates": [
          -2.9249874,
          51.7236124
        ]
      },
      "properties": {
        "osm_type": "way",
        "osm_id": 624131361,
        "name": "Llancayo Solar Farm",
        "operator": "PS Renewables",
        "capacity_mw": 5.0,
        "power": "plant",
        "plant_source": "solar"
      }
    },
    {
      "type": "Feature",
      "geometry": {
        "type": "Point",
        "coordinates": [
          -5.558178,
          50.1112982
        ]
      },
      "properties": {
        "osm_type": "way",
        "osm_id": 624261216,
        "power": "plant",
        "plant_source": "solar"
      }
    },
    {
      "type": "Feature",
      "geometry": {
        "type": "Point",
        "coordinates": [
          -2.7112843,
          51.5877364
        ]
      },
      "properties": {
        "osm_type": "way",
        "osm_id": 624744813,
        "name": "Sudbrook Solar Farm",
        "capacity_mw": 5.0,
        "power": "plant",
        "plant_source": "solar"
      }
    },
    {
      "type": "Feature",
      "geometry": {
        "type": "Point",
        "coordinates": [
          -0.150779,
          52.549866
        ]
      },
      "properties": {
        "osm_type": "way",
        "osm_id": 625572056,
        "name": "Black Bush Farm",
        "operator": "Lark Energy",
        "capacity_mw": 2.7,
        "power": "plant",
        "plant_source": "solar"
      }
    },
    {
      "type": "Feature",
      "geometry": {
        "type": "Point",
        "coordinates": [
          0.0558085,
          50.9219799
        ]
      },
      "properties": {
        "osm_type": "way",
        "osm_id": 626415801,
        "name": "Upper Clayhill Solar Farm",
        "operator": "Anesco",
        "capacity_mw": 10.0,
        "power": "plant",
        "plant_source": "solar"
      }
    },
    {
      "type": "Feature",
      "geometry": {
        "type": "Point",
        "coordinates": [
          -3.291074,
          51.0611885
        ]
      },
      "properties": {
        "osm_type": "way",
        "osm_id": 627861581,
        "operator": "Private",
        "capacity_mw": 0.0225,
        "power": "plant",
        "plant_source": "solar"
      }
    },
    {
      "type": "Feature",
      "geometry": {
        "type": "Point",
        "coordinates": [
          0.4638659,
          51.3161944
        ]
      },
      "properties": {
        "osm_type": "way",
        "osm_id": 628221943,
        "power": "plant",
        "plant_source": "solar"
      }
    },
    {
      "type": "Feature",
      "geometry": {
        "type": "Point",
        "coordinates": [
          0.7108739,
          51.2265629
        ]
      },
      "properties": {
        "osm_type": "way",
        "osm_id": 628225156,
        "name": "East Lenham Solar Farm",
        "operator": "Laurence Associates",
        "capacity_mw": 6.6,
        "power": "plant",
        "plant_source": "solar"
      }
    },
    {
      "type": "Feature",
      "geometry": {
        "type": "Point",
        "coordinates": [
          -1.7742152,
          52.1928846
        ]
      },
      "properties": {
        "osm_type": "way",
        "osm_id": 630322625,
        "name": "Drayton Manor Farm",
        "operator": "Anesco",
        "capacity_mw": 25.0,
        "power": "plant",
        "plant_source": "solar"
      }
    },
    {
      "type": "Feature",
      "geometry": {
        "type": "Point",
        "coordinates": [
          -3.417094,
          50.7677836
        ]
      },
      "properties": {
        "osm_type": "way",
        "osm_id": 631071004,
        "name": "Burrowton Farm",
        "operator": "British Solar Renewables Ltd.",
        "capacity_mw": 5.0,
        "power": "plant",
        "plant_source": "solar"
      }
    },
    {
      "type": "Feature",
      "geometry": {
        "type": "Point",
        "coordinates": [
          -3.0248799,
          53.2286907
        ]
      },
      "properties": {
        "osm_type": "way",
        "osm_id": 631362720,
        "name": "Toyota Engine Plant Solar Farm",
        "power": "plant",
        "plant_source": "solar"
      }
    },
    {
      "type": "Feature",
      "geometry": {
        "type": "Point",
        "coordinates": [
          -2.9960689,
          51.0193908
        ]
      },
      "properties": {
        "osm_type": "way",
        "osm_id": 631905191,
        "name": "Higher Knapp Farm Solar Park",
        "operator": "Octopus Investments",
        "capacity_mw": 1.5,
        "power": "plant",
        "plant_source": "solar"
      }
    },
    {
      "type": "Feature",
      "geometry": {
        "type": "Point",
        "coordinates": [
          -1.1084547,
          52.7951154
        ]
      },
      "properties": {
        "osm_type": "way",
        "osm_id": 639101187,
        "power": "plant",
        "plant_source": "solar"
      }
    },
    {
      "type": "Feature",
      "geometry": {
        "type": "Point",
        "coordinates": [
          -3.2548094,
          51.3955771
        ]
      },
      "properties": {
        "osm_type": "way",
        "osm_id": 641593818,
        "name": "Port of Barry",
        "operator": "Port of Barry",
        "capacity_mw": 4.5,
        "power": "plant",
        "plant_source": "solar"
      }
    },
    {
      "type": "Feature",
      "geometry": {
        "type": "Point",
        "coordinates": [
          -3.2783562,
          56.3675437
        ]
      },
      "properties": {
        "osm_type": "way",
        "osm_id": 641654199,
        "name": "Errol Estate",
        "operator": "Elgin Energy EsCo",
        "capacity_mw": 13.0,
        "power": "plant",
        "plant_source": "solar"
      }
    },
    {
      "type": "Feature",
      "geometry": {
        "type": "Point",
        "coordinates": [
          -2.9623418,
          56.4163701
        ]
      },
      "properties": {
        "osm_type": "way",
        "osm_id": 641679299,
        "name": "Wormit Solar Farm",
        "operator": "Green Hedge (BayWa r.e.)",
        "capacity_mw": 4.0,
        "power": "plant",
        "plant_source": "solar"
      }
    },
    {
      "type": "Feature",
      "geometry": {
        "type": "Point",
        "coordinates": [
          1.3886476,
          52.5758535
        ]
      },
      "properties": {
        "osm_type": "way",
        "osm_id": 642629130,
        "name": "Avenue Farm",
        "operator": "Lightsource Renewable Energy",
        "capacity_mw": 7.3,
        "power": "plant",
        "plant_source": "solar"
      }
    },
    {
      "type": "Feature",
      "geometry": {
        "type": "Point",
        "coordinates": [
          -1.1997628,
          50.6414963
        ]
      },
      "properties": {
        "osm_type": "way",
        "osm_id": 647871633,
        "name": "Ventnor Road Solar Park",
        "capacity_mw": 4.8,
        "power": "plant",
        "plant_source": "solar"
      }
    },
    {
      "type": "Feature",
      "geometry": {
        "type": "Point",
        "coordinates": [
          0.1975387,
          52.7111575
        ]
      },
      "properties": {
        "osm_type": "way",
        "osm_id": 649698214,
        "name": "Rose and Crown Farm Solar Farm",
        "capacity_mw": 30.0,
        "power": "plant",
        "plant_source": "solar"
      }
    },
    {
      "type": "Feature",
      "geometry": {
        "type": "Point",
        "coordinates": [
          -1.0324479,
          54.0956222
        ]
      },
      "properties": {
        "osm_type": "way",
        "osm_id": 650270301,
        "name": "Mill Hill Farm",
        "operator": "Lightsource Renewable Energy",
        "capacity_mw": 5.0,
        "power": "plant",
        "plant_source": "solar"
      }
    },
    {
      "type": "Feature",
      "geometry": {
        "type": "Point",
        "coordinates": [
          -1.1100324,
          52.0391954
        ]
      },
      "properties": {
        "osm_type": "way",
        "osm_id": 653770949,
        "name": "Turweston Airfield Solar Farm",
        "capacity_mw": 17.4,
        "power": "plant",
        "plant_source": "solar"
      }
    },
    {
      "type": "Feature",
      "geometry": {
        "type": "Point",
        "coordinates": [
          -4.6656032,
          50.4319624
        ]
      },
      "properties": {
        "osm_type": "way",
        "osm_id": 654579269,
        "name": "Polmaugan Farm",
        "operator": "Munich RE",
        "capacity_mw": 5.0,
        "power": "plant",
        "plant_source": "solar"
      }
    },
    {
      "type": "Feature",
      "geometry": {
        "type": "Point",
        "coordinates": [
          -1.746942,
          52.7536379
        ]
      },
      "properties": {
        "osm_type": "way",
        "osm_id": 655210512,
        "name": "Blakenhall Park Solar Farm",
        "operator": "Mercer Farming",
        "capacity_mw": 1.8,
        "power": "plant",
        "plant_source": "solar"
      }
    },
    {
      "type": "Feature",
      "geometry": {
        "type": "Point",
        "coordinates": [
          -0.1726197,
          50.9728233
        ]
      },
      "properties": {
        "osm_type": "way",
        "osm_id": 656860356,
        "capacity_mw": 4.4,
        "power": "plant",
        "plant_source": "solar"
      }
    },
    {
      "type": "Feature",
      "geometry": {
        "type": "Point",
        "coordinates": [
          0.0071558,
          52.0649207
        ]
      },
      "properties": {
        "osm_type": "way",
        "osm_id": 660059453,
        "name": "Muncey's Farm",
        "operator": "Lightsource Renewable Energy",
        "capacity_mw": 31.6,
        "power": "plant",
        "plant_source": "solar"
      }
    },
    {
      "type": "Feature",
      "geometry": {
        "type": "Point",
        "coordinates": [
          1.3996955,
          52.6886652
        ]
      },
      "properties": {
        "osm_type": "way",
        "osm_id": 660825456,
        "name": "Salhouse Solar Power Station",
        "operator": "Island Green Power",
        "capacity_mw": 5.0,
        "power": "plant",
        "plant_source": "solar"
      }
    },
    {
      "type": "Feature",
      "geometry": {
        "type": "Point",
        "coordinates": [
          -3.1278623,
          50.930499
        ]
      },
      "properties": {
        "osm_type": "way",
        "osm_id": 661675365,
        "operator": "Culmhead Business Centre",
        "power": "plant",
        "plant_source": "solar"
      }
    },
    {
      "type": "Feature",
      "geometry": {
        "type": "Point",
        "coordinates": [
          -0.6930508,
          52.2810173
        ]
      },
      "properties": {
        "osm_type": "way",
        "osm_id": 662532040,
        "name": "Wellingborough Solar Farm",
        "capacity_mw": 8.5,
        "power": "plant",
        "plant_source": "solar"
      }
    },
    {
      "type": "Feature",
      "geometry": {
        "type": "Point",
        "coordinates": [
          -0.6850907,
          52.1369154
        ]
      },
      "properties": {
        "osm_type": "way",
        "osm_id": 662771488,
        "name": "Emberton Solar Park",
        "capacity_mw": 9.0,
        "power": "plant",
        "plant_source": "solar"
      }
    },
    {
      "type": "Feature",
      "geometry": {
        "type": "Point",
        "coordinates": [
          -1.1307377,
          52.5651659
        ]
      },
      "properties": {
        "osm_type": "way",
        "osm_id": 662867685,
        "name": "Blaby Solar Farm",
        "operator": "Blaby Solar Farm",
        "capacity_mw": 3.5,
        "power": "plant",
        "plant_source": "solar"
      }
    },
    {
      "type": "Feature",
      "geometry": {
        "type": "Point",
        "coordinates": [
          1.3474628,
          51.3150268
        ]
      },
      "properties": {
        "osm_type": "way",
        "osm_id": 663038129,
        "power": "plant",
        "plant_source": "solar"
      }
    },
    {
      "type": "Feature",
      "geometry": {
        "type": "Point",
        "coordinates": [
          -2.5342744,
          51.198941
        ]
      },
      "properties": {
        "osm_type": "way",
        "osm_id": 665057286,
        "name": "New Row Farm",
        "operator": "Lightsource BP",
        "capacity_mw": 3.9,
        "power": "plant",
        "plant_source": "solar"
      }
    },
    {
      "type": "Feature",
      "geometry": {
        "type": "Point",
        "coordinates": [
          0.7429385,
          52.7901962
        ]
      },
      "properties": {
        "osm_type": "way",
        "osm_id": 665592729,
        "name": "West Raynham Solar Farm",
        "operator": "Good Energy",
        "capacity_mw": 49.9,
        "power": "plant",
        "plant_source": "solar"
      }
    },
    {
      "type": "Feature",
      "geometry": {
        "type": "Point",
        "coordinates": [
          -1.8386677,
          51.0499806
        ]
      },
      "properties": {
        "osm_type": "way",
        "osm_id": 665996712,
        "name": "Bake Farm Solar Farm",
        "operator": "British Solar Renewables",
        "capacity_mw": 5.0,
        "power": "plant",
        "plant_source": "solar"
      }
    },
    {
      "type": "Feature",
      "geometry": {
        "type": "Point",
        "coordinates": [
          -1.3569544,
          54.5459798
        ]
      },
      "properties": {
        "osm_type": "way",
        "osm_id": 666271254,
        "name": "Eaglescliffe Solar Farm",
        "operator": "UK Sustainable Energy",
        "capacity_mw": 5.0,
        "power": "plant",
        "plant_source": "solar"
      }
    },
    {
      "type": "Feature",
      "geometry": {
        "type": "Point",
        "coordinates": [
          -1.7892096,
          51.6463307
        ]
      },
      "properties": {
        "osm_type": "way",
        "osm_id": 668060179,
        "name": "Castle Eaton Farm",
        "operator": "Hive Energy",
        "capacity_mw": 17.8,
        "power": "plant",
        "plant_source": "solar"
      }
    },
    {
      "type": "Feature",
      "geometry": {
        "type": "Point",
        "coordinates": [
          1.2750102,
          51.2382891
        ]
      },
      "properties": {
        "osm_type": "way",
        "osm_id": 668061824,
        "name": "Home Farm",
        "operator": "Lightsource BP",
        "capacity_mw": 11.5,
        "power": "plant",
        "plant_source": "solar"
      }
    },
    {
      "type": "Feature",
      "geometry": {
        "type": "Point",
        "coordinates": [
          -5.0176098,
          51.6651256
        ]
      },
      "properties": {
        "osm_type": "way",
        "osm_id": 668062411,
        "name": "Little Neath",
        "operator": "Lightsource BP",
        "capacity_mw": 6.1,
        "power": "plant",
        "plant_source": "solar"
      }
    },
    {
      "type": "Feature",
      "geometry": {
        "type": "Point",
        "coordinates": [
          -1.3577192,
          51.6327656
        ]
      },
      "properties": {
        "osm_type": "way",
        "osm_id": 668067339,
        "name": "Steventon Solar Park",
        "capacity_mw": 10.0,
        "power": "plant",
        "plant_source": "solar"
      }
    },
    {
      "type": "Feature",
      "geometry": {
        "type": "Point",
        "coordinates": [
          -1.4603694,
          52.0682292
        ]
      },
      "properties": {
        "osm_type": "way",
        "osm_id": 668067579,
        "name": "Epwell Solar Park",
        "operator": "Lightsource BP",
        "capacity_mw": 9.0,
        "power": "plant",
        "plant_source": "solar"
      }
    },
    {
      "type": "Feature",
      "geometry": {
        "type": "Point",
        "coordinates": [
          -2.2115144,
          51.4887501
        ]
      },
      "properties": {
        "osm_type": "way",
        "osm_id": 668068196,
        "name": "Castle Combe Solar Park",
        "operator": "Lightsource BP",
        "capacity_mw": 15.4,
        "power": "plant",
        "plant_source": "solar"
      }
    },
    {
      "type": "Feature",
      "geometry": {
        "type": "Point",
        "coordinates": [
          -2.7073436,
          52.7350571
        ]
      },
      "properties": {
        "osm_type": "way",
        "osm_id": 668069381,
        "name": "Sundorne Grove Solar Park",
        "operator": "Lightsource BP",
        "power": "plant",
        "plant_source": "solar"
      }
    },
    {
      "type": "Feature",
      "geometry": {
        "type": "Point",
        "coordinates": [
          0.3017161,
          53.148937
        ]
      },
      "properties": {
        "osm_type": "way",
        "osm_id": 668754895,
        "name": "Skegness Solar Park",
        "operator": "Skegness Solar Park",
        "power": "plant",
        "plant_source": "solar"
      }
    },
    {
      "type": "Feature",
      "geometry": {
        "type": "Point",
        "coordinates": [
          0.2376531,
          53.1460051
        ]
      },
      "properties": {
        "osm_type": "way",
        "osm_id": 668871147,
        "capacity_mw": 8.6,
        "power": "plant",
        "plant_source": "solar"
      }
    },
    {
      "type": "Feature",
      "geometry": {
        "type": "Point",
        "coordinates": [
          0.8062748,
          51.1674238
        ]
      },
      "properties": {
        "osm_type": "way",
        "osm_id": 670047804,
        "name": "Oaklands Farm Solar Farm",
        "capacity_mw": 6.9,
        "power": "plant",
        "plant_source": "solar"
      }
    },
    {
      "type": "Feature",
      "geometry": {
        "type": "Point",
        "coordinates": [
          0.8781633,
          50.9911403
        ]
      },
      "properties": {
        "osm_type": "way",
        "osm_id": 670050929,
        "name": "Sycamore Farm Solar Farm",
        "capacity_mw": 20.0,
        "power": "plant",
        "plant_source": "solar"
      }
    },
    {
      "type": "Feature",
      "geometry": {
        "type": "Point",
        "coordinates": [
          -0.6911945,
          52.9377487
        ]
      },
      "properties": {
        "osm_type": "way",
        "osm_id": 670776280,
        "power": "plant",
        "plant_source": "solar"
      }
    },
    {
      "type": "Feature",
      "geometry": {
        "type": "Point",
        "coordinates": [
          -1.246064,
          53.7276255
        ]
      },
      "properties": {
        "osm_type": "way",
        "osm_id": 671616607,
        "power": "plant",
        "plant_source": "solar"
      }
    },
    {
      "type": "Feature",
      "geometry": {
        "type": "Point",
        "coordinates": [
          -3.3605403,
          50.8974045
        ]
      },
      "properties": {
        "osm_type": "way",
        "osm_id": 673507744,
        "name": "Langlands Solar Farm",
        "operator": "Bluefield Solar Income Fund",
        "capacity_mw": 2.1,
        "power": "plant",
        "plant_source": "solar"
      }
    },
    {
      "type": "Feature",
      "geometry": {
        "type": "Point",
        "coordinates": [
          -5.3665577,
          50.2151402
        ]
      },
      "properties": {
        "osm_type": "way",
        "osm_id": 673679846,
        "name": "Nanterrow Farm",
        "capacity_mw": 4.7,
        "power": "plant",
        "plant_source": "solar"
      }
    },
    {
      "type": "Feature",
      "geometry": {
        "type": "Point",
        "coordinates": [
          -2.4470927,
          51.7700164
        ]
      },
      "properties": {
        "osm_type": "way",
        "osm_id": 673707679,
        "power": "plant",
        "plant_source": "solar"
      }
    },
    {
      "type": "Feature",
      "geometry": {
        "type": "Point",
        "coordinates": [
          -3.1465034,
          56.1488524
        ]
      },
      "properties": {
        "osm_type": "way",
        "osm_id": 673713701,
        "name": "Middle Balbeggie Solar Farm",
        "operator": "Lightsource BP",
        "capacity_mw": 5.0,
        "power": "plant",
        "plant_source": "solar"
      }
    },
    {
      "type": "Feature",
      "geometry": {
        "type": "Point",
        "coordinates": [
          -3.1709645,
          56.167328
        ]
      },
      "properties": {
        "osm_type": "way",
        "osm_id": 673713702,
        "name": "West Strathore Solar Limited",
        "operator": "West Strathore Limited",
        "capacity_mw": 5.0,
        "power": "plant",
        "plant_source": "solar"
      }
    },
    {
      "type": "Feature",
      "geometry": {
        "type": "Point",
        "coordinates": [
          -4.471525,
          50.9198645
        ]
      },
      "properties": {
        "osm_type": "way",
        "osm_id": 673809792,
        "name": "Chester Energy (East Woolley Farm)",
        "capacity_mw": 5.0,
        "power": "plant",
        "plant_source": "solar"
      }
    },
    {
      "type": "Feature",
      "geometry": {
        "type": "Point",
        "coordinates": [
          0.0851451,
          53.4173094
        ]
      },
      "properties": {
        "osm_type": "way",
        "osm_id": 673825036,
        "name": "Fen Farm Solar Park",
        "operator": "Ecotricity",
        "capacity_mw": 1.0,
        "power": "plant",
        "plant_source": "solar"
      }
    },
    {
      "type": "Feature",
      "geometry": {
        "type": "Point",
        "coordinates": [
          -2.5071923,
          51.7273737
        ]
      },
      "properties": {
        "osm_type": "way",
        "osm_id": 674306699,
        "name": "Hurst Farm",
        "operator": "Bee Green Solar",
        "capacity_mw": 5.0,
        "power": "plant",
        "plant_source": "solar"
      }
    },
    {
      "type": "Feature",
      "geometry": {
        "type": "Point",
        "coordinates": [
          -1.2983018,
          50.737009
        ]
      },
      "properties": {
        "osm_type": "way",
        "osm_id": 675024104,
        "name": "Chawton Farm Solar Farm",
        "operator": "BRNG Renewables",
        "capacity_mw": 3.2,
        "power": "plant",
        "plant_source": "solar"
      }
    },
    {
      "type": "Feature",
      "geometry": {
        "type": "Point",
        "coordinates": [
          -2.9663036,
          51.1238186
        ]
      },
      "properties": {
        "osm_type": "way",
        "osm_id": 675118589,
        "power": "plant",
        "plant_source": "solar"
      }
    },
    {
      "type": "Feature",
      "geometry": {
        "type": "Point",
        "coordinates": [
          -2.9149489,
          53.0315973
        ]
      },
      "properties": {
        "osm_type": "way",
        "osm_id": 675229081,
        "capacity_mw": 3.6,
        "power": "plant",
        "plant_source": "solar"
      }
    },
    {
      "type": "Feature",
      "geometry": {
        "type": "Point",
        "coordinates": [
          -2.9257738,
          53.0281949
        ]
      },
      "properties": {
        "osm_type": "way",
        "osm_id": 675229082,
        "name": "Williams Farm",
        "operator": "Solar Ventures",
        "capacity_mw": 5.0,
        "power": "plant",
        "plant_source": "solar"
      }
    },
    {
      "type": "Feature",
      "geometry": {
        "type": "Point",
        "coordinates": [
          -2.4870503,
          52.7210498
        ]
      },
      "properties": {
        "osm_type": "way",
        "osm_id": 675229088,
        "name": "Wheat Leasows Solar Farm",
        "power": "plant",
        "plant_source": "solar"
      }
    },
    {
      "type": "Feature",
      "geometry": {
        "type": "Point",
        "coordinates": [
          0.8063391,
          51.4016781
        ]
      },
      "properties": {
        "osm_type": "way",
        "osm_id": 675355861,
        "name": "South Lees Farm",
        "capacity_mw": 11.0,
        "power": "plant",
        "plant_source": "solar"
      }
    },
    {
      "type": "Feature",
      "geometry": {
        "type": "Point",
        "coordinates": [
          0.69869,
          51.3685788
        ]
      },
      "properties": {
        "osm_type": "way",
        "osm_id": 675764906,
        "name": "Orchard Solar Farm",
        "operator": "Orchard Community Energy",
        "capacity_mw": 10.0,
        "power": "plant",
        "plant_source": "solar"
      }
    },
    {
      "type": "Feature",
      "geometry": {
        "type": "Point",
        "coordinates": [
          1.3286389,
          51.1492891
        ]
      },
      "properties": {
        "osm_type": "way",
        "osm_id": 675766940,
        "capacity_mw": 5.0,
        "power": "plant",
        "plant_source": "solar"
      }
    },
    {
      "type": "Feature",
      "geometry": {
        "type": "Point",
        "coordinates": [
          -1.1898091,
          51.864668
        ]
      },
      "properties": {
        "osm_type": "way",
        "osm_id": 676146074,
        "name": "New Stone House Solar Farm",
        "capacity_mw": 12.5,
        "power": "plant",
        "plant_source": "solar"
      }
    },
    {
      "type": "Feature",
      "geometry": {
        "type": "Point",
        "coordinates": [
          -1.5832892,
          52.8759083
        ]
      },
      "properties": {
        "osm_type": "way",
        "osm_id": 676239154,
        "name": "Toyota Motors UK - Burnaston",
        "operator": "Toyota Motors UK",
        "capacity_mw": 4.1,
        "power": "plant",
        "plant_source": "solar"
      }
    },
    {
      "type": "Feature",
      "geometry": {
        "type": "Point",
        "coordinates": [
          -2.5877907,
          56.6029384
        ]
      },
      "properties": {
        "osm_type": "way",
        "osm_id": 676771889,
        "name": "Parkhill Solar Farm",
        "operator": "Innova / Lark Energy",
        "capacity_mw": 5.0,
        "power": "plant",
        "plant_source": "solar"
      }
    },
    {
      "type": "Feature",
      "geometry": {
        "type": "Point",
        "coordinates": [
          -0.6987005,
          53.3247811
        ]
      },
      "properties": {
        "osm_type": "way",
        "osm_id": 677066874,
        "power": "plant",
        "plant_source": "solar"
      }
    },
    {
      "type": "Feature",
      "geometry": {
        "type": "Point",
        "coordinates": [
          -3.514945,
          51.4951169
        ]
      },
      "properties": {
        "osm_type": "way",
        "osm_id": 677272056,
        "name": "Land At Court Farm",
        "operator": "Sybac Solar International GmbH",
        "capacity_mw": 2.2,
        "power": "plant",
        "plant_source": "solar"
      }
    },
    {
      "type": "Feature",
      "geometry": {
        "type": "Point",
        "coordinates": [
          -1.7861997,
          52.1008896
        ]
      },
      "properties": {
        "osm_type": "way",
        "osm_id": 677406730,
        "power": "plant",
        "plant_source": "solar"
      }
    },
    {
      "type": "Feature",
      "geometry": {
        "type": "Point",
        "coordinates": [
          -4.0373395,
          50.3939115
        ]
      },
      "properties": {
        "osm_type": "way",
        "osm_id": 677909048,
        "power": "plant",
        "plant_source": "solar"
      }
    },
    {
      "type": "Feature",
      "geometry": {
        "type": "Point",
        "coordinates": [
          -0.7265165,
          53.022836
        ]
      },
      "properties": {
        "osm_type": "way",
        "osm_id": 679116880,
        "name": "Copley Farm Solar Power Station",
        "capacity_mw": 30.0,
        "power": "plant",
        "plant_source": "solar"
      }
    },
    {
      "type": "Feature",
      "geometry": {
        "type": "Point",
        "coordinates": [
          -1.4802454,
          52.2554693
        ]
      },
      "properties": {
        "osm_type": "way",
        "osm_id": 679991315,
        "name": "Radford Semele Solar Farm",
        "operator": "Anesco",
        "capacity_mw": 10.0,
        "power": "plant",
        "plant_source": "solar"
      }
    },
    {
      "type": "Feature",
      "geometry": {
        "type": "Point",
        "coordinates": [
          -0.8442141,
          52.4548446
        ]
      },
      "properties": {
        "osm_type": "way",
        "osm_id": 680558996,
        "name": "Eckland Solar Farm",
        "capacity_mw": 2.9,
        "power": "plant",
        "plant_source": "solar"
      }
    },
    {
      "type": "Feature",
      "geometry": {
        "type": "Point",
        "coordinates": [
          -2.1911186,
          51.3462586
        ]
      },
      "properties": {
        "osm_type": "way",
        "osm_id": 680599634,
        "name": "Marsh Farm Hilperton",
        "operator": "Foresight",
        "capacity_mw": 9.1,
        "power": "plant",
        "plant_source": "solar"
      }
    },
    {
      "type": "Feature",
      "geometry": {
        "type": "Point",
        "coordinates": [
          -1.1970325,
          53.2062649
        ]
      },
      "properties": {
        "osm_type": "way",
        "osm_id": 681175591,
        "name": "SPF Thirty Acres Farm",
        "operator": "SPF Thirty Acres Limited",
        "capacity_mw": 3.8,
        "power": "plant",
        "plant_source": "solar"
      }
    },
    {
      "type": "Feature",
      "geometry": {
        "type": "Point",
        "coordinates": [
          -1.199787,
          53.1815301
        ]
      },
      "properties": {
        "osm_type": "way",
        "osm_id": 681180165,
        "name": "Littlewood Lane Solar",
        "operator": "Littlewood Renewables",
        "capacity_mw": 5.0,
        "power": "plant",
        "plant_source": "solar"
      }
    },
    {
      "type": "Feature",
      "geometry": {
        "type": "Point",
        "coordinates": [
          -2.1043539,
          51.6296144
        ]
      },
      "properties": {
        "osm_type": "way",
        "osm_id": 681352482,
        "name": "Newnton Dairy Farm",
        "capacity_mw": 7.2,
        "power": "plant",
        "plant_source": "solar"
      }
    },
    {
      "type": "Feature",
      "geometry": {
        "type": "Point",
        "coordinates": [
          -2.1103084,
          51.624213
        ]
      },
      "properties": {
        "osm_type": "way",
        "osm_id": 681352483,
        "name": "Malmesbury Solar",
        "operator": "Sunstroom Energy",
        "capacity_mw": 5.0,
        "power": "plant",
        "plant_source": "solar"
      }
    },
    {
      "type": "Feature",
      "geometry": {
        "type": "Point",
        "coordinates": [
          -0.2761012,
          52.1489864
        ]
      },
      "properties": {
        "osm_type": "way",
        "osm_id": 681357475,
        "name": "Waterloo",
        "capacity_mw": 14.6,
        "power": "plant",
        "plant_source": "solar"
      }
    },
    {
      "type": "Feature",
      "geometry": {
        "type": "Point",
        "coordinates": [
          -0.000692,
          52.0000782
        ]
      },
      "properties": {
        "osm_type": "way",
        "osm_id": 681358230,
        "name": "Wisbridge Farm",
        "operator": "Push Energy",
        "capacity_mw": 9.3,
        "power": "plant",
        "plant_source": "solar"
      }
    },
    {
      "type": "Feature",
      "geometry": {
        "type": "Point",
        "coordinates": [
          -0.0403606,
          52.0632492
        ]
      },
      "properties": {
        "osm_type": "way",
        "osm_id": 681358231,
        "name": "Bassingbourn Solar Farm",
        "capacity_mw": 14.4,
        "power": "plant",
        "plant_source": "solar"
      }
    },
    {
      "type": "Feature",
      "geometry": {
        "type": "Point",
        "coordinates": [
          1.650205,
          52.3404833
        ]
      },
      "properties": {
        "osm_type": "way",
        "osm_id": 681360635,
        "name": "Reydon Farm",
        "operator": "Green Hedge (BayWa r.e.)",
        "capacity_mw": 3.9,
        "power": "plant",
        "plant_source": "solar"
      }
    },
    {
      "type": "Feature",
      "geometry": {
        "type": "Point",
        "coordinates": [
          -1.3464206,
          53.248384
        ]
      },
      "properties": {
        "osm_type": "way",
        "osm_id": 681366625,
        "name": "Arkwright Solar Farm",
        "operator": "Conergy",
        "capacity_mw": 8.0,
        "power": "plant",
        "plant_source": "solar"
      }
    },
    {
      "type": "Feature",
      "geometry": {
        "type": "Point",
        "coordinates": [
          -2.4059818,
          51.6438343
        ]
      },
      "properties": {
        "osm_type": "way",
        "osm_id": 681369195,
        "name": "Upper Huntingford Farm",
        "operator": "Foresight",
        "capacity_mw": 7.7,
        "power": "plant",
        "plant_source": "solar"
      }
    },
    {
      "type": "Feature",
      "geometry": {
        "type": "Point",
        "coordinates": [
          0.2311662,
          52.3262977
        ]
      },
      "properties": {
        "osm_type": "way",
        "osm_id": 681379736,
        "power": "plant",
        "plant_source": "solar"
      }
    },
    {
      "type": "Feature",
      "geometry": {
        "type": "Point",
        "coordinates": [
          0.2189541,
          52.3279877
        ]
      },
      "properties": {
        "osm_type": "way",
        "osm_id": 681379746,
        "name": "Stowbridge Solar Farm",
        "capacity_mw": 23.0,
        "power": "plant",
        "plant_source": "solar"
      }
    },
    {
      "type": "Feature",
      "geometry": {
        "type": "Point",
        "coordinates": [
          0.2252627,
          52.3213026
        ]
      },
      "properties": {
        "osm_type": "way",
        "osm_id": 681379749,
        "power": "plant",
        "plant_source": "solar"
      }
    },
    {
      "type": "Feature",
      "geometry": {
        "type": "Point",
        "coordinates": [
          -0.2368444,
          52.4194902
        ]
      },
      "properties": {
        "osm_type": "way",
        "osm_id": 681379770,
        "name": "Abbey Farm",
        "power": "plant",
        "plant_source": "solar"
      }
    },
    {
      "type": "Feature",
      "geometry": {
        "type": "Point",
        "coordinates": [
          -0.6924001,
          52.9700517
        ]
      },
      "properties": {
        "osm_type": "way",
        "osm_id": 681405471,
        "name": "Marston Solar Farm",
        "operator": "Lark Energy",
        "capacity_mw": 4.9,
        "power": "plant",
        "plant_source": "solar"
      }
    },
    {
      "type": "Feature",
      "geometry": {
        "type": "Point",
        "coordinates": [
          -5.0105945,
          51.6692307
        ]
      },
      "properties": {
        "osm_type": "way",
        "osm_id": 681476091,
        "name": "Hoplass Solar Farm",
        "capacity_mw": 10.0,
        "power": "plant",
        "plant_source": "solar"
      }
    },
    {
      "type": "Feature",
      "geometry": {
        "type": "Point",
        "coordinates": [
          -1.4860095,
          50.6862108
        ]
      },
      "properties": {
        "osm_type": "way",
        "osm_id": 681493116,
        "name": "Wilmingham Lane Solar Farm",
        "operator": "Low Carbon Solar",
        "capacity_mw": 7.0,
        "power": "plant",
        "plant_source": "solar"
      }
    },
    {
      "type": "Feature",
      "geometry": {
        "type": "Point",
        "coordinates": [
          -1.3667562,
          50.7091067
        ]
      },
      "properties": {
        "osm_type": "way",
        "osm_id": 681493117,
        "name": "Durrants Solar Farm",
        "capacity_mw": 4.5,
        "power": "plant",
        "plant_source": "solar"
      }
    },
    {
      "type": "Feature",
      "geometry": {
        "type": "Point",
        "coordinates": [
          -3.9179872,
          51.1255637
        ]
      },
      "properties": {
        "osm_type": "way",
        "osm_id": 681500452,
        "name": "Bratton Fleming Solar Farm",
        "operator": "Wessex Solar Energy",
        "capacity_mw": 5.0,
        "power": "plant",
        "plant_source": "solar"
      }
    },
    {
      "type": "Feature",
      "geometry": {
        "type": "Point",
        "coordinates": [
          -3.9095329,
          51.1350595
        ]
      },
      "properties": {
        "osm_type": "way",
        "osm_id": 681500454,
        "name": "Capeland Farm",
        "operator": "juwi Renewable Energies",
        "capacity_mw": 8.3,
        "power": "plant",
        "plant_source": "solar"
      }
    },
    {
      "type": "Feature",
      "geometry": {
        "type": "Point",
        "coordinates": [
          -1.2735249,
          50.7155703
        ]
      },
      "properties": {
        "osm_type": "way",
        "osm_id": 681573457,
        "name": "East Fairlee Solar Farm",
        "capacity_mw": 7.3,
        "power": "plant",
        "plant_source": "solar"
      }
    },
    {
      "type": "Feature",
      "geometry": {
        "type": "Point",
        "coordinates": [
          -1.3523486,
          51.6350338
        ]
      },
      "properties": {
        "osm_type": "way",
        "osm_id": 681589458,
        "name": "Goose Willow Farm",
        "operator": "Ikaros",
        "capacity_mw": 18.5,
        "power": "plant",
        "plant_source": "solar"
      }
    },
    {
      "type": "Feature",
      "geometry": {
        "type": "Point",
        "coordinates": [
          -6.230868,
          54.6809803
        ]
      },
      "properties": {
        "osm_type": "way",
        "osm_id": 681690951,
        "name": "South Antrim Phase 11",
        "capacity_mw": 6.5,
        "power": "plant",
        "plant_source": "solar"
      }
    },
    {
      "type": "Feature",
      "geometry": {
        "type": "Point",
        "coordinates": [
          -6.1988159,
          54.6707962
        ]
      },
      "properties": {
        "osm_type": "way",
        "osm_id": 681692998,
        "name": "Crookedstone Road",
        "operator": "Lightsource BP",
        "capacity_mw": 4.8,
        "power": "plant",
        "plant_source": "solar"
      }
    },
    {
      "type": "Feature",
      "geometry": {
        "type": "Point",
        "coordinates": [
          -6.1109817,
          54.6388743
        ]
      },
      "properties": {
        "osm_type": "way",
        "osm_id": 681695128,
        "name": "Belfast Road Solar Farm",
        "operator": "Lightsource BP",
        "capacity_mw": 10.0,
        "power": "plant",
        "plant_source": "solar"
      }
    },
    {
      "type": "Feature",
      "geometry": {
        "type": "Point",
        "coordinates": [
          -6.1777979,
          54.6205195
        ]
      },
      "properties": {
        "osm_type": "way",
        "osm_id": 681697542,
        "name": "Moira Road",
        "capacity_mw": 6.5,
        "power": "plant",
        "plant_source": "solar"
      }
    },
    {
      "type": "Feature",
      "geometry": {
        "type": "Point",
        "coordinates": [
          -6.1761405,
          54.513208
        ]
      },
      "properties": {
        "osm_type": "way",
        "osm_id": 681706875,
        "name": "Maghaberry Solar Farm",
        "capacity_mw": 25.7,
        "power": "plant",
        "plant_source": "solar"
      }
    },
    {
      "type": "Feature",
      "geometry": {
        "type": "Point",
        "coordinates": [
          0.7714147,
          52.8609455
        ]
      },
      "properties": {
        "osm_type": "way",
        "osm_id": 681746420,
        "name": "South Creake Solar Power Station",
        "capacity_mw": 26.0,
        "power": "plant",
        "plant_source": "solar"
      }
    },
    {
      "type": "Feature",
      "geometry": {
        "type": "Point",
        "coordinates": [
          -1.7348638,
          51.653828
        ]
      },
      "properties": {
        "osm_type": "way",
        "osm_id": 681746433,
        "name": "Pentylands Farm",
        "operator": "Moser Baer",
        "capacity_mw": 19.0,
        "power": "plant",
        "plant_source": "solar"
      }
    },
    {
      "type": "Feature",
      "geometry": {
        "type": "Point",
        "coordinates": [
          -1.6752488,
          50.9654663
        ]
      },
      "properties": {
        "osm_type": "way",
        "osm_id": 681807753,
        "power": "plant",
        "plant_source": "solar"
      }
    },
    {
      "type": "Feature",
      "geometry": {
        "type": "Point",
        "coordinates": [
          -1.6769546,
          50.9656638
        ]
      },
      "properties": {
        "osm_type": "way",
        "osm_id": 681807754,
        "power": "plant",
        "plant_source": "solar"
      }
    },
    {
      "type": "Feature",
      "geometry": {
        "type": "Point",
        "coordinates": [
          -2.4950794,
          50.6276432
        ]
      },
      "properties": {
        "osm_type": "way",
        "osm_id": 681812819,
        "capacity_mw": 5.0,
        "power": "plant",
        "plant_source": "solar"
      }
    },
    {
      "type": "Feature",
      "geometry": {
        "type": "Point",
        "coordinates": [
          -2.5063254,
          50.6438179
        ]
      },
      "properties": {
        "osm_type": "way",
        "osm_id": 681812833,
        "name": "Nottington Lane Solar Farm",
        "operator": "PS Renewables",
        "capacity_mw": 5.0,
        "power": "plant",
        "plant_source": "solar"
      }
    },
    {
      "type": "Feature",
      "geometry": {
        "type": "Point",
        "coordinates": [
          -1.0343215,
          50.9119528
        ]
      },
      "properties": {
        "osm_type": "way",
        "osm_id": 681831375,
        "name": "Lovedean Farm",
        "capacity_mw": 4.5,
        "power": "plant",
        "plant_source": "solar"
      }
    },
    {
      "type": "Feature",
      "geometry": {
        "type": "Point",
        "coordinates": [
          -1.3479817,
          51.61657
        ]
      },
      "properties": {
        "osm_type": "way",
        "osm_id": 681843749,
        "name": "Hill Farm Solar Park",
        "capacity_mw": 14.8,
        "power": "plant",
        "plant_source": "solar"
      }
    },
    {
      "type": "Feature",
      "geometry": {
        "type": "Point",
        "coordinates": [
          -1.3077325,
          50.9494429
        ]
      },
      "properties": {
        "osm_type": "way",
        "osm_id": 681983894,
        "name": "Chalcroft Solar Farm",
        "capacity_mw": 6.3,
        "power": "plant",
        "plant_source": "solar"
      }
    },
    {
      "type": "Feature",
      "geometry": {
        "type": "Point",
        "coordinates": [
          -0.9360571,
          52.7831688
        ]
      },
      "properties": {
        "osm_type": "way",
        "osm_id": 682002164,
        "name": "Asfordby B",
        "power": "plant",
        "plant_source": "solar"
      }
    },
    {
      "type": "Feature",
      "geometry": {
        "type": "Point",
        "coordinates": [
          -1.1278146,
          51.8511234
        ]
      },
      "properties": {
        "osm_type": "way",
        "osm_id": 682004205,
        "name": "Brooks Farm Solar Park",
        "operator": "Green Energy UK Direct Ltd",
        "capacity_mw": 25.0,
        "power": "plant",
        "plant_source": "solar"
      }
    },
    {
      "type": "Feature",
      "geometry": {
        "type": "Point",
        "coordinates": [
          -1.1442143,
          51.868638
        ]
      },
      "properties": {
        "osm_type": "way",
        "osm_id": 682004206,
        "power": "plant",
        "plant_source": "solar"
      }
    },
    {
      "type": "Feature",
      "geometry": {
        "type": "Point",
        "coordinates": [
          -1.1160648,
          52.7398192
        ]
      },
      "properties": {
        "osm_type": "way",
        "osm_id": 682008033,
        "name": "Gypsum Solar Farm",
        "operator": "BE Renewables",
        "capacity_mw": 5.0,
        "power": "plant",
        "plant_source": "solar"
      }
    },
    {
      "type": "Feature",
      "geometry": {
        "type": "Point",
        "coordinates": [
          -0.8548354,
          52.9478448
        ]
      },
      "properties": {
        "osm_type": "way",
        "osm_id": 682011099,
        "name": "Elton solar farm",
        "operator": "Valfortec",
        "capacity_mw": 5.0,
        "power": "plant",
        "plant_source": "solar"
      }
    },
    {
      "type": "Feature",
      "geometry": {
        "type": "Point",
        "coordinates": [
          1.1757094,
          52.9015991
        ]
      },
      "properties": {
        "osm_type": "way",
        "osm_id": 682031324,
        "name": "Pond Farm",
        "operator": "Lark Energy",
        "capacity_mw": 3.6,
        "power": "plant",
        "plant_source": "solar"
      }
    },
    {
      "type": "Feature",
      "geometry": {
        "type": "Point",
        "coordinates": [
          -0.9498388,
          52.9027662
        ]
      },
      "properties": {
        "osm_type": "way",
        "osm_id": 682102563,
        "name": "Langar Lane",
        "capacity_mw": 10.0,
        "power": "plant",
        "plant_source": "solar"
      }
    },
    {
      "type": "Feature",
      "geometry": {
        "type": "Point",
        "coordinates": [
          -1.3445323,
          52.6886048
        ]
      },
      "properties": {
        "osm_type": "way",
        "osm_id": 682462335,
        "name": "Tower Hayes  Farm",
        "capacity_mw": 5.0,
        "power": "plant",
        "plant_source": "solar"
      }
    },
    {
      "type": "Feature",
      "geometry": {
        "type": "Point",
        "coordinates": [
          -1.3093796,
          52.6812082
        ]
      },
      "properties": {
        "osm_type": "way",
        "osm_id": 682463646,
        "name": "Thornton Lane Solar Farm",
        "operator": "Thornton Lane Solar Farm Limited",
        "capacity_mw": 2.7,
        "power": "plant",
        "plant_source": "solar"
      }
    },
    {
      "type": "Feature",
      "geometry": {
        "type": "Point",
        "coordinates": [
          -2.2223255,
          51.3312784
        ]
      },
      "properties": {
        "osm_type": "way",
        "osm_id": 682783416,
        "name": "Cockhill Solar Farm",
        "capacity_mw": 20.0,
        "power": "plant",
        "plant_source": "solar"
      }
    },
    {
      "type": "Feature",
      "geometry": {
        "type": "Point",
        "coordinates": [
          0.8231485,
          52.9097624
        ]
      },
      "properties": {
        "osm_type": "way",
        "osm_id": 682783429,
        "name": "North Creake Airfield Solar Farm",
        "capacity_mw": 20.0,
        "power": "plant",
        "plant_source": "solar"
      }
    },
    {
      "type": "Feature",
      "geometry": {
        "type": "Point",
        "coordinates": [
          0.6114625,
          52.2890034
        ]
      },
      "properties": {
        "osm_type": "way",
        "osm_id": 682783461,
        "name": "Lackford Estate Solar Power Station",
        "capacity_mw": 20.9,
        "power": "plant",
        "plant_source": "solar"
      }
    },
    {
      "type": "Feature",
      "geometry": {
        "type": "Point",
        "coordinates": [
          0.9367872,
          51.8137916
        ]
      },
      "properties": {
        "osm_type": "way",
        "osm_id": 682783467,
        "name": "Langenhoe Solar Farm",
        "capacity_mw": 21.3,
        "power": "plant",
        "plant_source": "solar"
      }
    },
    {
      "type": "Feature",
      "geometry": {
        "type": "Point",
        "coordinates": [
          -2.9271035,
          51.1824466
        ]
      },
      "properties": {
        "osm_type": "way",
        "osm_id": 682849360,
        "name": "Pyde Drove",
        "capacity_mw": 7.0,
        "power": "plant",
        "plant_source": "solar"
      }
    },
    {
      "type": "Feature",
      "geometry": {
        "type": "Point",
        "coordinates": [
          -3.0357184,
          51.1132839
        ]
      },
      "properties": {
        "osm_type": "way",
        "osm_id": 682850489,
        "name": "Cobbs Cross",
        "capacity_mw": 5.0,
        "power": "plant",
        "plant_source": "solar"
      }
    },
    {
      "type": "Feature",
      "geometry": {
        "type": "Point",
        "coordinates": [
          0.1568415,
          52.3346986
        ]
      },
      "properties": {
        "osm_type": "way",
        "osm_id": 683006900,
        "name": "Mingay Solar Farm",
        "capacity_mw": 24.3,
        "power": "plant",
        "plant_source": "solar"
      }
    },
    {
      "type": "Feature",
      "geometry": {
        "type": "Point",
        "coordinates": [
          0.0141431,
          51.1249077
        ]
      },
      "properties": {
        "osm_type": "way",
        "osm_id": 683729358,
        "name": "Worsted Solar Farm",
        "operator": "S4N Worsted",
        "capacity_mw": 5.0,
        "power": "plant",
        "plant_source": "solar"
      }
    },
    {
      "type": "Feature",
      "geometry": {
        "type": "Point",
        "coordinates": [
          0.9355277,
          51.935205
        ]
      },
      "properties": {
        "osm_type": "way",
        "osm_id": 684035481,
        "name": "Boxted Airfield Solar Power Station",
        "operator": "NextEnergy Solar Fund",
        "capacity_mw": 18.8,
        "power": "plant",
        "plant_source": "solar"
      }
    },
    {
      "type": "Feature",
      "geometry": {
        "type": "Point",
        "coordinates": [
          -1.5647772,
          51.4814011
        ]
      },
      "properties": {
        "osm_type": "way",
        "osm_id": 684266747,
        "name": "Hadley Farm (Orta Membury) Solar Farm",
        "capacity_mw": 17.0,
        "power": "plant",
        "plant_source": "solar"
      }
    },
    {
      "type": "Feature",
      "geometry": {
        "type": "Point",
        "coordinates": [
          1.4140324,
          52.1944304
        ]
      },
      "properties": {
        "osm_type": "way",
        "osm_id": 684266757,
        "name": "Parham Airfield Solar Power Station",
        "capacity_mw": 17.5,
        "power": "plant",
        "plant_source": "solar"
      }
    },
    {
      "type": "Feature",
      "geometry": {
        "type": "Point",
        "coordinates": [
          -0.0832211,
          52.1344673
        ]
      },
      "properties": {
        "osm_type": "way",
        "osm_id": 684269249,
        "name": "Church Farm",
        "operator": "Push Energy/NextEnergy Solar Fund (NESF)",
        "capacity_mw": 16.5,
        "power": "plant",
        "plant_source": "solar"
      }
    },
    {
      "type": "Feature",
      "geometry": {
        "type": "Point",
        "coordinates": [
          -2.0879163,
          51.3056672
        ]
      },
      "properties": {
        "osm_type": "way",
        "osm_id": 684269252,
        "name": "Stokes Marsh Farm",
        "operator": "South West Solar Parks",
        "capacity_mw": 16.6,
        "power": "plant",
        "plant_source": "solar"
      }
    },
    {
      "type": "Feature",
      "geometry": {
        "type": "Point",
        "coordinates": [
          -0.4234602,
          52.2679775
        ]
      },
      "properties": {
        "osm_type": "way",
        "osm_id": 684277334,
        "name": "Manor Farm",
        "operator": "Prosolia UK",
        "capacity_mw": 15.0,
        "power": "plant",
        "plant_source": "solar"
      }
    },
    {
      "type": "Feature",
      "geometry": {
        "type": "Point",
        "coordinates": [
          -2.5286905,
          51.5424689
        ]
      },
      "properties": {
        "osm_type": "way",
        "osm_id": 684277345,
        "name": "Grange Farm",
        "capacity_mw": 21.0,
        "power": "plant",
        "plant_source": "solar"
      }
    },
    {
      "type": "Feature",
      "geometry": {
        "type": "Point",
        "coordinates": [
          1.2375139,
          52.5080209
        ]
      },
      "properties": {
        "osm_type": "way",
        "osm_id": 684277356,
        "name": "Hall Farm Park",
        "capacity_mw": 15.0,
        "power": "plant",
        "plant_source": "solar"
      }
    },
    {
      "type": "Feature",
      "geometry": {
        "type": "Point",
        "coordinates": [
          -0.6379097,
          50.8129854
        ]
      },
      "properties": {
        "osm_type": "way",
        "osm_id": 685329977,
        "name": "Bilsham Farm",
        "operator": "NextEnergy Solar Fund",
        "capacity_mw": 14.5,
        "power": "plant",
        "plant_source": "solar"
      }
    },
    {
      "type": "Feature",
      "geometry": {
        "type": "Point",
        "coordinates": [
          1.0327578,
          52.5992526
        ]
      },
      "properties": {
        "osm_type": "way",
        "osm_id": 685329990,
        "name": "Hardingham Solar Power Station",
        "capacity_mw": 20.0,
        "power": "plant",
        "plant_source": "solar"
      }
    },
    {
      "type": "Feature",
      "geometry": {
        "type": "Point",
        "coordinates": [
          -2.597556,
          53.0000328
        ]
      },
      "properties": {
        "osm_type": "way",
        "osm_id": 685748658,
        "name": "Combermere Abbey Solar Farm",
        "capacity_mw": 14.0,
        "power": "plant",
        "plant_source": "solar"
      }
    },
    {
      "type": "Feature",
      "geometry": {
        "type": "Point",
        "coordinates": [
          -0.8802125,
          53.2135951
        ]
      },
      "properties": {
        "osm_type": "way",
        "osm_id": 685748664,
        "name": "Egmanton",
        "capacity_mw": 14.2,
        "power": "plant",
        "plant_source": "solar"
      }
    },
    {
      "type": "Feature",
      "geometry": {
        "type": "Point",
        "coordinates": [
          -2.1623057,
          51.376455
        ]
      },
      "properties": {
        "osm_type": "way",
        "osm_id": 685751585,
        "name": "Roundponds Farm Solar Park",
        "capacity_mw": 13.5,
        "power": "plant",
        "plant_source": "solar"
      }
    },
    {
      "type": "Feature",
      "geometry": {
        "type": "Point",
        "coordinates": [
          -4.2394565,
          53.160303
        ]
      },
      "properties": {
        "osm_type": "way",
        "osm_id": 685751628,
        "name": "Parciau Solar Farm",
        "capacity_mw": 13.9,
        "power": "plant",
        "plant_source": "solar"
      }
    },
    {
      "type": "Feature",
      "geometry": {
        "type": "Point",
        "coordinates": [
          -2.051281,
          52.15614
        ]
      },
      "properties": {
        "osm_type": "way",
        "osm_id": 685751649,
        "name": "Rotherdale Solar Park",
        "capacity_mw": 19.351,
        "power": "plant",
        "plant_source": "solar"
      }
    },
    {
      "type": "Feature",
      "geometry": {
        "type": "Point",
        "coordinates": [
          -0.7412392,
          51.8281991
        ]
      },
      "properties": {
        "osm_type": "way",
        "osm_id": 685985152,
        "name": "Gib Lane Solar Farm",
        "operator": "Haymaker Energy Ltd",
        "capacity_mw": 29.2,
        "power": "plant",
        "plant_source": "solar"
      }
    },
    {
      "type": "Feature",
      "geometry": {
        "type": "Point",
        "coordinates": [
          1.6077947,
          52.4314184
        ]
      },
      "properties": {
        "osm_type": "way",
        "osm_id": 685985153,
        "name": "Ellough Airfield Solar Farm",
        "capacity_mw": 13.2,
        "power": "plant",
        "plant_source": "solar"
      }
    },
    {
      "type": "Feature",
      "geometry": {
        "type": "Point",
        "coordinates": [
          -1.0210695,
          53.141598
        ]
      },
      "properties": {
        "osm_type": "way",
        "osm_id": 686122665,
        "name": "Bilsthorpe Quarry Solar Park",
        "operator": "Anesco",
        "capacity_mw": 4.8,
        "power": "plant",
        "plant_source": "solar"
      }
    },
    {
      "type": "Feature",
      "geometry": {
        "type": "Point",
        "coordinates": [
          -1.0319209,
          53.1540475
        ]
      },
      "properties": {
        "osm_type": "way",
        "osm_id": 686128679,
        "name": "Rufford Lane",
        "operator": "Anesco",
        "capacity_mw": 2.6,
        "power": "plant",
        "plant_source": "solar"
      }
    },
    {
      "type": "Feature",
      "geometry": {
        "type": "Point",
        "coordinates": [
          -1.041894,
          53.1295082
        ]
      },
      "properties": {
        "osm_type": "way",
        "osm_id": 686131655,
        "capacity_mw": 5.0,
        "power": "plant",
        "plant_source": "solar"
      }
    },
    {
      "type": "Feature",
      "geometry": {
        "type": "Point",
        "coordinates": [
          -0.3982051,
          51.4034722
        ]
      },
      "properties": {
        "osm_type": "way",
        "osm_id": 687445859,
        "name": "Walton Water Treatment Works PV",
        "operator": "Thames Water",
        "capacity_mw": 1.8,
        "power": "plant",
        "plant_source": "solar"
      }
    },
    {
      "type": "Feature",
      "geometry": {
        "type": "Point",
        "coordinates": [
          0.366025,
          51.2907797
        ]
      },
      "properties": {
        "osm_type": "way",
        "osm_id": 687452967,
        "name": "Offham Landfill Solar Power Station",
        "operator": "Ethical Power",
        "power": "plant",
        "plant_source": "solar"
      }
    },
    {
      "type": "Feature",
      "geometry": {
        "type": "Point",
        "coordinates": [
          0.35914,
          51.1792137
        ]
      },
      "properties": {
        "osm_type": "way",
        "osm_id": 687453295,
        "name": "Capel Grange Solar Park",
        "operator": "West Coast Energy",
        "capacity_mw": 6.6,
        "power": "plant",
        "plant_source": "solar"
      }
    },
    {
      "type": "Feature",
      "geometry": {
        "type": "Point",
        "coordinates": [
          0.3402985,
          51.1878956
        ]
      },
      "properties": {
        "osm_type": "way",
        "osm_id": 687453296,
        "name": "Hadlow Place Solar Farm",
        "capacity_mw": 14.3,
        "power": "plant",
        "plant_source": "solar"
      }
    },
    {
      "type": "Feature",
      "geometry": {
        "type": "Point",
        "coordinates": [
          0.4115965,
          51.1725528
        ]
      },
      "properties": {
        "osm_type": "way",
        "osm_id": 687456907,
        "name": "Paddock Wood Solar Farm",
        "operator": "Foresight Solar Fund",
        "capacity_mw": 9.2,
        "power": "plant",
        "plant_source": "solar"
      }
    },
    {
      "type": "Feature",
      "geometry": {
        "type": "Point",
        "coordinates": [
          0.2362559,
          50.8446263
        ]
      },
      "properties": {
        "osm_type": "way",
        "osm_id": 687457755,
        "name": "Natewood Farm",
        "operator": "Haymaker Energy",
        "capacity_mw": 8.9,
        "power": "plant",
        "plant_source": "solar"
      }
    },
    {
      "type": "Feature",
      "geometry": {
        "type": "Point",
        "coordinates": [
          -0.6832463,
          50.8113642
        ]
      },
      "properties": {
        "osm_type": "way",
        "osm_id": 687462870,
        "name": "Manor Farm",
        "operator": "BNRG Renewables",
        "capacity_mw": 5.0,
        "power": "plant",
        "plant_source": "solar"
      }
    },
    {
      "type": "Feature",
      "geometry": {
        "type": "Point",
        "coordinates": [
          -0.7153135,
          50.8067643
        ]
      },
      "properties": {
        "osm_type": "way",
        "osm_id": 687462872,
        "name": "Park Farm",
        "operator": "BNRG Renewables",
        "capacity_mw": 5.0,
        "power": "plant",
        "plant_source": "solar"
      }
    },
    {
      "type": "Feature",
      "geometry": {
        "type": "Point",
        "coordinates": [
          -0.6515475,
          50.8223625
        ]
      },
      "properties": {
        "osm_type": "way",
        "osm_id": 687462877,
        "capacity_mw": 1.0,
        "power": "plant",
        "plant_source": "solar"
      }
    },
    {
      "type": "Feature",
      "geometry": {
        "type": "Point",
        "coordinates": [
          -0.6247012,
          50.805944
        ]
      },
      "properties": {
        "osm_type": "way",
        "osm_id": 687462878,
        "name": "Rookery Farm",
        "capacity_mw": 3.8,
        "power": "plant",
        "plant_source": "solar"
      }
    },
    {
      "type": "Feature",
      "geometry": {
        "type": "Point",
        "coordinates": [
          -0.605262,
          50.8342177
        ]
      },
      "properties": {
        "osm_type": "way",
        "osm_id": 687462886,
        "name": "Binsted Farm",
        "operator": "Lightsource BP",
        "capacity_mw": 5.0,
        "power": "plant",
        "plant_source": "solar"
      }
    },
    {
      "type": "Feature",
      "geometry": {
        "type": "Point",
        "coordinates": [
          -1.7386213,
          51.1517759
        ]
      },
      "properties": {
        "osm_type": "way",
        "osm_id": 687531499,
        "name": "Boscombe Airfield Solar Farm",
        "operator": "Lark Energy",
        "capacity_mw": 12.3,
        "power": "plant",
        "plant_source": "solar"
      }
    },
    {
      "type": "Feature",
      "geometry": {
        "type": "Point",
        "coordinates": [
          -2.2402306,
          51.3255752
        ]
      },
      "properties": {
        "osm_type": "way",
        "osm_id": 687537568,
        "name": "Trowle Common",
        "operator": "Low Carbon",
        "capacity_mw": 5.0,
        "power": "plant",
        "plant_source": "solar"
      }
    },
    {
      "type": "Feature",
      "geometry": {
        "type": "Point",
        "coordinates": [
          -1.3996088,
          51.6049871
        ]
      },
      "properties": {
        "osm_type": "way",
        "osm_id": 687582323,
        "name": "Elms Farm",
        "operator": "Bluefield Solar",
        "capacity_mw": 29.0,
        "power": "plant",
        "plant_source": "solar"
      }
    },
    {
      "type": "Feature",
      "geometry": {
        "type": "Point",
        "coordinates": [
          -1.6989037,
          51.665998
        ]
      },
      "properties": {
        "osm_type": "way",
        "osm_id": 687584472,
        "name": "Lynt Farm",
        "operator": "Meag",
        "capacity_mw": 27.0,
        "power": "plant",
        "plant_source": "solar"
      }
    },
    {
      "type": "Feature",
      "geometry": {
        "type": "Point",
        "coordinates": [
          0.8432906,
          51.626162
        ]
      },
      "properties": {
        "osm_type": "way",
        "osm_id": 687674182,
        "name": "Wick Farm",
        "operator": "Countryside Renewables",
        "capacity_mw": 5.0,
        "power": "plant",
        "plant_source": "solar"
      }
    },
    {
      "type": "Feature",
      "geometry": {
        "type": "Point",
        "coordinates": [
          0.9976973,
          51.9087708
        ]
      },
      "properties": {
        "osm_type": "way",
        "osm_id": 687676053,
        "name": "Chancery Farm",
        "operator": "BlackRock",
        "capacity_mw": 11.9,
        "power": "plant",
        "plant_source": "solar"
      }
    },
    {
      "type": "Feature",
      "geometry": {
        "type": "Point",
        "coordinates": [
          1.4742386,
          52.3525182
        ]
      },
      "properties": {
        "osm_type": "way",
        "osm_id": 687677933,
        "name": "Chediston Hall Solar Power Station",
        "operator": "Lightsource Renewable Energy",
        "capacity_mw": 12.3,
        "power": "plant",
        "plant_source": "solar"
      }
    },
    {
      "type": "Feature",
      "geometry": {
        "type": "Point",
        "coordinates": [
          1.5876692,
          52.4379007
        ]
      },
      "properties": {
        "osm_type": "way",
        "osm_id": 687678258,
        "name": "Playters Solar Farm",
        "capacity_mw": 8.6,
        "power": "plant",
        "plant_source": "solar"
      }
    },
    {
      "type": "Feature",
      "geometry": {
        "type": "Point",
        "coordinates": [
          1.6739989,
          52.4482041
        ]
      },
      "properties": {
        "osm_type": "way",
        "osm_id": 687678970,
        "name": "Priory Farm",
        "capacity_mw": 3.1,
        "power": "plant",
        "plant_source": "solar"
      }
    },
    {
      "type": "Feature",
      "geometry": {
        "type": "Point",
        "coordinates": [
          -1.2606141,
          50.7137696
        ]
      },
      "properties": {
        "osm_type": "way",
        "osm_id": 688022947,
        "name": "Grange Farm Solar Farm",
        "capacity_mw": 6.0,
        "power": "plant",
        "plant_source": "solar"
      }
    },
    {
      "type": "Feature",
      "geometry": {
        "type": "Point",
        "coordinates": [
          -5.3870935,
          50.1769238
        ]
      },
      "properties": {
        "osm_type": "way",
        "osm_id": 688047345,
        "name": "Wheal Alfred Road Solar Farm",
        "operator": "TGC Renewables",
        "capacity_mw": 3.5,
        "power": "plant",
        "plant_source": "solar"
      }
    },
    {
      "type": "Feature",
      "geometry": {
        "type": "Point",
        "coordinates": [
          -5.2095647,
          50.0413235
        ]
      },
      "properties": {
        "osm_type": "way",
        "osm_id": 688049606,
        "name": "Goonhilly Downs Solar Farm",
        "capacity_mw": 4.5,
        "power": "plant",
        "plant_source": "solar"
      }
    },
    {
      "type": "Feature",
      "geometry": {
        "type": "Point",
        "coordinates": [
          -4.928374,
          50.3313353
        ]
      },
      "properties": {
        "osm_type": "way",
        "osm_id": 688333765,
        "name": "Carnemough Farm Solar Park",
        "capacity_mw": 7.0,
        "power": "plant",
        "plant_source": "solar"
      }
    },
    {
      "type": "Feature",
      "geometry": {
        "type": "Point",
        "coordinates": [
          -4.424867,
          50.7113112
        ]
      },
      "properties": {
        "osm_type": "way",
        "osm_id": 688375034,
        "name": "Grange Farm",
        "capacity_mw": 5.0,
        "power": "plant",
        "plant_source": "solar"
      }
    },
    {
      "type": "Feature",
      "geometry": {
        "type": "Point",
        "coordinates": [
          -4.448146,
          50.6979748
        ]
      },
      "properties": {
        "osm_type": "way",
        "osm_id": 688375035,
        "name": "Winsdon Farm",
        "capacity_mw": 5.0,
        "power": "plant",
        "plant_source": "solar"
      }
    },
    {
      "type": "Feature",
      "geometry": {
        "type": "Point",
        "coordinates": [
          0.5033903,
          52.4343189
        ]
      },
      "properties": {
        "osm_type": "way",
        "osm_id": 688503793,
        "name": "Toggam Solar Farm",
        "capacity_mw": 12.5,
        "power": "plant",
        "plant_source": "solar"
      }
    },
    {
      "type": "Feature",
      "geometry": {
        "type": "Point",
        "coordinates": [
          -1.7060057,
          51.5994304
        ]
      },
      "properties": {
        "osm_type": "way",
        "osm_id": 688503800,
        "name": "Roves Solar Farm",
        "capacity_mw": 12.7,
        "power": "plant",
        "plant_source": "solar"
      }
    },
    {
      "type": "Feature",
      "geometry": {
        "type": "Point",
        "coordinates": [
          0.3684604,
          51.9671418
        ]
      },
      "properties": {
        "osm_type": "way",
        "osm_id": 688509230,
        "name": "Spriggs Solar Farm",
        "capacity_mw": 12.0,
        "power": "plant",
        "plant_source": "solar"
      }
    },
    {
      "type": "Feature",
      "geometry": {
        "type": "Point",
        "coordinates": [
          -4.8890042,
          50.504488
        ]
      },
      "properties": {
        "osm_type": "way",
        "osm_id": 688684561,
        "capacity_mw": 1.6,
        "power": "plant",
        "plant_source": "solar"
      }
    },
    {
      "type": "Feature",
      "geometry": {
        "type": "Point",
        "coordinates": [
          -4.2451993,
          50.4436275
        ]
      },
      "properties": {
        "osm_type": "way",
        "osm_id": 688724936,
        "name": "West Kingsmill Farm Solar Park",
        "capacity_mw": 1.6,
        "power": "plant",
        "plant_source": "solar"
      }
    },
    {
      "type": "Feature",
      "geometry": {
        "type": "Point",
        "coordinates": [
          -4.2328651,
          50.4462374
        ]
      },
      "properties": {
        "osm_type": "way",
        "osm_id": 688724937,
        "name": "North Wayton Solar Farm",
        "capacity_mw": 5.0,
        "power": "plant",
        "plant_source": "solar"
      }
    },
    {
      "type": "Feature",
      "geometry": {
        "type": "Point",
        "coordinates": [
          -4.1733898,
          50.4282903
        ]
      },
      "properties": {
        "osm_type": "way",
        "osm_id": 688724938,
        "name": "Warleigh Barton Solar Farm",
        "capacity_mw": 5.0,
        "power": "plant",
        "plant_source": "solar"
      }
    },
    {
      "type": "Feature",
      "geometry": {
        "type": "Point",
        "coordinates": [
          -4.2419645,
          50.3552964
        ]
      },
      "properties": {
        "osm_type": "way",
        "osm_id": 688726513,
        "name": "Mendennick Solar Farm",
        "operator": "REG Solarpower",
        "capacity_mw": 2.8,
        "power": "plant",
        "plant_source": "solar"
      }
    },
    {
      "type": "Feature",
      "geometry": {
        "type": "Point",
        "coordinates": [
          -4.2007229,
          50.3544158
        ]
      },
      "properties": {
        "osm_type": "way",
        "osm_id": 688726515,
        "name": "Southdown Quarry Solar Farm",
        "operator": "Ethical Power",
        "capacity_mw": 1.5,
        "power": "plant",
        "plant_source": "solar"
      }
    },
    {
      "type": "Feature",
      "geometry": {
        "type": "Point",
        "coordinates": [
          -4.2312705,
          50.6846957
        ]
      },
      "properties": {
        "osm_type": "way",
        "osm_id": 688876398,
        "name": "Rexton Cross Solar Farm",
        "capacity_mw": 2.0,
        "power": "plant",
        "plant_source": "solar"
      }
    },
    {
      "type": "Feature",
      "geometry": {
        "type": "Point",
        "coordinates": [
          -4.3307779,
          50.7750853
        ]
      },
      "properties": {
        "osm_type": "way",
        "osm_id": 688879039,
        "name": "Eastacombe Solar Farm",
        "capacity_mw": 3.6,
        "power": "plant",
        "plant_source": "solar"
      }
    },
    {
      "type": "Feature",
      "geometry": {
        "type": "Point",
        "coordinates": [
          -3.1046075,
          51.0469812
        ]
      },
      "properties": {
        "osm_type": "way",
        "osm_id": 688883401,
        "name": "Lower Marsh Solar Park",
        "operator": "Solar Power South",
        "capacity_mw": 5.0,
        "power": "plant",
        "plant_source": "solar"
      }
    },
    {
      "type": "Feature",
      "geometry": {
        "type": "Point",
        "coordinates": [
          -3.3491443,
          50.9297173
        ]
      },
      "properties": {
        "osm_type": "way",
        "osm_id": 688883404,
        "name": "Ayshford Solar Farm",
        "operator": "Lightsource BP",
        "capacity_mw": 5.0,
        "power": "plant",
        "plant_source": "solar"
      }
    },
    {
      "type": "Feature",
      "geometry": {
        "type": "Point",
        "coordinates": [
          -3.4742385,
          50.9523577
        ]
      },
      "properties": {
        "osm_type": "way",
        "osm_id": 688883405,
        "name": "Blatchworthy Farm",
        "operator": "Lightsource Renewable Energy",
        "capacity_mw": 1.5,
        "power": "plant",
        "plant_source": "solar"
      }
    },
    {
      "type": "Feature",
      "geometry": {
        "type": "Point",
        "coordinates": [
          -4.1165806,
          50.951348
        ]
      },
      "properties": {
        "osm_type": "way",
        "osm_id": 688883406,
        "name": "Week Farm Solar Park",
        "capacity_mw": 3.3,
        "power": "plant",
        "plant_source": "solar"
      }
    },
    {
      "type": "Feature",
      "geometry": {
        "type": "Point",
        "coordinates": [
          -4.0912888,
          50.8444839
        ]
      },
      "properties": {
        "osm_type": "way",
        "osm_id": 688883410,
        "name": "Crockers Hele",
        "capacity_mw": 1.3,
        "power": "plant",
        "plant_source": "solar"
      }
    },
    {
      "type": "Feature",
      "geometry": {
        "type": "Point",
        "coordinates": [
          -4.0869127,
          50.8112491
        ]
      },
      "properties": {
        "osm_type": "way",
        "osm_id": 688883411,
        "name": "Hillsmoor Solar Farm",
        "operator": "Mosscliff Environmental",
        "capacity_mw": 1.2,
        "power": "plant",
        "plant_source": "solar"
      }
    },
    {
      "type": "Feature",
      "geometry": {
        "type": "Point",
        "coordinates": [
          -3.788124,
          50.8336604
        ]
      },
      "properties": {
        "osm_type": "way",
        "osm_id": 689086418,
        "name": "Ellicombe Farm",
        "operator": "Lightsource BP",
        "capacity_mw": 1.4,
        "power": "plant",
        "plant_source": "solar"
      }
    },
    {
      "type": "Feature",
      "geometry": {
        "type": "Point",
        "coordinates": [
          -1.5442853,
          51.1601471
        ]
      },
      "properties": {
        "osm_type": "way",
        "osm_id": 689356307,
        "name": "Saxley Solar Farm",
        "capacity_mw": 5.0,
        "power": "plant",
        "plant_source": "solar"
      }
    },
    {
      "type": "Feature",
      "geometry": {
        "type": "Point",
        "coordinates": [
          -1.5071494,
          51.1614423
        ]
      },
      "properties": {
        "osm_type": "way",
        "osm_id": 689356308,
        "name": "Westover Farm",
        "capacity_mw": 7.0,
        "power": "plant",
        "plant_source": "solar"
      }
    },
    {
      "type": "Feature",
      "geometry": {
        "type": "Point",
        "coordinates": [
          -1.5097591,
          51.1648517
        ]
      },
      "properties": {
        "osm_type": "way",
        "osm_id": 689356309,
        "name": "Abbots Ann",
        "capacity_mw": 7.0,
        "power": "plant",
        "plant_source": "solar"
      }
    },
    {
      "type": "Feature",
      "geometry": {
        "type": "Point",
        "coordinates": [
          -0.8761731,
          51.2780894
        ]
      },
      "properties": {
        "osm_type": "way",
        "osm_id": 689356310,
        "name": "Hungerford Solar Farm",
        "operator": "Solstice Renewables",
        "capacity_mw": 5.0,
        "power": "plant",
        "plant_source": "solar"
      }
    },
    {
      "type": "Feature",
      "geometry": {
        "type": "Point",
        "coordinates": [
          -0.8829832,
          51.2887693
        ]
      },
      "properties": {
        "osm_type": "way",
        "osm_id": 689356311,
        "name": "Taplins Farm Solar Park",
        "operator": "PS Renewables",
        "capacity_mw": 5.9,
        "power": "plant",
        "plant_source": "solar"
      }
    },
    {
      "type": "Feature",
      "geometry": {
        "type": "Point",
        "coordinates": [
          -1.1106209,
          51.3269228
        ]
      },
      "properties": {
        "osm_type": "way",
        "osm_id": 689356314,
        "name": "Berry Court Solar Farm",
        "capacity_mw": 4.2,
        "power": "plant",
        "plant_source": "solar"
      }
    },
    {
      "type": "Feature",
      "geometry": {
        "type": "Point",
        "coordinates": [
          -1.8720659,
          50.7755025
        ]
      },
      "properties": {
        "osm_type": "way",
        "osm_id": 689359392,
        "name": "Woodtown Solar Farm",
        "capacity_mw": 3.8,
        "power": "plant",
        "plant_source": "solar"
      }
    },
    {
      "type": "Feature",
      "geometry": {
        "type": "Point",
        "coordinates": [
          -1.6834885,
          50.7593392
        ]
      },
      "properties": {
        "osm_type": "way",
        "osm_id": 689359681,
        "name": "Beckley Solar Farm",
        "capacity_mw": 1.7,
        "power": "plant",
        "plant_source": "solar"
      }
    },
    {
      "type": "Feature",
      "geometry": {
        "type": "Point",
        "coordinates": [
          -2.0965963,
          50.7439329
        ]
      },
      "properties": {
        "osm_type": "way",
        "osm_id": 689361308,
        "name": "North of Newton Farm",
        "capacity_mw": 3.0,
        "power": "plant",
        "plant_source": "solar"
      }
    },
    {
      "type": "Feature",
      "geometry": {
        "type": "Point",
        "coordinates": [
          -2.0974258,
          50.7355435
        ]
      },
      "properties": {
        "osm_type": "way",
        "osm_id": 689361309,
        "name": "South Newton Solar Farm",
        "operator": "Equitix",
        "capacity_mw": 11.3,
        "power": "plant",
        "plant_source": "solar"
      }
    },
    {
      "type": "Feature",
      "geometry": {
        "type": "Point",
        "coordinates": [
          -2.0612673,
          50.7481942
        ]
      },
      "properties": {
        "osm_type": "way",
        "osm_id": 689361314,
        "name": "Race Solar Farm",
        "operator": "Equitix",
        "capacity_mw": 6.1,
        "power": "plant",
        "plant_source": "solar"
      }
    },
    {
      "type": "Feature",
      "geometry": {
        "type": "Point",
        "coordinates": [
          -1.5635562,
          50.7371172
        ]
      },
      "properties": {
        "osm_type": "way",
        "osm_id": 689361325,
        "name": "Pennington Recycling Centre Solar Farm",
        "capacity_mw": 1.2,
        "power": "plant",
        "plant_source": "solar"
      }
    },
    {
      "type": "Feature",
      "geometry": {
        "type": "Point",
        "coordinates": [
          -2.9546598,
          50.8117805
        ]
      },
      "properties": {
        "osm_type": "way",
        "osm_id": 689365478,
        "name": "Wadbrook Solar Farm",
        "capacity_mw": 5.0,
        "power": "plant",
        "plant_source": "solar"
      }
    },
    {
      "type": "Feature",
      "geometry": {
        "type": "Point",
        "coordinates": [
          -4.7487036,
          51.6712161
        ]
      },
      "properties": {
        "osm_type": "way",
        "osm_id": 690058126,
        "name": "Robertswall Solar Farm",
        "capacity_mw": 2.5,
        "power": "plant",
        "plant_source": "solar"
      }
    },
    {
      "type": "Feature",
      "geometry": {
        "type": "Point",
        "coordinates": [
          -2.3879309,
          57.3786514
        ]
      },
      "properties": {
        "osm_type": "way",
        "osm_id": 690149750,
        "name": "Mackies Dairy PV",
        "capacity_mw": 1.8,
        "power": "plant",
        "plant_source": "solar"
      }
    },
    {
      "type": "Feature",
      "geometry": {
        "type": "Point",
        "coordinates": [
          -2.3610241,
          51.7183776
        ]
      },
      "properties": {
        "osm_type": "way",
        "osm_id": 691234938,
        "capacity_mw": 2.2,
        "power": "plant",
        "plant_source": "solar"
      }
    },
    {
      "type": "Feature",
      "geometry": {
        "type": "Point",
        "coordinates": [
          -2.6751856,
          51.9732013
        ]
      },
      "properties": {
        "osm_type": "way",
        "osm_id": 692274354,
        "name": "Prothither Solar Farm",
        "operator": "Smarter Energy Solutions",
        "capacity_mw": 5.0,
        "power": "plant",
        "plant_source": "solar"
      }
    },
    {
      "type": "Feature",
      "geometry": {
        "type": "Point",
        "coordinates": [
          -1.9901912,
          55.6800205
        ]
      },
      "properties": {
        "osm_type": "way",
        "osm_id": 693001842,
        "power": "plant",
        "plant_source": "solar"
      }
    },
    {
      "type": "Feature",
      "geometry": {
        "type": "Point",
        "coordinates": [
          -1.9900678,
          55.679895
        ]
      },
      "properties": {
        "osm_type": "way",
        "osm_id": 693001843,
        "power": "plant",
        "plant_source": "solar"
      }
    },
    {
      "type": "Feature",
      "geometry": {
        "type": "Point",
        "coordinates": [
          -1.5533343,
          52.2530078
        ]
      },
      "properties": {
        "osm_type": "way",
        "osm_id": 693008679,
        "name": "Brickyard Barn",
        "operator": "Sun Glow",
        "capacity_mw": 4.1,
        "power": "plant",
        "plant_source": "solar"
      }
    },
    {
      "type": "Feature",
      "geometry": {
        "type": "Point",
        "coordinates": [
          -2.1411385,
          52.6403334
        ]
      },
      "properties": {
        "osm_type": "way",
        "osm_id": 693623955,
        "capacity_mw": 5.0,
        "power": "plant",
        "plant_source": "solar"
      }
    },
    {
      "type": "Feature",
      "geometry": {
        "type": "Point",
        "coordinates": [
          -2.3946976,
          51.8179575
        ]
      },
      "properties": {
        "osm_type": "way",
        "osm_id": 693954897,
        "name": "Stantway Solar Farm",
        "operator": "Private Developer",
        "capacity_mw": 5.0,
        "power": "plant",
        "plant_source": "solar"
      }
    },
    {
      "type": "Feature",
      "geometry": {
        "type": "Point",
        "coordinates": [
          0.910201,
          51.3188087
        ]
      },
      "properties": {
        "osm_type": "way",
        "osm_id": 694050268,
        "name": "Abbey Fields Farm",
        "operator": "Foresight Group LLP",
        "capacity_mw": 5.3,
        "power": "plant",
        "plant_source": "solar"
      }
    },
    {
      "type": "Feature",
      "geometry": {
        "type": "Point",
        "coordinates": [
          0.0486231,
          52.0771518
        ]
      },
      "properties": {
        "osm_type": "way",
        "osm_id": 694152827,
        "name": "Black Peak Farm",
        "operator": "Lightsource BP",
        "capacity_mw": 31.8,
        "power": "plant",
        "plant_source": "solar"
      }
    },
    {
      "type": "Feature",
      "geometry": {
        "type": "Point",
        "coordinates": [
          -2.0140044,
          52.943254
        ]
      },
      "properties": {
        "osm_type": "way",
        "osm_id": 696883771,
        "name": "Lower Newton Solar Farm",
        "capacity_mw": 11.5,
        "power": "plant",
        "plant_source": "solar"
      }
    },
    {
      "type": "Feature",
      "geometry": {
        "type": "Point",
        "coordinates": [
          -1.4750431,
          51.8582234
        ]
      },
      "properties": {
        "osm_type": "way",
        "osm_id": 699477002,
        "name": "Southill Solar",
        "capacity_mw": 4.5,
        "power": "plant",
        "plant_source": "solar"
      }
    },
    {
      "type": "Feature",
      "geometry": {
        "type": "Point",
        "coordinates": [
          -0.7091854,
          52.1750461
        ]
      },
      "properties": {
        "osm_type": "way",
        "osm_id": 699504966,
        "name": "Hyde Solar Farm",
        "operator": "Hyde Farm Solar Limited",
        "capacity_mw": 10.7,
        "power": "plant",
        "plant_source": "solar"
      }
    },
    {
      "type": "Feature",
      "geometry": {
        "type": "Point",
        "coordinates": [
          -1.2283008,
          54.1420882
        ]
      },
      "properties": {
        "osm_type": "way",
        "osm_id": 699664630,
        "power": "plant",
        "plant_source": "solar"
      }
    },
    {
      "type": "Feature",
      "geometry": {
        "type": "Point",
        "coordinates": [
          -3.0754867,
          51.1625732
        ]
      },
      "properties": {
        "osm_type": "way",
        "osm_id": 700498926,
        "power": "plant",
        "plant_source": "solar"
      }
    },
    {
      "type": "Feature",
      "geometry": {
        "type": "Point",
        "coordinates": [
          -1.2958918,
          54.6332685
        ]
      },
      "properties": {
        "osm_type": "way",
        "osm_id": 701028587,
        "name": "Stob House Farm",
        "operator": "Anesco",
        "capacity_mw": 4.9,
        "power": "plant",
        "plant_source": "solar"
      }
    },
    {
      "type": "Feature",
      "geometry": {
        "type": "Point",
        "coordinates": [
          0.4549965,
          51.6182247
        ]
      },
      "properties": {
        "osm_type": "way",
        "osm_id": 701171456,
        "name": "Outwood Solar Farm",
        "operator": "MS Power Projects",
        "capacity_mw": 5.0,
        "power": "plant",
        "plant_source": "solar"
      }
    },
    {
      "type": "Feature",
      "geometry": {
        "type": "Point",
        "coordinates": [
          0.8714879,
          51.3924931
        ]
      },
      "properties": {
        "osm_type": "way",
        "osm_id": 702988021,
        "name": "Old Rides",
        "capacity_mw": 8.0,
        "power": "plant",
        "plant_source": "solar"
      }
    },
    {
      "type": "Feature",
      "geometry": {
        "type": "Point",
        "coordinates": [
          0.976541,
          51.1018104
        ]
      },
      "properties": {
        "osm_type": "way",
        "osm_id": 703382928,
        "name": "Partridge Farm (Solar Farm)",
        "capacity_mw": 10.6,
        "power": "plant",
        "plant_source": "solar"
      }
    },
    {
      "type": "Feature",
      "geometry": {
        "type": "Point",
        "coordinates": [
          1.3475002,
          51.3386193
        ]
      },
      "properties": {
        "osm_type": "way",
        "osm_id": 703386580,
        "name": "Thorne Farm",
        "capacity_mw": 6.2,
        "power": "plant",
        "plant_source": "solar"
      }
    },
    {
      "type": "Feature",
      "geometry": {
        "type": "Point",
        "coordinates": [
          -0.5430253,
          51.4475891
        ]
      },
      "properties": {
        "osm_type": "way",
        "osm_id": 703820777,
        "name": "Wraysbury Landfill",
        "capacity_mw": 4.8,
        "power": "plant",
        "plant_source": "solar"
      }
    },
    {
      "type": "Feature",
      "geometry": {
        "type": "Point",
        "coordinates": [
          0.7728128,
          51.3532995
        ]
      },
      "properties": {
        "osm_type": "way",
        "osm_id": 704064112,
        "name": "Tonge Corner Farm",
        "capacity_mw": 22.0,
        "power": "plant",
        "plant_source": "solar"
      }
    },
    {
      "type": "Feature",
      "geometry": {
        "type": "Point",
        "coordinates": [
          0.6894772,
          51.3574593
        ]
      },
      "properties": {
        "osm_type": "way",
        "osm_id": 704114018,
        "name": "Bobbing Solar Farm",
        "capacity_mw": 11.3,
        "power": "plant",
        "plant_source": "solar"
      }
    },
    {
      "type": "Feature",
      "geometry": {
        "type": "Point",
        "coordinates": [
          -0.6138226,
          52.0686984
        ]
      },
      "properties": {
        "osm_type": "way",
        "osm_id": 704333982,
        "name": "Cranfield Airfield",
        "capacity_mw": 1.0,
        "power": "plant",
        "plant_source": "solar"
      }
    },
    {
      "type": "Feature",
      "geometry": {
        "type": "Point",
        "coordinates": [
          1.5249668,
          52.3604074
        ]
      },
      "properties": {
        "osm_type": "way",
        "osm_id": 708338011,
        "name": "Holton Airfield",
        "operator": "Private Developer",
        "capacity_mw": 11.0,
        "power": "plant",
        "plant_source": "solar"
      }
    },
    {
      "type": "Feature",
      "geometry": {
        "type": "Point",
        "coordinates": [
          1.3074052,
          52.9016059
        ]
      },
      "properties": {
        "osm_type": "way",
        "osm_id": 708338018,
        "name": "North Norfolk Business Centre Solar Power Station",
        "operator": "NESF (formerly Lumicity)",
        "capacity_mw": 11.0,
        "power": "plant",
        "plant_source": "solar"
      }
    },
    {
      "type": "Feature",
      "geometry": {
        "type": "Point",
        "coordinates": [
          -2.1701082,
          51.4891796
        ]
      },
      "properties": {
        "osm_type": "way",
        "osm_id": 708338019,
        "name": "Battens Farm Solar Park",
        "operator": "Battens Farm Solar Park Ltd",
        "capacity_mw": 11.0,
        "power": "plant",
        "plant_source": "solar"
      }
    },
    {
      "type": "Feature",
      "geometry": {
        "type": "Point",
        "coordinates": [
          -2.9680359,
          51.1762859
        ]
      },
      "properties": {
        "osm_type": "way",
        "osm_id": 708338031,
        "name": "Puriton Solar Farm",
        "operator": "BNRG Renewables",
        "capacity_mw": 4.6,
        "power": "plant",
        "plant_source": "solar"
      }
    },
    {
      "type": "Feature",
      "geometry": {
        "type": "Point",
        "coordinates": [
          0.207597,
          53.1405228
        ]
      },
      "properties": {
        "osm_type": "way",
        "osm_id": 708338032,
        "name": "Lincoln Farm",
        "operator": "juwi Renewable Energies",
        "capacity_mw": 11.4,
        "power": "plant",
        "plant_source": "solar"
      }
    },
    {
      "type": "Feature",
      "geometry": {
        "type": "Point",
        "coordinates": [
          0.626226,
          52.6733278
        ]
      },
      "properties": {
        "osm_type": "way",
        "osm_id": 708338040,
        "name": "Burntstalk Solar Power Station",
        "operator": "Lightsource Renewable Energy",
        "capacity_mw": 11.5,
        "power": "plant",
        "plant_source": "solar"
      }
    },
    {
      "type": "Feature",
      "geometry": {
        "type": "Point",
        "coordinates": [
          1.2864579,
          52.0109177
        ]
      },
      "properties": {
        "osm_type": "way",
        "osm_id": 708338047,
        "name": "Stratton Hall Solar Power Station",
        "capacity_mw": 11.6,
        "power": "plant",
        "plant_source": "solar"
      }
    },
    {
      "type": "Feature",
      "geometry": {
        "type": "Point",
        "coordinates": [
          -2.8105621,
          52.8221596
        ]
      },
      "properties": {
        "osm_type": "way",
        "osm_id": 708338050,
        "name": "Charity Farm Solar Farm",
        "capacity_mw": 11.9,
        "power": "plant",
        "plant_source": "solar"
      }
    },
    {
      "type": "Feature",
      "geometry": {
        "type": "Point",
        "coordinates": [
          -3.7062134,
          56.1452776
        ]
      },
      "properties": {
        "osm_type": "way",
        "osm_id": 709009050,
        "name": "Balhearty Solar",
        "operator": "NESF (formerly Lark Energy)",
        "capacity_mw": 5.0,
        "power": "plant",
        "plant_source": "solar"
      }
    },
    {
      "type": "Feature",
      "geometry": {
        "type": "Point",
        "coordinates": [
          -4.7387724,
          55.6590461
        ]
      },
      "properties": {
        "osm_type": "way",
        "osm_id": 709009443,
        "name": "Site To North East Of, Lochcraigs Farm",
        "operator": "SBC Renewables",
        "capacity_mw": 5.0,
        "power": "plant",
        "plant_source": "solar"
      }
    },
    {
      "type": "Feature",
      "geometry": {
        "type": "Point",
        "coordinates": [
          1.3472146,
          51.3617412
        ]
      },
      "properties": {
        "osm_type": "way",
        "osm_id": 709859964,
        "power": "plant",
        "plant_source": "solar"
      }
    },
    {
      "type": "Feature",
      "geometry": {
        "type": "Point",
        "coordinates": [
          1.3418891,
          51.3652622
        ]
      },
      "properties": {
        "osm_type": "way",
        "osm_id": 709860302,
        "power": "plant",
        "plant_source": "solar"
      }
    },
    {
      "type": "Feature",
      "geometry": {
        "type": "Point",
        "coordinates": [
          1.2886472,
          51.3384622
        ]
      },
      "properties": {
        "osm_type": "way",
        "osm_id": 709861159,
        "power": "plant",
        "plant_source": "solar"
      }
    },
    {
      "type": "Feature",
      "geometry": {
        "type": "Point",
        "coordinates": [
          1.236829,
          51.3376928
        ]
      },
      "properties": {
        "osm_type": "way",
        "osm_id": 710421221,
        "power": "plant",
        "plant_source": "solar"
      }
    },
    {
      "type": "Feature",
      "geometry": {
        "type": "Point",
        "coordinates": [
          1.4099944,
          51.3549713
        ]
      },
      "properties": {
        "osm_type": "way",
        "osm_id": 710426442,
        "power": "plant",
        "plant_source": "solar"
      }
    },
    {
      "type": "Feature",
      "geometry": {
        "type": "Point",
        "coordinates": [
          -4.9546687,
          50.374586
        ]
      },
      "properties": {
        "osm_type": "way",
        "osm_id": 712269850,
        "capacity_mw": 1.5,
        "power": "plant",
        "plant_source": "solar"
      }
    },
    {
      "type": "Feature",
      "geometry": {
        "type": "Point",
        "coordinates": [
          -0.7395153,
          51.8392977
        ]
      },
      "properties": {
        "osm_type": "way",
        "osm_id": 713476742,
        "name": "Folly Solar Farm",
        "capacity_mw": 13.1,
        "power": "plant",
        "plant_source": "solar"
      }
    },
    {
      "type": "Feature",
      "geometry": {
        "type": "Point",
        "coordinates": [
          -5.1961229,
          50.2898139
        ]
      },
      "properties": {
        "osm_type": "way",
        "osm_id": 713660065,
        "name": "Gover Farm Solar Park",
        "operator": "Green Energy UK Direct Ltd",
        "capacity_mw": 8.0,
        "power": "plant",
        "plant_source": "solar"
      }
    },
    {
      "type": "Feature",
      "geometry": {
        "type": "Point",
        "coordinates": [
          -5.1468801,
          50.2890153
        ]
      },
      "properties": {
        "osm_type": "way",
        "osm_id": 713660898,
        "power": "plant",
        "plant_source": "solar"
      }
    },
    {
      "type": "Feature",
      "geometry": {
        "type": "Point",
        "coordinates": [
          -5.1455686,
          50.2884858
        ]
      },
      "properties": {
        "osm_type": "way",
        "osm_id": 713660899,
        "power": "plant",
        "plant_source": "solar"
      }
    },
    {
      "type": "Feature",
      "geometry": {
        "type": "Point",
        "coordinates": [
          -5.1442449,
          50.290095
        ]
      },
      "properties": {
        "osm_type": "way",
        "osm_id": 713660900,
        "power": "plant",
        "plant_source": "solar"
      }
    },
    {
      "type": "Feature",
      "geometry": {
        "type": "Point",
        "coordinates": [
          -2.4950391,
          52.5314215
        ]
      },
      "properties": {
        "osm_type": "way",
        "osm_id": 713760523,
        "name": "Upper Meadowley Farm",
        "capacity_mw": 10.7,
        "power": "plant",
        "plant_source": "solar"
      }
    },
    {
      "type": "Feature",
      "geometry": {
        "type": "Point",
        "coordinates": [
          -2.7771646,
          50.8994501
        ]
      },
      "properties": {
        "osm_type": "way",
        "osm_id": 713760526,
        "name": "Lower Severalls Farm",
        "capacity_mw": 10.8,
        "power": "plant",
        "plant_source": "solar"
      }
    },
    {
      "type": "Feature",
      "geometry": {
        "type": "Point",
        "coordinates": [
          0.4029268,
          51.9634896
        ]
      },
      "properties": {
        "osm_type": "way",
        "osm_id": 713760535,
        "capacity_mw": 4.9,
        "power": "plant",
        "plant_source": "solar"
      }
    },
    {
      "type": "Feature",
      "geometry": {
        "type": "Point",
        "coordinates": [
          -0.7013655,
          53.326503
        ]
      },
      "properties": {
        "osm_type": "way",
        "osm_id": 713763790,
        "name": "Stow Solar Farm",
        "operator": "Freewatt",
        "capacity_mw": 24.0,
        "power": "plant",
        "plant_source": "solar"
      }
    },
    {
      "type": "Feature",
      "geometry": {
        "type": "Point",
        "coordinates": [
          -2.147028,
          52.6148828
        ]
      },
      "properties": {
        "osm_type": "way",
        "osm_id": 713862900,
        "power": "plant",
        "plant_source": "solar"
      }
    },
    {
      "type": "Feature",
      "geometry": {
        "type": "Point",
        "coordinates": [
          -2.1481959,
          52.6146835
        ]
      },
      "properties": {
        "osm_type": "way",
        "osm_id": 713862901,
        "power": "plant",
        "plant_source": "solar"
      }
    },
    {
      "type": "Feature",
      "geometry": {
        "type": "Point",
        "coordinates": [
          -2.1502758,
          52.6169413
        ]
      },
      "properties": {
        "osm_type": "way",
        "osm_id": 713862902,
        "power": "plant",
        "plant_source": "solar"
      }
    },
    {
      "type": "Feature",
      "geometry": {
        "type": "Point",
        "coordinates": [
          -2.1486893,
          52.6162102
        ]
      },
      "properties": {
        "osm_type": "way",
        "osm_id": 713862903,
        "power": "plant",
        "plant_source": "solar"
      }
    },
    {
      "type": "Feature",
      "geometry": {
        "type": "Point",
        "coordinates": [
          -6.4556043,
          53.6546864
        ]
      },
      "properties": {
        "osm_type": "way",
        "osm_id": 714011578,
        "name": "Garballagh Lower Solar Farm",
        "operator": "Highfield Energy",
        "capacity_mw": 95.0,
        "power": "plant",
        "plant_source": "solar"
      }
    },
    {
      "type": "Feature",
      "geometry": {
        "type": "Point",
        "coordinates": [
          -1.8008055,
          51.5361155
        ]
      },
      "properties": {
        "osm_type": "way",
        "osm_id": 714071820,
        "name": "Common Farm",
        "operator": "Public Power Solutions / Swindon Borough Council",
        "capacity_mw": 4.8,
        "power": "plant",
        "plant_source": "solar"
      }
    },
    {
      "type": "Feature",
      "geometry": {
        "type": "Point",
        "coordinates": [
          -1.829502,
          51.5275436
        ]
      },
      "properties": {
        "osm_type": "way",
        "osm_id": 714071829,
        "name": "Lower Basset Down Farm",
        "operator": "INRG Solar",
        "capacity_mw": 10.5,
        "power": "plant",
        "plant_source": "solar"
      }
    },
    {
      "type": "Feature",
      "geometry": {
        "type": "Point",
        "coordinates": [
          -1.1264784,
          50.7015798
        ]
      },
      "properties": {
        "osm_type": "way",
        "osm_id": 714078448,
        "name": "Hill Farm Solar Park",
        "operator": "Lightsource BP",
        "capacity_mw": 10.2,
        "power": "plant",
        "plant_source": "solar"
      }
    },
    {
      "type": "Feature",
      "geometry": {
        "type": "Point",
        "coordinates": [
          -2.9474848,
          51.2250386
        ]
      },
      "properties": {
        "osm_type": "way",
        "osm_id": 714078449,
        "name": "Watchfield Lawn",
        "operator": "Belltown Power",
        "capacity_mw": 10.2,
        "power": "plant",
        "plant_source": "solar"
      }
    },
    {
      "type": "Feature",
      "geometry": {
        "type": "Point",
        "coordinates": [
          -2.7291136,
          52.6571033
        ]
      },
      "properties": {
        "osm_type": "way",
        "osm_id": 714078457,
        "name": "Condover (Green Farm)",
        "capacity_mw": 10.2,
        "power": "plant",
        "plant_source": "solar"
      }
    },
    {
      "type": "Feature",
      "geometry": {
        "type": "Point",
        "coordinates": [
          -3.3477132,
          50.72987
        ]
      },
      "properties": {
        "osm_type": "way",
        "osm_id": 714483780,
        "name": "Great Houndbeare Farm",
        "operator": "Sunsave 49 SPV (prev. Cherry Solar)",
        "capacity_mw": 10.0,
        "power": "plant",
        "plant_source": "solar"
      }
    },
    {
      "type": "Feature",
      "geometry": {
        "type": "Point",
        "coordinates": [
          0.3843536,
          51.5636198
        ]
      },
      "properties": {
        "osm_type": "way",
        "osm_id": 714505543,
        "name": "Fairwind Farm Solar Park",
        "operator": "Lightsource BP",
        "capacity_mw": 12.0,
        "power": "plant",
        "plant_source": "solar"
      }
    },
    {
      "type": "Feature",
      "geometry": {
        "type": "Point",
        "coordinates": [
          -0.9307158,
          53.3473018
        ]
      },
      "properties": {
        "osm_type": "way",
        "osm_id": 714799366,
        "name": "Tiln Farm",
        "capacity_mw": 9.7,
        "power": "plant",
        "plant_source": "solar"
      }
    },
    {
      "type": "Feature",
      "geometry": {
        "type": "Point",
        "coordinates": [
          -3.4709212,
          51.3981036
        ]
      },
      "properties": {
        "osm_type": "way",
        "osm_id": 714890968,
        "name": "Rosedew Farm",
        "capacity_mw": 5.0,
        "power": "plant",
        "plant_source": "solar"
      }
    },
    {
      "type": "Feature",
      "geometry": {
        "type": "Point",
        "coordinates": [
          -2.6481098,
          52.9312167
        ]
      },
      "properties": {
        "osm_type": "way",
        "osm_id": 715187614,
        "name": "Twemlows Solar Farm",
        "operator": "Sunsave 27 / Vogt solar",
        "capacity_mw": 10.0,
        "power": "plant",
        "plant_source": "solar"
      }
    },
    {
      "type": "Feature",
      "geometry": {
        "type": "Point",
        "coordinates": [
          0.7425205,
          52.4499239
        ]
      },
      "properties": {
        "osm_type": "way",
        "osm_id": 715574175,
        "power": "plant",
        "plant_source": "solar"
      }
    },
    {
      "type": "Feature",
      "geometry": {
        "type": "Point",
        "coordinates": [
          -0.0259262,
          52.531244
        ]
      },
      "properties": {
        "osm_type": "way",
        "osm_id": 717568682,
        "name": "Burnthouse Solar Farm",
        "operator": "Lightsource BP",
        "power": "plant",
        "plant_source": "solar"
      }
    },
    {
      "type": "Feature",
      "geometry": {
        "type": "Point",
        "coordinates": [
          0.3161223,
          52.3267862
        ]
      },
      "properties": {
        "osm_type": "way",
        "osm_id": 717789512,
        "name": "Triangle Park",
        "capacity_mw": 10.0,
        "power": "plant",
        "plant_source": "solar"
      }
    },
    {
      "type": "Feature",
      "geometry": {
        "type": "Point",
        "coordinates": [
          -3.1652639,
          51.621116
        ]
      },
      "properties": {
        "osm_type": "way",
        "osm_id": 717789530,
        "name": "Cwmcaesingrug Farm",
        "operator": "Kronos Solar",
        "capacity_mw": 10.0,
        "power": "plant",
        "plant_source": "solar"
      }
    },
    {
      "type": "Feature",
      "geometry": {
        "type": "Point",
        "coordinates": [
          -2.9578899,
          51.0150813
        ]
      },
      "properties": {
        "osm_type": "way",
        "osm_id": 717941405,
        "name": "Helland Meads",
        "operator": "Aton Energy",
        "capacity_mw": 1.2,
        "power": "plant",
        "plant_source": "solar"
      }
    },
    {
      "type": "Feature",
      "geometry": {
        "type": "Point",
        "coordinates": [
          -2.5504374,
          50.8232478
        ]
      },
      "properties": {
        "osm_type": "way",
        "osm_id": 718206638,
        "name": "Long Ash Lane Solar Park",
        "capacity_mw": 9.0,
        "power": "plant",
        "plant_source": "solar"
      }
    },
    {
      "type": "Feature",
      "geometry": {
        "type": "Point",
        "coordinates": [
          -0.5595507,
          52.6433365
        ]
      },
      "properties": {
        "osm_type": "way",
        "osm_id": 718206639,
        "name": "Ketton solar farm - phase 2",
        "operator": "Lark Energy",
        "capacity_mw": 12.0,
        "power": "plant",
        "plant_source": "solar"
      }
    },
    {
      "type": "Feature",
      "geometry": {
        "type": "Point",
        "coordinates": [
          1.0883009,
          52.7002239
        ]
      },
      "properties": {
        "osm_type": "way",
        "osm_id": 718206640,
        "name": "Woodforde Farm",
        "operator": "Esconrg",
        "capacity_mw": 9.0,
        "power": "plant",
        "plant_source": "solar"
      }
    },
    {
      "type": "Feature",
      "geometry": {
        "type": "Point",
        "coordinates": [
          -1.0068188,
          51.9880277
        ]
      },
      "properties": {
        "osm_type": "way",
        "osm_id": 718206641,
        "name": "Gawcott Fields Farm",
        "operator": "Harper Solar Ltd",
        "capacity_mw": 9.2,
        "power": "plant",
        "plant_source": "solar"
      }
    },
    {
      "type": "Feature",
      "geometry": {
        "type": "Point",
        "coordinates": [
          -4.8156864,
          50.4371517
        ]
      },
      "properties": {
        "osm_type": "way",
        "osm_id": 718206642,
        "name": "Kerriers Solar Park",
        "operator": "Kronos Solar",
        "capacity_mw": 9.6,
        "power": "plant",
        "plant_source": "solar"
      }
    },
    {
      "type": "Feature",
      "geometry": {
        "type": "Point",
        "coordinates": [
          -1.5824524,
          52.570621
        ]
      },
      "properties": {
        "osm_type": "way",
        "osm_id": 718276566,
        "operator": "Murex",
        "capacity_mw": 5.0,
        "power": "plant",
        "plant_source": "solar"
      }
    },
    {
      "type": "Feature",
      "geometry": {
        "type": "Point",
        "coordinates": [
          -1.4102904,
          52.2445223
        ]
      },
      "properties": {
        "osm_type": "way",
        "osm_id": 718284355,
        "name": "Fields Farm Solar Farm",
        "operator": "Foresight Group",
        "capacity_mw": 5.0,
        "power": "plant",
        "plant_source": "solar"
      }
    },
    {
      "type": "Feature",
      "geometry": {
        "type": "Point",
        "coordinates": [
          -1.9384391,
          52.1548744
        ]
      },
      "properties": {
        "osm_type": "way",
        "osm_id": 718286051,
        "name": "Salford Lodge",
        "operator": "AR Partners",
        "capacity_mw": 5.0,
        "power": "plant",
        "plant_source": "solar"
      }
    },
    {
      "type": "Feature",
      "geometry": {
        "type": "Point",
        "coordinates": [
          -2.8799415,
          51.6068583
        ]
      },
      "properties": {
        "osm_type": "way",
        "osm_id": 718494058,
        "name": "Court Farm",
        "operator": "BE Renewables",
        "capacity_mw": 8.5,
        "power": "plant",
        "plant_source": "solar"
      }
    },
    {
      "type": "Feature",
      "geometry": {
        "type": "Point",
        "coordinates": [
          -5.1794368,
          50.1996974
        ]
      },
      "properties": {
        "osm_type": "way",
        "osm_id": 718494059,
        "name": "Pencoose Farm",
        "operator": "First Solar Project Ltd",
        "capacity_mw": 8.5,
        "power": "plant",
        "plant_source": "solar"
      }
    },
    {
      "type": "Feature",
      "geometry": {
        "type": "Point",
        "coordinates": [
          -1.9324686,
          51.5846692
        ]
      },
      "properties": {
        "osm_type": "way",
        "osm_id": 718494060,
        "name": "Braydon Manor Farm",
        "operator": "Public Power Solutions",
        "capacity_mw": 8.7,
        "power": "plant",
        "plant_source": "solar"
      }
    },
    {
      "type": "Feature",
      "geometry": {
        "type": "Point",
        "coordinates": [
          -4.0329427,
          50.3292706
        ]
      },
      "properties": {
        "osm_type": "way",
        "osm_id": 718494061,
        "name": "Newton Downs Farm",
        "operator": "Core Aries (Renewable Energy)",
        "capacity_mw": 5.0,
        "power": "plant",
        "plant_source": "solar"
      }
    },
    {
      "type": "Feature",
      "geometry": {
        "type": "Point",
        "coordinates": [
          -2.8557701,
          51.3468128
        ]
      },
      "properties": {
        "osm_type": "way",
        "osm_id": 718495374,
        "name": "Bowerhouse Farm",
        "operator": "KWTN Solar",
        "capacity_mw": 8.3,
        "power": "plant",
        "plant_source": "solar"
      }
    },
    {
      "type": "Feature",
      "geometry": {
        "type": "Point",
        "coordinates": [
          -2.0568111,
          52.9994969
        ]
      },
      "properties": {
        "osm_type": "way",
        "osm_id": 718495375,
        "name": "Heywood Grange Farm",
        "capacity_mw": 8.4,
        "power": "plant",
        "plant_source": "solar"
      }
    },
    {
      "type": "Feature",
      "geometry": {
        "type": "Point",
        "coordinates": [
          -6.2528202,
          54.8821316
        ]
      },
      "properties": {
        "osm_type": "way",
        "osm_id": 718916340,
        "name": "Ballygarvey Road",
        "operator": "Elgin Energy EsCo",
        "capacity_mw": 9.0,
        "power": "plant",
        "plant_source": "solar"
      }
    },
    {
      "type": "Feature",
      "geometry": {
        "type": "Point",
        "coordinates": [
          -6.490634,
          54.9971058
        ]
      },
      "properties": {
        "osm_type": "way",
        "osm_id": 718919380,
        "name": "Bann Road (Tullaghans Road)",
        "capacity_mw": 25.0,
        "power": "plant",
        "plant_source": "solar"
      }
    },
    {
      "type": "Feature",
      "geometry": {
        "type": "Point",
        "coordinates": [
          -4.8987651,
          50.3546819
        ]
      },
      "properties": {
        "osm_type": "way",
        "osm_id": 719346103,
        "power": "plant",
        "plant_source": "solar"
      }
    },
    {
      "type": "Feature",
      "geometry": {
        "type": "Point",
        "coordinates": [
          -4.7864341,
          50.3622627
        ]
      },
      "properties": {
        "osm_type": "way",
        "osm_id": 719347785,
        "name": "West Carclaze Solar Farm",
        "operator": "Imerys",
        "power": "plant",
        "plant_source": "solar"
      }
    },
    {
      "type": "Feature",
      "geometry": {
        "type": "Point",
        "coordinates": [
          -5.3209113,
          50.2283639
        ]
      },
      "properties": {
        "osm_type": "way",
        "osm_id": 720131136,
        "power": "plant",
        "plant_source": "solar"
      }
    },
    {
      "type": "Feature",
      "geometry": {
        "type": "Point",
        "coordinates": [
          -1.1883793,
          53.2603146
        ]
      },
      "properties": {
        "osm_type": "way",
        "osm_id": 720373090,
        "name": "Hunciecroft Farm",
        "operator": "Solar century / Magnetar Solar",
        "capacity_mw": 8.0,
        "power": "plant",
        "plant_source": "solar"
      }
    },
    {
      "type": "Feature",
      "geometry": {
        "type": "Point",
        "coordinates": [
          -2.7908278,
          51.3598871
        ]
      },
      "properties": {
        "osm_type": "way",
        "osm_id": 720373091,
        "name": "Iwood Lane Solar Farm",
        "operator": "Wessex Solar Energy",
        "capacity_mw": 8.0,
        "power": "plant",
        "plant_source": "solar"
      }
    },
    {
      "type": "Feature",
      "geometry": {
        "type": "Point",
        "coordinates": [
          0.0176758,
          53.4087164
        ]
      },
      "properties": {
        "osm_type": "way",
        "osm_id": 720373094,
        "name": "Yarburgh Grove Farm",
        "operator": "Foresight",
        "capacity_mw": 8.1,
        "power": "plant",
        "plant_source": "solar"
      }
    },
    {
      "type": "Feature",
      "geometry": {
        "type": "Point",
        "coordinates": [
          -2.3733527,
          52.7101595
        ]
      },
      "properties": {
        "osm_type": "way",
        "osm_id": 720373095,
        "name": "Sheriffhales Solar Farm",
        "operator": "Lightsource Renewable Energy",
        "capacity_mw": 8.2,
        "power": "plant",
        "plant_source": "solar"
      }
    },
    {
      "type": "Feature",
      "geometry": {
        "type": "Point",
        "coordinates": [
          -3.3886548,
          51.4538899
        ]
      },
      "properties": {
        "osm_type": "way",
        "osm_id": 721984225,
        "name": "Garn Solar Farm",
        "operator": "Equitix",
        "capacity_mw": 7.4,
        "power": "plant",
        "plant_source": "solar"
      }
    },
    {
      "type": "Feature",
      "geometry": {
        "type": "Point",
        "coordinates": [
          -3.4063114,
          51.4307919
        ]
      },
      "properties": {
        "osm_type": "way",
        "osm_id": 721984227,
        "name": "Treguff Farm",
        "capacity_mw": 4.4,
        "power": "plant",
        "plant_source": "solar"
      }
    },
    {
      "type": "Feature",
      "geometry": {
        "type": "Point",
        "coordinates": [
          -3.4933559,
          51.4235455
        ]
      },
      "properties": {
        "osm_type": "way",
        "osm_id": 721984228,
        "name": "Morfa Farm",
        "capacity_mw": 2.0,
        "power": "plant",
        "plant_source": "solar"
      }
    },
    {
      "type": "Feature",
      "geometry": {
        "type": "Point",
        "coordinates": [
          -4.2811973,
          51.8313104
        ]
      },
      "properties": {
        "osm_type": "way",
        "osm_id": 722018739,
        "name": "Bryncyrnau Isaf Solar Park",
        "capacity_mw": 5.9,
        "power": "plant",
        "plant_source": "solar"
      }
    },
    {
      "type": "Feature",
      "geometry": {
        "type": "Point",
        "coordinates": [
          -4.3592821,
          51.8490064
        ]
      },
      "properties": {
        "osm_type": "way",
        "osm_id": 722020045,
        "name": "Redcourt Farm",
        "capacity_mw": 3.3,
        "power": "plant",
        "plant_source": "solar"
      }
    },
    {
      "type": "Feature",
      "geometry": {
        "type": "Point",
        "coordinates": [
          -3.0603391,
          53.0308452
        ]
      },
      "properties": {
        "osm_type": "way",
        "osm_id": 722350032,
        "name": "Bronwylfa Reservoir Solar Farm",
        "operator": "Wrexham County Borough Coucnil",
        "capacity_mw": 3.0,
        "power": "plant",
        "plant_source": "solar"
      }
    },
    {
      "type": "Feature",
      "geometry": {
        "type": "Point",
        "coordinates": [
          -4.4327295,
          53.2188137
        ]
      },
      "properties": {
        "osm_type": "way",
        "osm_id": 722350909,
        "name": "Bodorgan Solar Farm",
        "operator": "Anesco",
        "capacity_mw": 12.6,
        "power": "plant",
        "plant_source": "solar"
      }
    },
    {
      "type": "Feature",
      "geometry": {
        "type": "Point",
        "coordinates": [
          1.2484546,
          52.5495844
        ]
      },
      "properties": {
        "osm_type": "way",
        "osm_id": 722496946,
        "capacity_mw": 5.0,
        "power": "plant",
        "plant_source": "solar"
      }
    },
    {
      "type": "Feature",
      "geometry": {
        "type": "Point",
        "coordinates": [
          -4.5333026,
          50.8140627
        ]
      },
      "properties": {
        "osm_type": "way",
        "osm_id": 722877711,
        "name": "Solar Plant",
        "power": "plant",
        "plant_source": "solar"
      }
    },
    {
      "type": "Feature",
      "geometry": {
        "type": "Point",
        "coordinates": [
          -2.1639526,
          51.5432123
        ]
      },
      "properties": {
        "osm_type": "way",
        "osm_id": 723603973,
        "name": "Hullavington Solar Park",
        "operator": "Wessex Solar Energy",
        "capacity_mw": 7.0,
        "power": "plant",
        "plant_source": "solar"
      }
    },
    {
      "type": "Feature",
      "geometry": {
        "type": "Point",
        "coordinates": [
          -3.3055801,
          51.4177102
        ]
      },
      "properties": {
        "osm_type": "way",
        "osm_id": 723603974,
        "name": "Weycock Road",
        "capacity_mw": 7.0,
        "power": "plant",
        "plant_source": "solar"
      }
    },
    {
      "type": "Feature",
      "geometry": {
        "type": "Point",
        "coordinates": [
          -1.9241242,
          50.8173348
        ]
      },
      "properties": {
        "osm_type": "way",
        "osm_id": 723603975,
        "name": "Bedborough Farm",
        "operator": "Solstice Renewables Ltd",
        "capacity_mw": 7.0,
        "power": "plant",
        "plant_source": "solar"
      }
    },
    {
      "type": "Feature",
      "geometry": {
        "type": "Point",
        "coordinates": [
          -2.5846357,
          51.249617
        ]
      },
      "properties": {
        "osm_type": "way",
        "osm_id": 723603976,
        "name": "Shooters Bottom Solar Park",
        "operator": "Anesco",
        "capacity_mw": 7.0,
        "power": "plant",
        "plant_source": "solar"
      }
    },
    {
      "type": "Feature",
      "geometry": {
        "type": "Point",
        "coordinates": [
          -0.8632314,
          52.0175492
        ]
      },
      "properties": {
        "osm_type": "way",
        "osm_id": 723603977,
        "name": "Beachampton Solar Farm",
        "operator": "PS Renewables",
        "capacity_mw": 7.0,
        "power": "plant",
        "plant_source": "solar"
      }
    },
    {
      "type": "Feature",
      "geometry": {
        "type": "Point",
        "coordinates": [
          -1.616128,
          51.4261545
        ]
      },
      "properties": {
        "osm_type": "way",
        "osm_id": 723603978,
        "name": "Rudge Farm",
        "capacity_mw": 7.0,
        "power": "plant",
        "plant_source": "solar"
      }
    },
    {
      "type": "Feature",
      "geometry": {
        "type": "Point",
        "coordinates": [
          -2.8248811,
          51.3494048
        ]
      },
      "properties": {
        "osm_type": "way",
        "osm_id": 723603979,
        "name": "Congresbury Solar Farm",
        "operator": "FIM Solar Distribution",
        "capacity_mw": 7.1,
        "power": "plant",
        "plant_source": "solar"
      }
    },
    {
      "type": "Feature",
      "geometry": {
        "type": "Point",
        "coordinates": [
          -2.9174173,
          52.9513204
        ]
      },
      "properties": {
        "osm_type": "way",
        "osm_id": 723603980,
        "name": "Trench Farm",
        "capacity_mw": 7.2,
        "power": "plant",
        "plant_source": "solar"
      }
    },
    {
      "type": "Feature",
      "geometry": {
        "type": "Point",
        "coordinates": [
          -2.8555586,
          51.3326082
        ]
      },
      "properties": {
        "osm_type": "way",
        "osm_id": 723603981,
        "name": "Towerbrook Farm (Banwell Solar Farm)",
        "operator": "Aquila Capital",
        "capacity_mw": 7.2,
        "power": "plant",
        "plant_source": "solar"
      }
    },
    {
      "type": "Feature",
      "geometry": {
        "type": "Point",
        "coordinates": [
          -4.1373706,
          51.1471612
        ]
      },
      "properties": {
        "osm_type": "way",
        "osm_id": 723603982,
        "name": "West Hill Farm",
        "capacity_mw": 7.3,
        "power": "plant",
        "plant_source": "solar"
      }
    },
    {
      "type": "Feature",
      "geometry": {
        "type": "Point",
        "coordinates": [
          -3.6201346,
          51.7655824
        ]
      },
      "properties": {
        "osm_type": "way",
        "osm_id": 723603983,
        "name": "Maesgwyn solar farm",
        "operator": "Walters Group",
        "capacity_mw": 7.5,
        "power": "plant",
        "plant_source": "solar"
      }
    },
    {
      "type": "Feature",
      "geometry": {
        "type": "Point",
        "coordinates": [
          -0.6116724,
          51.9243304
        ]
      },
      "properties": {
        "osm_type": "way",
        "osm_id": 723603984,
        "name": "Manor Farm",
        "operator": "Lightsource Renewable Energy",
        "capacity_mw": 7.5,
        "power": "plant",
        "plant_source": "solar"
      }
    },
    {
      "type": "Feature",
      "geometry": {
        "type": "Point",
        "coordinates": [
          -0.4859629,
          52.175582
        ]
      },
      "properties": {
        "osm_type": "way",
        "osm_id": 723603985,
        "name": "Clapham solar farm",
        "operator": "SBC Renewables",
        "capacity_mw": 7.5,
        "power": "plant",
        "plant_source": "solar"
      }
    },
    {
      "type": "Feature",
      "geometry": {
        "type": "Point",
        "coordinates": [
          -3.3272965,
          51.4197189
        ]
      },
      "properties": {
        "osm_type": "way",
        "osm_id": 723603986,
        "name": "Sutton Mawr Farm",
        "operator": "Lightsource BP",
        "capacity_mw": 7.5,
        "power": "plant",
        "plant_source": "solar"
      }
    },
    {
      "type": "Feature",
      "geometry": {
        "type": "Point",
        "coordinates": [
          -2.1014679,
          51.560024
        ]
      },
      "properties": {
        "osm_type": "way",
        "osm_id": 723603987,
        "name": "Rodbourne Rail Farm - Solar Park",
        "operator": "British Solar Renewables",
        "capacity_mw": 7.6,
        "power": "plant",
        "plant_source": "solar"
      }
    },
    {
      "type": "Feature",
      "geometry": {
        "type": "Point",
        "coordinates": [
          0.7758022,
          52.746327
        ]
      },
      "properties": {
        "osm_type": "way",
        "osm_id": 723603988,
        "name": "Claypit Moor Solar Farm (Lexham)",
        "operator": "Lightsource Renewable Energy",
        "capacity_mw": 7.9,
        "power": "plant",
        "plant_source": "solar"
      }
    },
    {
      "type": "Feature",
      "geometry": {
        "type": "Point",
        "coordinates": [
          -2.2824338,
          52.1822755
        ]
      },
      "properties": {
        "osm_type": "way",
        "osm_id": 723687786,
        "name": "Otherton Farm",
        "capacity_mw": 4.0,
        "power": "plant",
        "plant_source": "solar"
      }
    },
    {
      "type": "Feature",
      "geometry": {
        "type": "Point",
        "coordinates": [
          -2.6717619,
          52.143772
        ]
      },
      "properties": {
        "osm_type": "way",
        "osm_id": 723687791,
        "name": "Lower Venn Farm",
        "capacity_mw": 5.0,
        "power": "plant",
        "plant_source": "solar"
      }
    },
    {
      "type": "Feature",
      "geometry": {
        "type": "Point",
        "coordinates": [
          -1.9207758,
          52.1024754
        ]
      },
      "properties": {
        "osm_type": "way",
        "osm_id": 723689460,
        "name": "Bypass Nurseries Solar Farm",
        "operator": "Sun Spirit",
        "capacity_mw": 3.3,
        "power": "plant",
        "plant_source": "solar"
      }
    },
    {
      "type": "Feature",
      "geometry": {
        "type": "Point",
        "coordinates": [
          0.6929433,
          51.5737056
        ]
      },
      "properties": {
        "osm_type": "way",
        "osm_id": 724178537,
        "name": "London Southend Airport Solar Farm",
        "capacity_mw": 2.5,
        "power": "plant",
        "plant_source": "solar"
      }
    },
    {
      "type": "Feature",
      "geometry": {
        "type": "Point",
        "coordinates": [
          -4.4782591,
          52.9117424
        ]
      },
      "properties": {
        "osm_type": "way",
        "osm_id": 724271275,
        "name": "Tyddyn Cae (Nefyn)",
        "operator": "Lightsource Renewable Energy",
        "capacity_mw": 4.9,
        "power": "plant",
        "plant_source": "solar"
      }
    },
    {
      "type": "Feature",
      "geometry": {
        "type": "Point",
        "coordinates": [
          -2.8664849,
          52.8045917
        ]
      },
      "properties": {
        "osm_type": "way",
        "osm_id": 724274103,
        "capacity_mw": 3.8,
        "power": "plant",
        "plant_source": "solar"
      }
    },
    {
      "type": "Feature",
      "geometry": {
        "type": "Point",
        "coordinates": [
          -2.8229928,
          57.3085269
        ]
      },
      "properties": {
        "osm_type": "way",
        "osm_id": 724277605,
        "name": "Cairnmore",
        "capacity_mw": 5.0,
        "power": "plant",
        "plant_source": "solar"
      }
    },
    {
      "type": "Feature",
      "geometry": {
        "type": "Point",
        "coordinates": [
          -2.3723334,
          57.5602906
        ]
      },
      "properties": {
        "osm_type": "way",
        "osm_id": 724282776,
        "name": "Cairnhill Farm Solar Farm",
        "capacity_mw": 2.4,
        "power": "plant",
        "plant_source": "solar"
      }
    },
    {
      "type": "Feature",
      "geometry": {
        "type": "Point",
        "coordinates": [
          -2.7643007,
          52.3933618
        ]
      },
      "properties": {
        "osm_type": "way",
        "osm_id": 724285098,
        "capacity_mw": 0.5,
        "power": "plant",
        "plant_source": "solar"
      }
    },
    {
      "type": "Feature",
      "geometry": {
        "type": "Point",
        "coordinates": [
          -1.4746667,
          52.0302549
        ]
      },
      "properties": {
        "osm_type": "way",
        "osm_id": 724286636,
        "name": "North Of Field Barn",
        "operator": "Blenheim Farm",
        "capacity_mw": 1.0,
        "power": "plant",
        "plant_source": "solar"
      }
    },
    {
      "type": "Feature",
      "geometry": {
        "type": "Point",
        "coordinates": [
          -4.3699073,
          50.8021283
        ]
      },
      "properties": {
        "osm_type": "way",
        "osm_id": 724617838,
        "name": "Derriton Fields Solar Farm",
        "capacity_mw": 11.8,
        "power": "plant",
        "plant_source": "solar"
      }
    },
    {
      "type": "Feature",
      "geometry": {
        "type": "Point",
        "coordinates": [
          -3.630006,
          50.5075973
        ]
      },
      "properties": {
        "osm_type": "way",
        "osm_id": 724793793,
        "power": "plant",
        "plant_source": "solar"
      }
    },
    {
      "type": "Feature",
      "geometry": {
        "type": "Point",
        "coordinates": [
          -3.6406146,
          50.5071606
        ]
      },
      "properties": {
        "osm_type": "way",
        "osm_id": 724793800,
        "name": "Rydon Farm Solar Farm",
        "capacity_mw": 12.0,
        "power": "plant",
        "plant_source": "solar"
      }
    },
    {
      "type": "Feature",
      "geometry": {
        "type": "Point",
        "coordinates": [
          -0.9767656,
          52.2061958
        ]
      },
      "properties": {
        "osm_type": "way",
        "osm_id": 724796211,
        "capacity_mw": 6.8,
        "power": "plant",
        "plant_source": "solar"
      }
    },
    {
      "type": "Feature",
      "geometry": {
        "type": "Point",
        "coordinates": [
          -2.903738,
          51.255899
        ]
      },
      "properties": {
        "osm_type": "way",
        "osm_id": 724796214,
        "name": "Ashlawn Farm",
        "capacity_mw": 6.8,
        "power": "plant",
        "plant_source": "solar"
      }
    },
    {
      "type": "Feature",
      "geometry": {
        "type": "Point",
        "coordinates": [
          -3.3602608,
          51.1725931
        ]
      },
      "properties": {
        "osm_type": "way",
        "osm_id": 724796215,
        "name": "Higher Bye Solar Farm",
        "capacity_mw": 6.8,
        "power": "plant",
        "plant_source": "solar"
      }
    },
    {
      "type": "Feature",
      "geometry": {
        "type": "Point",
        "coordinates": [
          -0.078049,
          52.3566832
        ]
      },
      "properties": {
        "osm_type": "way",
        "osm_id": 724796216,
        "name": "Wiggin Hill Solar Farm - Phase 1",
        "operator": "Lightsource BP",
        "capacity_mw": 10.9,
        "power": "plant",
        "plant_source": "solar"
      }
    },
    {
      "type": "Feature",
      "geometry": {
        "type": "Point",
        "coordinates": [
          -2.3707924,
          51.9197251
        ]
      },
      "properties": {
        "osm_type": "way",
        "osm_id": 724796217,
        "name": "Rymes Farm",
        "capacity_mw": 13.7,
        "power": "plant",
        "plant_source": "solar"
      }
    },
    {
      "type": "Feature",
      "geometry": {
        "type": "Point",
        "coordinates": [
          -1.3438739,
          50.885872
        ]
      },
      "properties": {
        "osm_type": "way",
        "osm_id": 724798135,
        "name": "Netley Landfill Solar Farm",
        "capacity_mw": 12.0,
        "power": "plant",
        "plant_source": "solar"
      }
    },
    {
      "type": "Feature",
      "geometry": {
        "type": "Point",
        "coordinates": [
          -2.8007636,
          52.4909614
        ]
      },
      "properties": {
        "osm_type": "way",
        "osm_id": 724803558,
        "name": "Henley Solar Farm",
        "capacity_mw": 6.5,
        "power": "plant",
        "plant_source": "solar"
      }
    },
    {
      "type": "Feature",
      "geometry": {
        "type": "Point",
        "coordinates": [
          -3.2082414,
          54.1746293
        ]
      },
      "properties": {
        "osm_type": "way",
        "osm_id": 724803559,
        "name": "Roanhead Solar Farm",
        "capacity_mw": 6.5,
        "power": "plant",
        "plant_source": "solar"
      }
    },
    {
      "type": "Feature",
      "geometry": {
        "type": "Point",
        "coordinates": [
          -3.7425184,
          50.5056551
        ]
      },
      "properties": {
        "osm_type": "way",
        "osm_id": 724803560,
        "name": "Parkview solar park",
        "operator": "NextEnergy",
        "capacity_mw": 6.5,
        "power": "plant",
        "plant_source": "solar"
      }
    },
    {
      "type": "Feature",
      "geometry": {
        "type": "Point",
        "coordinates": [
          -2.7244109,
          52.9609153
        ]
      },
      "properties": {
        "osm_type": "way",
        "osm_id": 724803561,
        "name": "Hadley Solar Farm",
        "operator": "Lightsource Renewable Energy",
        "capacity_mw": 6.6,
        "power": "plant",
        "plant_source": "solar"
      }
    },
    {
      "type": "Feature",
      "geometry": {
        "type": "Point",
        "coordinates": [
          -2.0887864,
          51.9394598
        ]
      },
      "properties": {
        "osm_type": "way",
        "osm_id": 724803562,
        "name": "Home Farm",
        "operator": "Wirsol Energy",
        "capacity_mw": 6.7,
        "power": "plant",
        "plant_source": "solar"
      }
    },
    {
      "type": "Feature",
      "geometry": {
        "type": "Point",
        "coordinates": [
          -2.6039368,
          50.8836781
        ]
      },
      "properties": {
        "osm_type": "way",
        "osm_id": 724803563,
        "name": "Caswell Farm Solar Park",
        "operator": "Juwi Renewable Energies",
        "capacity_mw": 6.7,
        "power": "plant",
        "plant_source": "solar"
      }
    },
    {
      "type": "Feature",
      "geometry": {
        "type": "Point",
        "coordinates": [
          -1.8414035,
          52.8964625
        ]
      },
      "properties": {
        "osm_type": "way",
        "osm_id": 725458003,
        "name": "Solar farm at land at The Willows, Uttoxeter",
        "operator": "TGC Renewables",
        "capacity_mw": 6.4,
        "power": "plant",
        "plant_source": "solar"
      }
    },
    {
      "type": "Feature",
      "geometry": {
        "type": "Point",
        "coordinates": [
          -3.7600697,
          50.4197669
        ]
      },
      "properties": {
        "osm_type": "way",
        "osm_id": 725458006,
        "name": "Hazard Farm",
        "operator": "TGC Renewables",
        "capacity_mw": 6.4,
        "power": "plant",
        "plant_source": "solar"
      }
    },
    {
      "type": "Feature",
      "geometry": {
        "type": "Point",
        "coordinates": [
          -4.1089513,
          51.0635297
        ]
      },
      "properties": {
        "osm_type": "way",
        "osm_id": 725458007,
        "name": "Horsacott Solar Park",
        "capacity_mw": 6.4,
        "power": "plant",
        "plant_source": "solar"
      }
    },
    {
      "type": "Feature",
      "geometry": {
        "type": "Point",
        "coordinates": [
          -1.7828215,
          52.8748673
        ]
      },
      "properties": {
        "osm_type": "way",
        "osm_id": 725463864,
        "name": "Green Lane Marchington Photovoltaic",
        "capacity_mw": 5.8,
        "power": "plant",
        "plant_source": "solar"
      }
    },
    {
      "type": "Feature",
      "geometry": {
        "type": "Point",
        "coordinates": [
          -1.7731769,
          52.873666
        ]
      },
      "properties": {
        "osm_type": "way",
        "osm_id": 725463865,
        "name": "Moat Farm Photovoltaic",
        "capacity_mw": 6.2,
        "power": "plant",
        "plant_source": "solar"
      }
    },
    {
      "type": "Feature",
      "geometry": {
        "type": "Point",
        "coordinates": [
          -0.6341171,
          51.8700159
        ]
      },
      "properties": {
        "osm_type": "way",
        "osm_id": 725463867,
        "name": "Church Farm",
        "operator": "Lightsource Renewable Energy",
        "capacity_mw": 6.2,
        "power": "plant",
        "plant_source": "solar"
      }
    },
    {
      "type": "Feature",
      "geometry": {
        "type": "Point",
        "coordinates": [
          -1.3639784,
          52.6678694
        ]
      },
      "properties": {
        "osm_type": "way",
        "osm_id": 725676998,
        "name": "Crown Farm",
        "operator": "Suncredit UK (Sunventures 7)",
        "capacity_mw": 6.0,
        "power": "plant",
        "plant_source": "solar"
      }
    },
    {
      "type": "Feature",
      "geometry": {
        "type": "Point",
        "coordinates": [
          -2.7316717,
          51.6336867
        ]
      },
      "properties": {
        "osm_type": "way",
        "osm_id": 725676999,
        "name": "Rhewl Farm",
        "operator": "Renesola",
        "capacity_mw": 6.0,
        "power": "plant",
        "plant_source": "solar"
      }
    },
    {
      "type": "Feature",
      "geometry": {
        "type": "Point",
        "coordinates": [
          -3.3187009,
          51.443501
        ]
      },
      "properties": {
        "osm_type": "way",
        "osm_id": 725677000,
        "name": "Whitton Mawr",
        "operator": "Cenin Renewables",
        "capacity_mw": 6.0,
        "power": "plant",
        "plant_source": "solar"
      }
    },
    {
      "type": "Feature",
      "geometry": {
        "type": "Point",
        "coordinates": [
          0.5447191,
          52.5429811
        ]
      },
      "properties": {
        "osm_type": "way",
        "osm_id": 725677001,
        "name": "Meadow Farm Solar Power Station",
        "capacity_mw": 6.0,
        "power": "plant",
        "plant_source": "solar"
      }
    },
    {
      "type": "Feature",
      "geometry": {
        "type": "Point",
        "coordinates": [
          0.5044243,
          51.8570349
        ]
      },
      "properties": {
        "osm_type": "way",
        "osm_id": 725677002,
        "name": "Drapers Farm Solar Park",
        "operator": "Lightsource Renewable Energy",
        "capacity_mw": 6.0,
        "power": "plant",
        "plant_source": "solar"
      }
    },
    {
      "type": "Feature",
      "geometry": {
        "type": "Point",
        "coordinates": [
          0.5651253,
          52.5601154
        ]
      },
      "properties": {
        "osm_type": "way",
        "osm_id": 725677003,
        "name": "Reaches Farm Solar Power Station",
        "operator": "Lightsource Renewable Energy",
        "capacity_mw": 6.1,
        "power": "plant",
        "plant_source": "solar"
      }
    },
    {
      "type": "Feature",
      "geometry": {
        "type": "Point",
        "coordinates": [
          -4.1754887,
          51.1528084
        ]
      },
      "properties": {
        "osm_type": "way",
        "osm_id": 725688488,
        "name": "Barton Close Farm",
        "operator": "British Solar Renewables",
        "capacity_mw": 5.5,
        "power": "plant",
        "plant_source": "solar"
      }
    },
    {
      "type": "Feature",
      "geometry": {
        "type": "Point",
        "coordinates": [
          -4.7779209,
          50.4108696
        ]
      },
      "properties": {
        "osm_type": "way",
        "osm_id": 725688489,
        "name": "Bodwen Solar Park",
        "operator": "Greencoat Capital",
        "capacity_mw": 5.5,
        "power": "plant",
        "plant_source": "solar"
      }
    },
    {
      "type": "Feature",
      "geometry": {
        "type": "Point",
        "coordinates": [
          0.8037722,
          51.8449154
        ]
      },
      "properties": {
        "osm_type": "way",
        "osm_id": 725688490,
        "capacity_mw": 7.3,
        "power": "plant",
        "plant_source": "solar"
      }
    },
    {
      "type": "Feature",
      "geometry": {
        "type": "Point",
        "coordinates": [
          -2.7323395,
          51.6055444
        ]
      },
      "properties": {
        "osm_type": "way",
        "osm_id": 725688491,
        "name": "Oak Grove Farm",
        "capacity_mw": 5.7,
        "power": "plant",
        "plant_source": "solar"
      }
    },
    {
      "type": "Feature",
      "geometry": {
        "type": "Point",
        "coordinates": [
          -4.7542047,
          50.4021341
        ]
      },
      "properties": {
        "osm_type": "way",
        "osm_id": 725688492,
        "name": "Trenoweth Solar Farm",
        "operator": "Kronos Solar",
        "capacity_mw": 2.5,
        "power": "plant",
        "plant_source": "solar"
      }
    },
    {
      "type": "Feature",
      "geometry": {
        "type": "Point",
        "coordinates": [
          -4.7566429,
          50.4072697
        ]
      },
      "properties": {
        "osm_type": "way",
        "osm_id": 725688493,
        "name": "Tredinnick Fields",
        "capacity_mw": 5.9,
        "power": "plant",
        "plant_source": "solar"
      }
    },
    {
      "type": "Feature",
      "geometry": {
        "type": "Point",
        "coordinates": [
          -2.7626431,
          53.8431339
        ]
      },
      "properties": {
        "osm_type": "way",
        "osm_id": 725688494,
        "name": "Bilsborrow Solar Farm",
        "capacity_mw": 5.0,
        "power": "plant",
        "plant_source": "solar"
      }
    },
    {
      "type": "Feature",
      "geometry": {
        "type": "Point",
        "coordinates": [
          -1.4821179,
          54.3276034
        ]
      },
      "properties": {
        "osm_type": "way",
        "osm_id": 725688495,
        "name": "North East of Ainderby Steeple",
        "operator": "Renesola UK",
        "capacity_mw": 5.9,
        "power": "plant",
        "plant_source": "solar"
      }
    },
    {
      "type": "Feature",
      "geometry": {
        "type": "Point",
        "coordinates": [
          -0.9673172,
          51.1187513
        ]
      },
      "properties": {
        "osm_type": "way",
        "osm_id": 725688781,
        "name": "Barley Wood Farm Lane (Gaston Lane - resubmission)",
        "operator": "Lightsource Renewable Energy",
        "capacity_mw": 5.4,
        "power": "plant",
        "plant_source": "solar"
      }
    },
    {
      "type": "Feature",
      "geometry": {
        "type": "Point",
        "coordinates": [
          -0.9459617,
          53.224479
        ]
      },
      "properties": {
        "osm_type": "way",
        "osm_id": 725694063,
        "name": "Westwood Farm Solar Park",
        "operator": "Lightsource Renewable Energy",
        "capacity_mw": 5.1,
        "power": "plant",
        "plant_source": "solar"
      }
    },
    {
      "type": "Feature",
      "geometry": {
        "type": "Point",
        "coordinates": [
          -4.4420279,
          50.780455
        ]
      },
      "properties": {
        "osm_type": "way",
        "osm_id": 725694066,
        "name": "Bradford Solar Park",
        "operator": "Wessex Solar Energy",
        "capacity_mw": 5.3,
        "power": "plant",
        "plant_source": "solar"
      }
    },
    {
      "type": "Feature",
      "geometry": {
        "type": "Point",
        "coordinates": [
          -0.3826546,
          52.3205313
        ]
      },
      "properties": {
        "osm_type": "way",
        "osm_id": 725694067,
        "name": "Rookery Farm Solar Power Station",
        "operator": "Prosolia UK Ltd",
        "capacity_mw": 5.3,
        "power": "plant",
        "plant_source": "solar"
      }
    },
    {
      "type": "Feature",
      "geometry": {
        "type": "Point",
        "coordinates": [
          -2.5840831,
          51.210883
        ]
      },
      "properties": {
        "osm_type": "way",
        "osm_id": 725694068,
        "name": "Pitt's Farm",
        "capacity_mw": 2.6,
        "power": "plant",
        "plant_source": "solar"
      }
    },
    {
      "type": "Feature",
      "geometry": {
        "type": "Point",
        "coordinates": [
          -2.3469329,
          51.0567583
        ]
      },
      "properties": {
        "osm_type": "way",
        "osm_id": 725697661,
        "name": "Clapton Farm Solar Park",
        "operator": "British Solar Renewables",
        "capacity_mw": 5.0,
        "power": "plant",
        "plant_source": "solar"
      }
    },
    {
      "type": "Feature",
      "geometry": {
        "type": "Point",
        "coordinates": [
          -3.3224139,
          54.781789
        ]
      },
      "properties": {
        "osm_type": "way",
        "osm_id": 725697662,
        "name": "Aspatria",
        "operator": "United Photovoltaics",
        "capacity_mw": 19.0,
        "power": "plant",
        "plant_source": "solar"
      }
    },
    {
      "type": "Feature",
      "geometry": {
        "type": "Point",
        "coordinates": [
          -6.1735654,
          54.5558136
        ]
      },
      "properties": {
        "osm_type": "way",
        "osm_id": 725697663,
        "name": "Hillside Solar Farm",
        "capacity_mw": 25.2,
        "power": "plant",
        "plant_source": "solar"
      }
    },
    {
      "type": "Feature",
      "geometry": {
        "type": "Point",
        "coordinates": [
          -6.1879957,
          54.5566318
        ]
      },
      "properties": {
        "osm_type": "way",
        "osm_id": 725697664,
        "name": "Lough Road Solar Farm",
        "capacity_mw": 4.8,
        "power": "plant",
        "plant_source": "solar"
      }
    },
    {
      "type": "Feature",
      "geometry": {
        "type": "Point",
        "coordinates": [
          -0.1464487,
          53.5257299
        ]
      },
      "properties": {
        "osm_type": "way",
        "osm_id": 725697665,
        "name": "Laceby Solar Farm",
        "operator": "Conergy",
        "capacity_mw": 27.1,
        "power": "plant",
        "plant_source": "solar"
      }
    },
    {
      "type": "Feature",
      "geometry": {
        "type": "Point",
        "coordinates": [
          -1.7856276,
          49.5167295
        ]
      },
      "properties": {
        "osm_type": "way",
        "osm_id": 726114444,
        "capacity_mw": 2.5,
        "power": "plant",
        "plant_source": "solar"
      }
    },
    {
      "type": "Feature",
      "geometry": {
        "type": "Point",
        "coordinates": [
          1.1716693,
          52.7987008
        ]
      },
      "properties": {
        "osm_type": "way",
        "osm_id": 728202722,
        "name": "Oulton Airfield Solar Farm (Phase 1)",
        "operator": "Solar Century/ Bluefield Solar",
        "capacity_mw": 5.0,
        "power": "plant",
        "plant_source": "solar"
      }
    },
    {
      "type": "Feature",
      "geometry": {
        "type": "Point",
        "coordinates": [
          -2.4323141,
          51.2300832
        ]
      },
      "properties": {
        "osm_type": "way",
        "osm_id": 728888400,
        "capacity_mw": 1.5,
        "power": "plant",
        "plant_source": "solar"
      }
    },
    {
      "type": "Feature",
      "geometry": {
        "type": "Point",
        "coordinates": [
          -1.1147529,
          51.968497
        ]
      },
      "properties": {
        "osm_type": "way",
        "osm_id": 728888401,
        "name": "Shelswell Park Solar Farm",
        "operator": "Anesco",
        "capacity_mw": 5.0,
        "power": "plant",
        "plant_source": "solar"
      }
    },
    {
      "type": "Feature",
      "geometry": {
        "type": "Point",
        "coordinates": [
          -4.8018504,
          50.5222455
        ]
      },
      "properties": {
        "osm_type": "way",
        "osm_id": 728888402,
        "name": "Middle Treworder Solar Farm",
        "operator": "Innogy",
        "capacity_mw": 5.0,
        "power": "plant",
        "plant_source": "solar"
      }
    },
    {
      "type": "Feature",
      "geometry": {
        "type": "Point",
        "coordinates": [
          0.592406,
          51.9084522
        ]
      },
      "properties": {
        "osm_type": "way",
        "osm_id": 728888403,
        "name": "Kentishes Solar Farm",
        "operator": "Push Energy/ NextEnergy Solar Fund (NESF)",
        "capacity_mw": 12.67,
        "power": "plant",
        "plant_source": "solar"
      }
    },
    {
      "type": "Feature",
      "geometry": {
        "type": "Point",
        "coordinates": [
          -2.642734,
          51.6457341
        ]
      },
      "properties": {
        "osm_type": "way",
        "osm_id": 728888404,
        "name": "Tump Solar Farm",
        "operator": "Green Energy UK Direct",
        "capacity_mw": 5.0,
        "power": "plant",
        "plant_source": "solar"
      }
    },
    {
      "type": "Feature",
      "geometry": {
        "type": "Point",
        "coordinates": [
          -1.2652523,
          52.6402966
        ]
      },
      "properties": {
        "osm_type": "way",
        "osm_id": 728893770,
        "name": "Desford Solar Farm",
        "operator": "Trina Solar",
        "capacity_mw": 5.0,
        "power": "plant",
        "plant_source": "solar"
      }
    },
    {
      "type": "Feature",
      "geometry": {
        "type": "Point",
        "coordinates": [
          -1.8782572,
          51.5218891
        ]
      },
      "properties": {
        "osm_type": "way",
        "osm_id": 728893771,
        "name": "Rock Farm / Goldborough Farm (Rookwood)",
        "operator": "Good Energy Generation",
        "capacity_mw": 5.0,
        "power": "plant",
        "plant_source": "solar"
      }
    },
    {
      "type": "Feature",
      "geometry": {
        "type": "Point",
        "coordinates": [
          -0.9600317,
          51.3872564
        ]
      },
      "properties": {
        "osm_type": "way",
        "osm_id": 729189511,
        "name": "Sheepbridge Court Farm",
        "capacity_mw": 5.0,
        "power": "plant",
        "plant_source": "solar"
      }
    },
    {
      "type": "Feature",
      "geometry": {
        "type": "Point",
        "coordinates": [
          -1.0377057,
          53.367239
        ]
      },
      "properties": {
        "osm_type": "way",
        "osm_id": 729189512,
        "name": "Jubilee Farm, Barnby Moor",
        "operator": "NESF (formerly Lark Energy)",
        "capacity_mw": 5.0,
        "power": "plant",
        "plant_source": "solar"
      }
    },
    {
      "type": "Feature",
      "geometry": {
        "type": "Point",
        "coordinates": [
          -1.1601763,
          53.6215287
        ]
      },
      "properties": {
        "osm_type": "way",
        "osm_id": 729189513,
        "name": "Askern Colliery solar farm",
        "operator": "Anesco",
        "capacity_mw": 5.0,
        "power": "plant",
        "plant_source": "solar"
      }
    },
    {
      "type": "Feature",
      "geometry": {
        "type": "Point",
        "coordinates": [
          -1.3568974,
          53.2398704
        ]
      },
      "properties": {
        "osm_type": "way",
        "osm_id": 729189514,
        "name": "Cherry Tree Farm",
        "operator": "Trina Solar",
        "capacity_mw": 5.0,
        "power": "plant",
        "plant_source": "solar"
      }
    },
    {
      "type": "Feature",
      "geometry": {
        "type": "Point",
        "coordinates": [
          0.1112393,
          50.9327133
        ]
      },
      "properties": {
        "osm_type": "way",
        "osm_id": 729189515,
        "name": "Bentley Estate",
        "operator": "Lightsource BP",
        "capacity_mw": 5.0,
        "power": "plant",
        "plant_source": "solar"
      }
    },
    {
      "type": "Feature",
      "geometry": {
        "type": "Point",
        "coordinates": [
          -1.6026594,
          53.0126337
        ]
      },
      "properties": {
        "osm_type": "way",
        "osm_id": 729189516,
        "name": "Smith Hall Farm Solar Park",
        "operator": "Trina Solar",
        "capacity_mw": 5.0,
        "power": "plant",
        "plant_source": "solar"
      }
    },
    {
      "type": "Feature",
      "geometry": {
        "type": "Point",
        "coordinates": [
          -4.4050991,
          50.7238135
        ]
      },
      "properties": {
        "osm_type": "way",
        "osm_id": 729189517,
        "name": "West Ditchen Farm",
        "operator": "PV Sunpower Ltd",
        "capacity_mw": 5.0,
        "power": "plant",
        "plant_source": "solar"
      }
    },
    {
      "type": "Feature",
      "geometry": {
        "type": "Point",
        "coordinates": [
          -2.6425941,
          51.6370256
        ]
      },
      "properties": {
        "osm_type": "way",
        "osm_id": 729189525,
        "name": "Sedbury Park",
        "operator": "Bee Green Solar",
        "capacity_mw": 5.0,
        "power": "plant",
        "plant_source": "solar"
      }
    },
    {
      "type": "Feature",
      "geometry": {
        "type": "Point",
        "coordinates": [
          -0.06455,
          53.6971733
        ]
      },
      "properties": {
        "osm_type": "way",
        "osm_id": 729189526,
        "name": "Redhall Industrial Estate",
        "operator": "Dodds Limited",
        "capacity_mw": 5.0,
        "power": "plant",
        "plant_source": "solar"
      }
    },
    {
      "type": "Feature",
      "geometry": {
        "type": "Point",
        "coordinates": [
          -4.4519735,
          50.4073209
        ]
      },
      "properties": {
        "osm_type": "way",
        "osm_id": 729189527,
        "name": "Pensipple Farm",
        "operator": "Elgin Energy EsCo",
        "capacity_mw": 5.0,
        "power": "plant",
        "plant_source": "solar"
      }
    },
    {
      "type": "Feature",
      "geometry": {
        "type": "Point",
        "coordinates": [
          -3.732345,
          50.4388999
        ]
      },
      "properties": {
        "osm_type": "way",
        "osm_id": 729189529,
        "name": "Bidwell Solar Farm",
        "operator": "Wessex Solar Energy",
        "capacity_mw": 5.0,
        "power": "plant",
        "plant_source": "solar"
      }
    },
    {
      "type": "Feature",
      "geometry": {
        "type": "Point",
        "coordinates": [
          -0.7723153,
          52.3113648
        ]
      },
      "properties": {
        "osm_type": "way",
        "osm_id": 729189530,
        "name": "Sywell Road Solar Farm",
        "operator": "NESF (formerly Lark Energy)",
        "capacity_mw": 5.0,
        "power": "plant",
        "plant_source": "solar"
      }
    },
    {
      "type": "Feature",
      "geometry": {
        "type": "Point",
        "coordinates": [
          -2.6467395,
          50.812355
        ]
      },
      "properties": {
        "osm_type": "way",
        "osm_id": 729739555,
        "name": "Rampisham North",
        "operator": "British Solar Renewables",
        "capacity_mw": 5.0,
        "power": "plant",
        "plant_source": "solar"
      }
    },
    {
      "type": "Feature",
      "geometry": {
        "type": "Point",
        "coordinates": [
          -2.7680397,
          53.8687439
        ]
      },
      "properties": {
        "osm_type": "way",
        "osm_id": 729739556,
        "name": "Westfield Farm",
        "operator": "Hive Energy/ Vogt Solar",
        "capacity_mw": 5.0,
        "power": "plant",
        "plant_source": "solar"
      }
    },
    {
      "type": "Feature",
      "geometry": {
        "type": "Point",
        "coordinates": [
          1.3158991,
          52.6062212
        ]
      },
      "properties": {
        "osm_type": "way",
        "osm_id": 729739557,
        "capacity_mw": 5.0,
        "power": "plant",
        "plant_source": "solar"
      }
    },
    {
      "type": "Feature",
      "geometry": {
        "type": "Point",
        "coordinates": [
          -3.8644678,
          51.0178854
        ]
      },
      "properties": {
        "osm_type": "way",
        "osm_id": 729739558,
        "name": "Kingsland Barton Solar Farm",
        "operator": "Padero Solar",
        "capacity_mw": 5.0,
        "power": "plant",
        "plant_source": "solar"
      }
    },
    {
      "type": "Feature",
      "geometry": {
        "type": "Point",
        "coordinates": [
          -0.2193491,
          52.2022193
        ]
      },
      "properties": {
        "osm_type": "way",
        "osm_id": 729739559,
        "name": "Caldecote Manor Farm",
        "operator": "Sustain Energy Solutions",
        "capacity_mw": 5.0,
        "power": "plant",
        "plant_source": "solar"
      }
    },
    {
      "type": "Feature",
      "geometry": {
        "type": "Point",
        "coordinates": [
          -0.3173215,
          53.8086941
        ]
      },
      "properties": {
        "osm_type": "way",
        "osm_id": 729739560,
        "name": "Carlam Hill Farm",
        "operator": "Renesola",
        "capacity_mw": 10.0,
        "power": "plant",
        "plant_source": "solar"
      }
    },
    {
      "type": "Feature",
      "geometry": {
        "type": "Point",
        "coordinates": [
          -2.6835112,
          53.6000704
        ]
      },
      "properties": {
        "osm_type": "way",
        "osm_id": 729739561,
        "name": "Thompson House Equestrian farm",
        "operator": "Emotion Solar One",
        "capacity_mw": 5.0,
        "power": "plant",
        "plant_source": "solar"
      }
    },
    {
      "type": "Feature",
      "geometry": {
        "type": "Point",
        "coordinates": [
          -1.8190629,
          51.6167541
        ]
      },
      "properties": {
        "osm_type": "way",
        "osm_id": 729739562,
        "name": "Chapel Farm",
        "operator": "Public Power Solutions / Swindon Borough Council",
        "capacity_mw": 5.0,
        "power": "plant",
        "plant_source": "solar"
      }
    },
    {
      "type": "Feature",
      "geometry": {
        "type": "Point",
        "coordinates": [
          -1.3156503,
          54.1692678
        ]
      },
      "properties": {
        "osm_type": "way",
        "osm_id": 729739563,
        "name": "Cold Harbour Farm",
        "operator": "Lightsource Renewable Energy",
        "capacity_mw": 5.0,
        "power": "plant",
        "plant_source": "solar"
      }
    },
    {
      "type": "Feature",
      "geometry": {
        "type": "Point",
        "coordinates": [
          0.6994866,
          51.6202197
        ]
      },
      "properties": {
        "osm_type": "way",
        "osm_id": 729739564,
        "name": "Fambridge Road/Canewdon Road",
        "operator": "UK Solar Assets (Alcor LS-SPV)",
        "capacity_mw": 5.0,
        "power": "plant",
        "plant_source": "solar"
      }
    },
    {
      "type": "Feature",
      "geometry": {
        "type": "Point",
        "coordinates": [
          -3.8325602,
          51.6105149
        ]
      },
      "properties": {
        "osm_type": "way",
        "osm_id": 729739568,
        "name": "Baglan Bay Solar Farm - Phase 1",
        "operator": "St. Modwen Developments",
        "capacity_mw": 5.0,
        "power": "plant",
        "plant_source": "solar"
      }
    },
    {
      "type": "Feature",
      "geometry": {
        "type": "Point",
        "coordinates": [
          -2.3794627,
          50.7741965
        ]
      },
      "properties": {
        "osm_type": "way",
        "osm_id": 729739569,
        "name": "Bourne Farm",
        "operator": "Farm Power Apollo",
        "capacity_mw": 2.4,
        "power": "plant",
        "plant_source": "solar"
      }
    },
    {
      "type": "Feature",
      "geometry": {
        "type": "Point",
        "coordinates": [
          -2.3951456,
          50.7761165
        ]
      },
      "properties": {
        "osm_type": "way",
        "osm_id": 729739570,
        "name": "Bourne Park (Solar)",
        "operator": "Sovereign Energy Partners LLP",
        "capacity_mw": 5.0,
        "power": "plant",
        "plant_source": "solar"
      }
    },
    {
      "type": "Feature",
      "geometry": {
        "type": "Point",
        "coordinates": [
          -4.3466552,
          50.9757424
        ]
      },
      "properties": {
        "osm_type": "way",
        "osm_id": 729739571,
        "name": "Walland Farm",
        "operator": "Lightsource BP",
        "capacity_mw": 5.0,
        "power": "plant",
        "plant_source": "solar"
      }
    },
    {
      "type": "Feature",
      "geometry": {
        "type": "Point",
        "coordinates": [
          -0.1384449,
          52.6956101
        ]
      },
      "properties": {
        "osm_type": "way",
        "osm_id": 729739572,
        "name": "Decoy Farm",
        "operator": "Push Energy/ NextEnergy Solar Fund (NESF)",
        "capacity_mw": 5.0,
        "power": "plant",
        "plant_source": "solar"
      }
    },
    {
      "type": "Feature",
      "geometry": {
        "type": "Point",
        "coordinates": [
          -1.0693246,
          54.538769
        ]
      },
      "properties": {
        "osm_type": "way",
        "osm_id": 729753575,
        "operator": "Lightsource BP",
        "capacity_mw": 5.0,
        "power": "plant",
        "plant_source": "solar"
      }
    },
    {
      "type": "Feature",
      "geometry": {
        "type": "Point",
        "coordinates": [
          -1.4959193,
          54.5110738
        ]
      },
      "properties": {
        "osm_type": "way",
        "osm_id": 729755671,
        "capacity_mw": 5.0,
        "power": "plant",
        "plant_source": "solar"
      }
    },
    {
      "type": "Feature",
      "geometry": {
        "type": "Point",
        "coordinates": [
          -0.4462284,
          51.0422222
        ]
      },
      "properties": {
        "osm_type": "way",
        "osm_id": 730017647,
        "name": "Solar Farm",
        "capacity_mw": 5.0,
        "power": "plant",
        "plant_source": "solar"
      }
    },
    {
      "type": "Feature",
      "geometry": {
        "type": "Point",
        "coordinates": [
          -1.6654023,
          52.778796
        ]
      },
      "properties": {
        "osm_type": "way",
        "osm_id": 730017648,
        "name": "Drakelow Solar Farm",
        "operator": "BlackRock",
        "capacity_mw": 5.0,
        "power": "plant",
        "plant_source": "solar"
      }
    },
    {
      "type": "Feature",
      "geometry": {
        "type": "Point",
        "coordinates": [
          -0.3543216,
          51.86886
        ]
      },
      "properties": {
        "osm_type": "way",
        "osm_id": 730017650,
        "capacity_mw": 5.0,
        "power": "plant",
        "plant_source": "solar"
      }
    },
    {
      "type": "Feature",
      "geometry": {
        "type": "Point",
        "coordinates": [
          -0.3511163,
          51.871095
        ]
      },
      "properties": {
        "osm_type": "way",
        "osm_id": 730017651,
        "name": "Ld At Lawrence End Park &, Dane Street",
        "operator": "Lightsource Renewable Energy",
        "capacity_mw": 5.0,
        "power": "plant",
        "plant_source": "solar"
      }
    },
    {
      "type": "Feature",
      "geometry": {
        "type": "Point",
        "coordinates": [
          -2.6794088,
          52.3703328
        ]
      },
      "properties": {
        "osm_type": "way",
        "osm_id": 730017652,
        "name": "South of Henley Hall",
        "operator": "NESF (formerly Kronos Solar (KS SPV39))",
        "capacity_mw": 5.0,
        "power": "plant",
        "plant_source": "solar"
      }
    },
    {
      "type": "Feature",
      "geometry": {
        "type": "Point",
        "coordinates": [
          -0.927347,
          52.0080897
        ]
      },
      "properties": {
        "osm_type": "way",
        "osm_id": 730017653,
        "capacity_mw": 5.0,
        "power": "plant",
        "plant_source": "solar"
      }
    },
    {
      "type": "Feature",
      "geometry": {
        "type": "Point",
        "coordinates": [
          -3.0614285,
          52.9877546
        ]
      },
      "properties": {
        "osm_type": "way",
        "osm_id": 730017654,
        "power": "plant",
        "plant_source": "solar"
      }
    },
    {
      "type": "Feature",
      "geometry": {
        "type": "Point",
        "coordinates": [
          -3.0563021,
          52.9898808
        ]
      },
      "properties": {
        "osm_type": "way",
        "osm_id": 730017655,
        "name": "Penycae Solar Farm",
        "operator": "SBC Renewables",
        "capacity_mw": 5.0,
        "power": "plant",
        "plant_source": "solar"
      }
    },
    {
      "type": "Feature",
      "geometry": {
        "type": "Point",
        "coordinates": [
          -3.073038,
          52.9903758
        ]
      },
      "properties": {
        "osm_type": "way",
        "osm_id": 730017656,
        "operator": "Lightsource BP",
        "capacity_mw": 5.0,
        "power": "plant",
        "plant_source": "solar"
      }
    },
    {
      "type": "Feature",
      "geometry": {
        "type": "Point",
        "coordinates": [
          -1.3226094,
          52.6399083
        ]
      },
      "properties": {
        "osm_type": "way",
        "osm_id": 730017659,
        "name": "Lindridge Farm",
        "operator": "Sun Farming",
        "capacity_mw": 3.96,
        "power": "plant",
        "plant_source": "solar"
      }
    },
    {
      "type": "Feature",
      "geometry": {
        "type": "Point",
        "coordinates": [
          -3.2553938,
          50.9809537
        ]
      },
      "properties": {
        "osm_type": "way",
        "osm_id": 730017660,
        "name": "Tonedale Farm",
        "operator": "Capital Estate Tonedale",
        "capacity_mw": 5.0,
        "power": "plant",
        "plant_source": "solar"
      }
    },
    {
      "type": "Feature",
      "geometry": {
        "type": "Point",
        "coordinates": [
          -0.0550604,
          53.0100453
        ]
      },
      "properties": {
        "osm_type": "way",
        "osm_id": 730017661,
        "name": "Canopus Farm",
        "operator": "Countryside Renewables",
        "capacity_mw": 5.0,
        "power": "plant",
        "plant_source": "solar"
      }
    },
    {
      "type": "Feature",
      "geometry": {
        "type": "Point",
        "coordinates": [
          -3.5325974,
          54.6116204
        ]
      },
      "properties": {
        "osm_type": "way",
        "osm_id": 730017662,
        "name": "Moorhouse Farm",
        "operator": "Solar Park Developments",
        "capacity_mw": 5.0,
        "power": "plant",
        "plant_source": "solar"
      }
    },
    {
      "type": "Feature",
      "geometry": {
        "type": "Point",
        "coordinates": [
          -3.3133221,
          51.7399996
        ]
      },
      "properties": {
        "osm_type": "way",
        "osm_id": 730028098,
        "name": "Bargoed Solar Farm",
        "capacity_mw": 5.0,
        "power": "plant",
        "plant_source": "solar"
      }
    },
    {
      "type": "Feature",
      "geometry": {
        "type": "Point",
        "coordinates": [
          -2.3163437,
          52.4693102
        ]
      },
      "properties": {
        "osm_type": "way",
        "osm_id": 730028101,
        "name": "Astley Solar Farm",
        "capacity_mw": 5.0,
        "power": "plant",
        "plant_source": "solar"
      }
    },
    {
      "type": "Feature",
      "geometry": {
        "type": "Point",
        "coordinates": [
          -2.2587713,
          53.9271718
        ]
      },
      "properties": {
        "osm_type": "way",
        "osm_id": 730028102,
        "capacity_mw": 5.0,
        "power": "plant",
        "plant_source": "solar"
      }
    },
    {
      "type": "Feature",
      "geometry": {
        "type": "Point",
        "coordinates": [
          -0.0633296,
          51.079492
        ]
      },
      "properties": {
        "osm_type": "way",
        "osm_id": 730028103,
        "operator": "REPOWER Balcombe & Chiddinglye Solar Park",
        "capacity_mw": 5.0,
        "power": "plant",
        "plant_source": "solar"
      }
    },
    {
      "type": "Feature",
      "geometry": {
        "type": "Point",
        "coordinates": [
          -2.5353798,
          51.7451471
        ]
      },
      "properties": {
        "osm_type": "way",
        "osm_id": 730028104,
        "name": "Yorkley Solar Park",
        "operator": "Bee Green Solar",
        "capacity_mw": 5.0,
        "power": "plant",
        "plant_source": "solar"
      }
    },
    {
      "type": "Feature",
      "geometry": {
        "type": "Point",
        "coordinates": [
          -1.9286264,
          53.0131599
        ]
      },
      "properties": {
        "osm_type": "way",
        "osm_id": 730028105,
        "name": "Moneystone Quarry Solar Farm",
        "operator": "SBC Renewables",
        "capacity_mw": 5.0,
        "power": "plant",
        "plant_source": "solar"
      }
    },
    {
      "type": "Feature",
      "geometry": {
        "type": "Point",
        "coordinates": [
          -1.0815978,
          53.6824245
        ]
      },
      "properties": {
        "osm_type": "way",
        "osm_id": 730028106,
        "name": "Pollington Solar Farm",
        "operator": "Pollington Solar",
        "capacity_mw": 5.0,
        "power": "plant",
        "plant_source": "solar"
      }
    },
    {
      "type": "Feature",
      "geometry": {
        "type": "Point",
        "coordinates": [
          -1.2551987,
          53.2399832
        ]
      },
      "properties": {
        "osm_type": "way",
        "osm_id": 730028109,
        "capacity_mw": 5.0,
        "power": "plant",
        "plant_source": "solar"
      }
    },
    {
      "type": "Feature",
      "geometry": {
        "type": "Point",
        "coordinates": [
          -0.6885499,
          53.6188276
        ]
      },
      "properties": {
        "osm_type": "way",
        "osm_id": 730028110,
        "name": "Flixborough Industrial Estate",
        "operator": "NESF (formerly INRG Solar)",
        "capacity_mw": 5.0,
        "power": "plant",
        "plant_source": "solar"
      }
    },
    {
      "type": "Feature",
      "geometry": {
        "type": "Point",
        "coordinates": [
          0.7758611,
          51.8431523
        ]
      },
      "properties": {
        "osm_type": "way",
        "osm_id": 730028111,
        "name": "Birch Airfield",
        "operator": "Push Energy/ NextEnergy Solar Fund (NESF)",
        "capacity_mw": 5.6,
        "power": "plant",
        "plant_source": "solar"
      }
    },
    {
      "type": "Feature",
      "geometry": {
        "type": "Point",
        "coordinates": [
          -0.9192467,
          52.5178237
        ]
      },
      "properties": {
        "osm_type": "way",
        "osm_id": 730032441,
        "capacity_mw": 5.0,
        "power": "plant",
        "plant_source": "solar"
      }
    },
    {
      "type": "Feature",
      "geometry": {
        "type": "Point",
        "coordinates": [
          -2.8812686,
          53.7677329
        ]
      },
      "properties": {
        "osm_type": "way",
        "osm_id": 730032442,
        "name": "Cooper House Farm",
        "operator": "Suncredit UK/ Vogt solar",
        "capacity_mw": 5.0,
        "power": "plant",
        "plant_source": "solar"
      }
    },
    {
      "type": "Feature",
      "geometry": {
        "type": "Point",
        "coordinates": [
          -1.3969535,
          54.2365627
        ]
      },
      "properties": {
        "osm_type": "way",
        "osm_id": 730032443,
        "name": "Land North of Sandhutton Lane",
        "operator": "Greencoat Capital",
        "capacity_mw": 5.0,
        "power": "plant",
        "plant_source": "solar"
      }
    },
    {
      "type": "Feature",
      "geometry": {
        "type": "Point",
        "coordinates": [
          -2.4284184,
          50.9818336
        ]
      },
      "properties": {
        "osm_type": "way",
        "osm_id": 730037361,
        "capacity_mw": 5.0,
        "power": "plant",
        "plant_source": "solar"
      }
    },
    {
      "type": "Feature",
      "geometry": {
        "type": "Point",
        "coordinates": [
          -2.4201116,
          51.681317
        ]
      },
      "properties": {
        "osm_type": "way",
        "osm_id": 730037362,
        "capacity_mw": 5.0,
        "power": "plant",
        "plant_source": "solar"
      }
    },
    {
      "type": "Feature",
      "geometry": {
        "type": "Point",
        "coordinates": [
          -1.2084336,
          53.7991492
        ]
      },
      "properties": {
        "osm_type": "way",
        "osm_id": 730037363,
        "name": "Ash Row PV",
        "operator": "Octopus Investments Limited",
        "capacity_mw": 3.8,
        "power": "plant",
        "plant_source": "solar"
      }
    },
    {
      "type": "Feature",
      "geometry": {
        "type": "Point",
        "coordinates": [
          -1.649175,
          54.3566672
        ]
      },
      "properties": {
        "osm_type": "way",
        "osm_id": 730037364,
        "capacity_mw": 10.0,
        "power": "plant",
        "plant_source": "solar"
      }
    },
    {
      "type": "Feature",
      "geometry": {
        "type": "Point",
        "coordinates": [
          -2.949046,
          52.9594242
        ]
      },
      "properties": {
        "osm_type": "way",
        "osm_id": 736552967,
        "name": "Knolton Farmhouse Cheese Solar Farm",
        "operator": "Pegasus Group",
        "capacity_mw": 1.0,
        "power": "plant",
        "plant_source": "solar"
      }
    },
    {
      "type": "Feature",
      "geometry": {
        "type": "Point",
        "coordinates": [
          -4.1205486,
          51.1147303
        ]
      },
      "properties": {
        "osm_type": "way",
        "osm_id": 737366199,
        "name": "Luscott Barton",
        "operator": "Sunsave 7 Luscott Barton Ltd/ vogt Solar",
        "capacity_mw": 13.0,
        "power": "plant",
        "plant_source": "solar"
      }
    },
    {
      "type": "Feature",
      "geometry": {
        "type": "Point",
        "coordinates": [
          -2.8382485,
          50.8833838
        ]
      },
      "properties": {
        "osm_type": "way",
        "osm_id": 738126964,
        "name": "Lower Coombe Farm (Bean Field)",
        "operator": "A H Warren Trust",
        "capacity_mw": 1.0,
        "power": "plant",
        "plant_source": "solar"
      }
    },
    {
      "type": "Feature",
      "geometry": {
        "type": "Point",
        "coordinates": [
          -3.6642862,
          51.5128336
        ]
      },
      "properties": {
        "osm_type": "way",
        "osm_id": 738159920,
        "name": "Stormy Down",
        "capacity_mw": 3.8,
        "power": "plant",
        "plant_source": "solar"
      }
    },
    {
      "type": "Feature",
      "geometry": {
        "type": "Point",
        "coordinates": [
          -4.0687155,
          51.058512
        ]
      },
      "properties": {
        "osm_type": "way",
        "osm_id": 738162878,
        "name": "Hollamoor Farm Solar Farm",
        "operator": "Lightsource BP",
        "capacity_mw": 2.0,
        "power": "plant",
        "plant_source": "solar"
      }
    },
    {
      "type": "Feature",
      "geometry": {
        "type": "Point",
        "coordinates": [
          -1.2357883,
          51.3799594
        ]
      },
      "properties": {
        "osm_type": "way",
        "osm_id": 738235984,
        "name": "Limberlost Farm",
        "capacity_mw": 1.5,
        "power": "plant",
        "plant_source": "solar"
      }
    },
    {
      "type": "Feature",
      "geometry": {
        "type": "Point",
        "coordinates": [
          -0.3953568,
          53.0295866
        ]
      },
      "properties": {
        "osm_type": "way",
        "osm_id": 738308245,
        "name": "Deepdale Farm",
        "operator": "Deepdale Farm Solar Ltd",
        "capacity_mw": 8.0,
        "power": "plant",
        "plant_source": "solar"
      }
    },
    {
      "type": "Feature",
      "geometry": {
        "type": "Point",
        "coordinates": [
          0.3992576,
          51.9397285
        ]
      },
      "properties": {
        "osm_type": "way",
        "osm_id": 739072378,
        "name": "Hyde Farm Solar Power Station",
        "operator": "Lightsource Renewable Energy / Push Energy",
        "capacity_mw": 10.8,
        "power": "plant",
        "plant_source": "solar"
      }
    },
    {
      "type": "Feature",
      "geometry": {
        "type": "Point",
        "coordinates": [
          -0.0716437,
          52.965867
        ]
      },
      "properties": {
        "osm_type": "way",
        "osm_id": 739092658,
        "name": "Fen Road",
        "power": "plant",
        "plant_source": "solar"
      }
    },
    {
      "type": "Feature",
      "geometry": {
        "type": "Point",
        "coordinates": [
          -1.4944523,
          50.9325054
        ]
      },
      "properties": {
        "osm_type": "way",
        "osm_id": 740984046,
        "name": "Testwood Water Supply Works",
        "capacity_mw": 1.9,
        "power": "plant",
        "plant_source": "solar"
      }
    },
    {
      "type": "Feature",
      "geometry": {
        "type": "Point",
        "coordinates": [
          -2.1761071,
          53.609938
        ]
      },
      "properties": {
        "osm_type": "way",
        "osm_id": 743023413,
        "power": "plant",
        "plant_source": "solar"
      }
    },
    {
      "type": "Feature",
      "geometry": {
        "type": "Point",
        "coordinates": [
          -2.1473786,
          53.6165058
        ]
      },
      "properties": {
        "osm_type": "way",
        "osm_id": 743111334,
        "operator": "Rochdale Borough Council",
        "power": "plant",
        "plant_source": "solar"
      }
    },
    {
      "type": "Feature",
      "geometry": {
        "type": "Point",
        "coordinates": [
          -2.6243195,
          53.7924534
        ]
      },
      "properties": {
        "osm_type": "way",
        "osm_id": 743116558,
        "name": "Fell View Farm Phase 1 & 2",
        "capacity_mw": 7.1,
        "power": "plant",
        "plant_source": "solar"
      }
    },
    {
      "type": "Feature",
      "geometry": {
        "type": "Point",
        "coordinates": [
          -3.8137311,
          56.1427851
        ]
      },
      "properties": {
        "osm_type": "way",
        "osm_id": 744687286,
        "capacity_mw": 0.25,
        "power": "plant",
        "plant_source": "solar"
      }
    },
    {
      "type": "Feature",
      "geometry": {
        "type": "Point",
        "coordinates": [
          -4.3000424,
          50.7541368
        ]
      },
      "properties": {
        "osm_type": "way",
        "osm_id": 745132274,
        "name": "West Venn Solar Farm",
        "operator": "Solar Securities Group",
        "capacity_mw": 5.0,
        "power": "plant",
        "plant_source": "solar"
      }
    },
    {
      "type": "Feature",
      "geometry": {
        "type": "Point",
        "coordinates": [
          -4.1329567,
          52.1499515
        ]
      },
      "properties": {
        "osm_type": "way",
        "osm_id": 745132275,
        "name": "Nanthenfoel Solar Farm",
        "capacity_mw": 5.0,
        "power": "plant",
        "plant_source": "solar"
      }
    },
    {
      "type": "Feature",
      "geometry": {
        "type": "Point",
        "coordinates": [
          -4.9831796,
          51.7709703
        ]
      },
      "properties": {
        "osm_type": "way",
        "osm_id": 745132276,
        "name": "North Tenement",
        "capacity_mw": 5.0,
        "power": "plant",
        "plant_source": "solar"
      }
    },
    {
      "type": "Feature",
      "geometry": {
        "type": "Point",
        "coordinates": [
          -2.3175855,
          50.6794519
        ]
      },
      "properties": {
        "osm_type": "way",
        "osm_id": 745132281,
        "name": "Holly Farm Solar Park",
        "operator": "British Solar Renewables",
        "capacity_mw": 5.0,
        "power": "plant",
        "plant_source": "solar"
      }
    },
    {
      "type": "Feature",
      "geometry": {
        "type": "Point",
        "coordinates": [
          0.6012602,
          51.8386994
        ]
      },
      "properties": {
        "osm_type": "way",
        "osm_id": 745132283,
        "name": "Cressing Solar Farm (Phase 1)",
        "operator": "Octopus Investments",
        "capacity_mw": 5.0,
        "power": "plant",
        "plant_source": "solar"
      }
    },
    {
      "type": "Feature",
      "geometry": {
        "type": "Point",
        "coordinates": [
          -0.027867,
          53.1016641
        ]
      },
      "properties": {
        "osm_type": "way",
        "osm_id": 745132285,
        "capacity_mw": 5.0,
        "power": "plant",
        "plant_source": "solar"
      }
    },
    {
      "type": "Feature",
      "geometry": {
        "type": "Point",
        "coordinates": [
          -2.5605226,
          52.7265528
        ]
      },
      "properties": {
        "osm_type": "way",
        "osm_id": 745132286,
        "name": "Rushmoor Lane Farm (Cheshire Coppice)",
        "operator": "Sunsave 38/ Vogt Solar",
        "capacity_mw": 5.0,
        "power": "plant",
        "plant_source": "solar"
      }
    },
    {
      "type": "Feature",
      "geometry": {
        "type": "Point",
        "coordinates": [
          1.3992294,
          52.7970012
        ]
      },
      "properties": {
        "osm_type": "way",
        "osm_id": 745132287,
        "name": "Frog's Loke",
        "capacity_mw": 5.0,
        "power": "plant",
        "plant_source": "solar"
      }
    },
    {
      "type": "Feature",
      "geometry": {
        "type": "Point",
        "coordinates": [
          -4.0246161,
          50.3599664
        ]
      },
      "properties": {
        "osm_type": "way",
        "osm_id": 745132295,
        "name": "Balls Wood Solar Farm",
        "operator": "Due South Energy & SunE Project6 Ltd",
        "capacity_mw": 8.7,
        "power": "plant",
        "plant_source": "solar"
      }
    },
    {
      "type": "Feature",
      "geometry": {
        "type": "Point",
        "coordinates": [
          -2.3913396,
          53.1636776
        ]
      },
      "properties": {
        "osm_type": "way",
        "osm_id": 745132299,
        "capacity_mw": 5.0,
        "power": "plant",
        "plant_source": "solar"
      }
    },
    {
      "type": "Feature",
      "geometry": {
        "type": "Point",
        "coordinates": [
          -2.3993003,
          50.9643361
        ]
      },
      "properties": {
        "osm_type": "way",
        "osm_id": 745132300,
        "capacity_mw": 5.0,
        "power": "plant",
        "plant_source": "solar"
      }
    },
    {
      "type": "Feature",
      "geometry": {
        "type": "Point",
        "coordinates": [
          -2.8099251,
          53.7718863
        ]
      },
      "properties": {
        "osm_type": "way",
        "osm_id": 745490207,
        "name": "Oakfield Farm - extension",
        "operator": "Renewable Source",
        "capacity_mw": 6.7,
        "power": "plant",
        "plant_source": "solar"
      }
    },
    {
      "type": "Feature",
      "geometry": {
        "type": "Point",
        "coordinates": [
          -0.1373979,
          52.4516014
        ]
      },
      "properties": {
        "osm_type": "way",
        "osm_id": 745490210,
        "name": "Bury Green Farm Solar Park",
        "capacity_mw": 5.0,
        "power": "plant",
        "plant_source": "solar"
      }
    },
    {
      "type": "Feature",
      "geometry": {
        "type": "Point",
        "coordinates": [
          -2.9314016,
          53.7747997
        ]
      },
      "properties": {
        "osm_type": "way",
        "osm_id": 745490211,
        "capacity_mw": 5.0,
        "power": "plant",
        "plant_source": "solar"
      }
    },
    {
      "type": "Feature",
      "geometry": {
        "type": "Point",
        "coordinates": [
          -0.0350572,
          51.9086593
        ]
      },
      "properties": {
        "osm_type": "way",
        "osm_id": 745490212,
        "name": "Mill Farm",
        "operator": "Push Energy/ NextEnergy Solar Fund (NESF)",
        "capacity_mw": 5.0,
        "power": "plant",
        "plant_source": "solar"
      }
    },
    {
      "type": "Feature",
      "geometry": {
        "type": "Point",
        "coordinates": [
          -3.5269171,
          54.6742466
        ]
      },
      "properties": {
        "osm_type": "way",
        "osm_id": 745490213,
        "name": "St Helen's Lane",
        "operator": "UK Sustainable Energy",
        "capacity_mw": 5.0,
        "power": "plant",
        "plant_source": "solar"
      }
    },
    {
      "type": "Feature",
      "geometry": {
        "type": "Point",
        "coordinates": [
          -0.1317538,
          52.4453268
        ]
      },
      "properties": {
        "osm_type": "way",
        "osm_id": 745490216,
        "name": "Ramsey Airfield Solar Farm",
        "capacity_mw": 5.0,
        "power": "plant",
        "plant_source": "solar"
      }
    },
    {
      "type": "Feature",
      "geometry": {
        "type": "Point",
        "coordinates": [
          0.5006117,
          51.1604008
        ]
      },
      "properties": {
        "osm_type": "way",
        "osm_id": 745490217,
        "name": "Widehurst Farm",
        "operator": "Wirsol (formerly Susenco)",
        "capacity_mw": 5.0,
        "power": "plant",
        "plant_source": "solar"
      }
    },
    {
      "type": "Feature",
      "geometry": {
        "type": "Point",
        "coordinates": [
          -2.3798337,
          53.5332778
        ]
      },
      "properties": {
        "osm_type": "way",
        "osm_id": 745490218,
        "name": "Bent Spur Solar Farm",
        "operator": "Active Renewables",
        "capacity_mw": 5.0,
        "power": "plant",
        "plant_source": "solar"
      }
    },
    {
      "type": "Feature",
      "geometry": {
        "type": "Point",
        "coordinates": [
          -1.3689932,
          54.7745589
        ]
      },
      "properties": {
        "osm_type": "way",
        "osm_id": 745490219,
        "name": "Peterlee Solar Farm",
        "operator": "Zaravolt",
        "capacity_mw": 5.0,
        "power": "plant",
        "plant_source": "solar"
      }
    },
    {
      "type": "Feature",
      "geometry": {
        "type": "Point",
        "coordinates": [
          -1.268465,
          54.6323874
        ]
      },
      "properties": {
        "osm_type": "way",
        "osm_id": 745490221,
        "name": "Blue House Farm Solar",
        "capacity_mw": 5.0,
        "power": "plant",
        "plant_source": "solar"
      }
    },
    {
      "type": "Feature",
      "geometry": {
        "type": "Point",
        "coordinates": [
          -1.4159597,
          52.5621406
        ]
      },
      "properties": {
        "osm_type": "way",
        "osm_id": 745490222,
        "name": "Basin Bridge Farm",
        "operator": "Sun Farming UK",
        "capacity_mw": 5.0,
        "power": "plant",
        "plant_source": "solar"
      }
    },
    {
      "type": "Feature",
      "geometry": {
        "type": "Point",
        "coordinates": [
          -1.8020287,
          52.8901454
        ]
      },
      "properties": {
        "osm_type": "way",
        "osm_id": 745490223,
        "name": "Holtwood Farm Solar Park",
        "capacity_mw": 5.0,
        "power": "plant",
        "plant_source": "solar"
      }
    },
    {
      "type": "Feature",
      "geometry": {
        "type": "Point",
        "coordinates": [
          -1.5519583,
          52.7279137
        ]
      },
      "properties": {
        "osm_type": "way",
        "osm_id": 745490224,
        "name": "Shortheath Solar Park",
        "capacity_mw": 5.0,
        "power": "plant",
        "plant_source": "solar"
      }
    },
    {
      "type": "Feature",
      "geometry": {
        "type": "Point",
        "coordinates": [
          -3.6633021,
          50.3514406
        ]
      },
      "properties": {
        "osm_type": "way",
        "osm_id": 745490225,
        "capacity_mw": 5.0,
        "power": "plant",
        "plant_source": "solar"
      }
    },
    {
      "type": "Feature",
      "geometry": {
        "type": "Point",
        "coordinates": [
          -0.5909175,
          52.8700008
        ]
      },
      "properties": {
        "osm_type": "way",
        "osm_id": 745490226,
        "name": "High Dyke (Mill Farm)",
        "operator": "Island Green Power",
        "capacity_mw": 5.0,
        "power": "plant",
        "plant_source": "solar"
      }
    },
    {
      "type": "Feature",
      "geometry": {
        "type": "Point",
        "coordinates": [
          -0.385113,
          50.9523782
        ]
      },
      "properties": {
        "osm_type": "way",
        "osm_id": 745490227,
        "operator": "Conergy UK",
        "capacity_mw": 5.0,
        "power": "plant",
        "plant_source": "solar"
      }
    },
    {
      "type": "Feature",
      "geometry": {
        "type": "Point",
        "coordinates": [
          -1.8735579,
          52.9492649
        ]
      },
      "properties": {
        "osm_type": "way",
        "osm_id": 745490228,
        "name": "Woodhouse Solar Farm",
        "capacity_mw": 5.0,
        "power": "plant",
        "plant_source": "solar"
      }
    },
    {
      "type": "Feature",
      "geometry": {
        "type": "Point",
        "coordinates": [
          -3.3425778,
          51.5838232
        ]
      },
      "properties": {
        "osm_type": "way",
        "osm_id": 745490229,
        "name": "Berthlwyd Farm",
        "operator": "Greencoat Capital",
        "capacity_mw": 5.0,
        "power": "plant",
        "plant_source": "solar"
      }
    },
    {
      "type": "Feature",
      "geometry": {
        "type": "Point",
        "coordinates": [
          -0.7927081,
          52.2063459
        ]
      },
      "properties": {
        "osm_type": "way",
        "osm_id": 746012675,
        "capacity_mw": 4.9,
        "power": "plant",
        "plant_source": "solar"
      }
    },
    {
      "type": "Feature",
      "geometry": {
        "type": "Point",
        "coordinates": [
          -3.1070026,
          51.5472207
        ]
      },
      "properties": {
        "osm_type": "way",
        "osm_id": 746012676,
        "name": "Newport (Began Road)",
        "operator": "Eco Energy World",
        "capacity_mw": 4.9,
        "power": "plant",
        "plant_source": "solar"
      }
    },
    {
      "type": "Feature",
      "geometry": {
        "type": "Point",
        "coordinates": [
          -6.7184856,
          54.6571441
        ]
      },
      "properties": {
        "osm_type": "way",
        "osm_id": 746012677,
        "name": "Solar Farm",
        "capacity_mw": 4.9,
        "power": "plant",
        "plant_source": "solar"
      }
    },
    {
      "type": "Feature",
      "geometry": {
        "type": "Point",
        "coordinates": [
          -3.1532586,
          51.6742667
        ]
      },
      "properties": {
        "osm_type": "way",
        "osm_id": 746012678,
        "name": "Upper Pant-Ysgawen Farm/Crumlin",
        "operator": "Suncredit UK",
        "capacity_mw": 4.9,
        "power": "plant",
        "plant_source": "solar"
      }
    },
    {
      "type": "Feature",
      "geometry": {
        "type": "Point",
        "coordinates": [
          -2.960751,
          53.7802028
        ]
      },
      "properties": {
        "osm_type": "way",
        "osm_id": 746012679,
        "name": "Staining Wood Farm",
        "operator": "Lightsource BP",
        "capacity_mw": 4.9,
        "power": "plant",
        "plant_source": "solar"
      }
    },
    {
      "type": "Feature",
      "geometry": {
        "type": "Point",
        "coordinates": [
          -3.748709,
          50.357201
        ]
      },
      "properties": {
        "osm_type": "way",
        "osm_id": 746012680,
        "name": "Place Barton Farm",
        "operator": "British Solar Renewables",
        "capacity_mw": 4.9,
        "power": "plant",
        "plant_source": "solar"
      }
    },
    {
      "type": "Feature",
      "geometry": {
        "type": "Point",
        "coordinates": [
          -4.8599026,
          51.8200744
        ]
      },
      "properties": {
        "osm_type": "way",
        "osm_id": 746012682,
        "name": "Oak Cottage",
        "operator": "Anesco",
        "capacity_mw": 4.9,
        "power": "plant",
        "plant_source": "solar"
      }
    },
    {
      "type": "Feature",
      "geometry": {
        "type": "Point",
        "coordinates": [
          -4.8045444,
          50.422594
        ]
      },
      "properties": {
        "osm_type": "way",
        "osm_id": 746012683,
        "name": "Woodlands Barton Solar Farm",
        "operator": "Laurence Associates",
        "capacity_mw": 4.9,
        "power": "plant",
        "plant_source": "solar"
      }
    },
    {
      "type": "Feature",
      "geometry": {
        "type": "Point",
        "coordinates": [
          -4.1401185,
          51.0037759
        ]
      },
      "properties": {
        "osm_type": "way",
        "osm_id": 746020115,
        "name": "Cleave Farm Solar Park",
        "operator": "Lightsource Renewable Energy",
        "capacity_mw": 4.7,
        "power": "plant",
        "plant_source": "solar"
      }
    },
    {
      "type": "Feature",
      "geometry": {
        "type": "Point",
        "coordinates": [
          -3.3139336,
          50.9455105
        ]
      },
      "properties": {
        "osm_type": "way",
        "osm_id": 746020116,
        "name": "Barton",
        "capacity_mw": 1.2,
        "power": "plant",
        "plant_source": "solar"
      }
    },
    {
      "type": "Feature",
      "geometry": {
        "type": "Point",
        "coordinates": [
          0.3947782,
          52.5944489
        ]
      },
      "properties": {
        "osm_type": "way",
        "osm_id": 746020117,
        "name": "Ryston Estate Solar Power Station",
        "operator": "Lightsource BP",
        "capacity_mw": 4.8,
        "power": "plant",
        "plant_source": "solar"
      }
    },
    {
      "type": "Feature",
      "geometry": {
        "type": "Point",
        "coordinates": [
          -2.5775926,
          51.5459528
        ]
      },
      "properties": {
        "osm_type": "way",
        "osm_id": 746023125,
        "name": "Parklands",
        "operator": "Anesco",
        "capacity_mw": 4.6,
        "power": "plant",
        "plant_source": "solar"
      }
    },
    {
      "type": "Feature",
      "geometry": {
        "type": "Point",
        "coordinates": [
          0.0341928,
          52.4586603
        ]
      },
      "properties": {
        "osm_type": "way",
        "osm_id": 746023126,
        "capacity_mw": 4.6,
        "power": "plant",
        "plant_source": "solar"
      }
    },
    {
      "type": "Feature",
      "geometry": {
        "type": "Point",
        "coordinates": [
          -1.7356819,
          51.6090996
        ]
      },
      "properties": {
        "osm_type": "way",
        "osm_id": 746023127,
        "name": "Beech Farm Solar Park",
        "capacity_mw": 4.6,
        "power": "plant",
        "plant_source": "solar"
      }
    },
    {
      "type": "Feature",
      "geometry": {
        "type": "Point",
        "coordinates": [
          -2.9677195,
          51.1853319
        ]
      },
      "properties": {
        "osm_type": "way",
        "osm_id": 746023128,
        "name": "Huntspill Level",
        "capacity_mw": 5.5,
        "power": "plant",
        "plant_source": "solar"
      }
    },
    {
      "type": "Feature",
      "geometry": {
        "type": "Point",
        "coordinates": [
          -2.9778689,
          51.1847703
        ]
      },
      "properties": {
        "osm_type": "way",
        "osm_id": 746023129,
        "power": "plant",
        "plant_source": "solar"
      }
    },
    {
      "type": "Feature",
      "geometry": {
        "type": "Point",
        "coordinates": [
          -2.957778,
          53.813423
        ]
      },
      "properties": {
        "osm_type": "way",
        "osm_id": 746026627,
        "capacity_mw": 4.5,
        "power": "plant",
        "plant_source": "solar"
      }
    },
    {
      "type": "Feature",
      "geometry": {
        "type": "Point",
        "coordinates": [
          -4.1295988,
          51.0511866
        ]
      },
      "properties": {
        "osm_type": "way",
        "osm_id": 746026628,
        "name": "Collacott Farm",
        "capacity_mw": 4.5,
        "power": "plant",
        "plant_source": "solar"
      }
    },
    {
      "type": "Feature",
      "geometry": {
        "type": "Point",
        "coordinates": [
          -2.657227,
          51.5125218
        ]
      },
      "properties": {
        "osm_type": "way",
        "osm_id": 746116905,
        "name": "Moorhouse Lane - resubmission",
        "operator": "Orta Solar Ltd",
        "capacity_mw": 1.8,
        "power": "plant",
        "plant_source": "solar"
      }
    },
    {
      "type": "Feature",
      "geometry": {
        "type": "Point",
        "coordinates": [
          -2.6643134,
          51.5084686
        ]
      },
      "properties": {
        "osm_type": "way",
        "osm_id": 746116906,
        "name": "Avonmouth",
        "operator": "Bristol Energy Co-Op",
        "capacity_mw": 4.2,
        "power": "plant",
        "plant_source": "solar"
      }
    },
    {
      "type": "Feature",
      "geometry": {
        "type": "Point",
        "coordinates": [
          -4.3992305,
          50.7898496
        ]
      },
      "properties": {
        "osm_type": "way",
        "osm_id": 746116907,
        "capacity_mw": 4.2,
        "power": "plant",
        "plant_source": "solar"
      }
    },
    {
      "type": "Feature",
      "geometry": {
        "type": "Point",
        "coordinates": [
          -2.4553559,
          50.9761122
        ]
      },
      "properties": {
        "osm_type": "way",
        "osm_id": 746116909,
        "name": "Milborne Port Solar Farm",
        "operator": "Big 60 Million",
        "capacity_mw": 4.2,
        "power": "plant",
        "plant_source": "solar"
      }
    },
    {
      "type": "Feature",
      "geometry": {
        "type": "Point",
        "coordinates": [
          -4.9982643,
          51.961951
        ]
      },
      "properties": {
        "osm_type": "way",
        "osm_id": 746116918,
        "name": "Langton Farm Solar park",
        "operator": "Lightsource Renewable Energy",
        "capacity_mw": 4.4,
        "power": "plant",
        "plant_source": "solar"
      }
    },
    {
      "type": "Feature",
      "geometry": {
        "type": "Point",
        "coordinates": [
          -1.3766599,
          54.5918808
        ]
      },
      "properties": {
        "osm_type": "way",
        "osm_id": 746128231,
        "name": "High Meadow Farm",
        "operator": "Anesco",
        "capacity_mw": 4.0,
        "power": "plant",
        "plant_source": "solar"
      }
    },
    {
      "type": "Feature",
      "geometry": {
        "type": "Point",
        "coordinates": [
          -2.165234,
          51.3235456
        ]
      },
      "properties": {
        "osm_type": "way",
        "osm_id": 746128232,
        "capacity_mw": 4.0,
        "power": "plant",
        "plant_source": "solar"
      }
    },
    {
      "type": "Feature",
      "geometry": {
        "type": "Point",
        "coordinates": [
          -3.4115399,
          51.5245523
        ]
      },
      "properties": {
        "osm_type": "way",
        "osm_id": 746128234,
        "capacity_mw": 4.0,
        "power": "plant",
        "plant_source": "solar"
      }
    },
    {
      "type": "Feature",
      "geometry": {
        "type": "Point",
        "coordinates": [
          -2.0060912,
          51.9850412
        ]
      },
      "properties": {
        "osm_type": "way",
        "osm_id": 746128235,
        "name": "Lower Stanley Farm",
        "operator": "Green Hedge (BayWa r.e.)",
        "capacity_mw": 4.0,
        "power": "plant",
        "plant_source": "solar"
      }
    },
    {
      "type": "Feature",
      "geometry": {
        "type": "Point",
        "coordinates": [
          -1.2735162,
          51.2498635
        ]
      },
      "properties": {
        "osm_type": "way",
        "osm_id": 746128238,
        "name": "Overton",
        "operator": "British Solar Renewables",
        "capacity_mw": 4.0,
        "power": "plant",
        "plant_source": "solar"
      }
    },
    {
      "type": "Feature",
      "geometry": {
        "type": "Point",
        "coordinates": [
          -4.7533924,
          50.5472341
        ]
      },
      "properties": {
        "osm_type": "way",
        "osm_id": 746128239,
        "name": "Kellygreen Farm",
        "capacity_mw": 4.0,
        "power": "plant",
        "plant_source": "solar"
      }
    },
    {
      "type": "Feature",
      "geometry": {
        "type": "Point",
        "coordinates": [
          -3.177731,
          51.7060965
        ]
      },
      "properties": {
        "osm_type": "way",
        "osm_id": 746128240,
        "capacity_mw": 2.6,
        "power": "plant",
        "plant_source": "solar"
      }
    },
    {
      "type": "Feature",
      "geometry": {
        "type": "Point",
        "coordinates": [
          -0.9375957,
          52.7780499
        ]
      },
      "properties": {
        "osm_type": "way",
        "osm_id": 746146640,
        "capacity_mw": 3.5,
        "power": "plant",
        "plant_source": "solar"
      }
    },
    {
      "type": "Feature",
      "geometry": {
        "type": "Point",
        "coordinates": [
          -1.5076858,
          52.5880485
        ]
      },
      "properties": {
        "osm_type": "way",
        "osm_id": 746146641,
        "name": "Ld NW Of Ratcliffe House Farm",
        "operator": "Lightsource Renewable Energy",
        "capacity_mw": 3.5,
        "power": "plant",
        "plant_source": "solar"
      }
    },
    {
      "type": "Feature",
      "geometry": {
        "type": "Point",
        "coordinates": [
          0.154466,
          52.6385709
        ]
      },
      "properties": {
        "osm_type": "way",
        "osm_id": 746146643,
        "name": "Wisbech Solar Farm",
        "operator": "British Solar Renewables",
        "capacity_mw": 3.5,
        "power": "plant",
        "plant_source": "solar"
      }
    },
    {
      "type": "Feature",
      "geometry": {
        "type": "Point",
        "coordinates": [
          -3.2618718,
          51.0763272
        ]
      },
      "properties": {
        "osm_type": "way",
        "osm_id": 746146644,
        "name": "Grove Farm (solar)",
        "operator": "juwi Renewable Energies",
        "capacity_mw": 3.5,
        "power": "plant",
        "plant_source": "solar"
      }
    },
    {
      "type": "Feature",
      "geometry": {
        "type": "Point",
        "coordinates": [
          -4.9268478,
          50.4637467
        ]
      },
      "properties": {
        "osm_type": "way",
        "osm_id": 746146645,
        "name": "Southmoor Farm Solar",
        "capacity_mw": 3.8,
        "power": "plant",
        "plant_source": "solar"
      }
    },
    {
      "type": "Feature",
      "geometry": {
        "type": "Point",
        "coordinates": [
          -0.2962392,
          53.2746321
        ]
      },
      "properties": {
        "osm_type": "way",
        "osm_id": 746146646,
        "name": "Primrose Hill Farm",
        "operator": "Sun & Soil",
        "capacity_mw": 3.8,
        "power": "plant",
        "plant_source": "solar"
      }
    },
    {
      "type": "Feature",
      "geometry": {
        "type": "Point",
        "coordinates": [
          -3.7163454,
          51.5376572
        ]
      },
      "properties": {
        "osm_type": "way",
        "osm_id": 746146647,
        "name": "Caergarw Farm",
        "operator": "Suncredit UK (Sunventures 7)",
        "capacity_mw": 3.8,
        "power": "plant",
        "plant_source": "solar"
      }
    },
    {
      "type": "Feature",
      "geometry": {
        "type": "Point",
        "coordinates": [
          -2.0500728,
          50.7721782
        ]
      },
      "properties": {
        "osm_type": "way",
        "osm_id": 746146648,
        "name": "Henbury Quarry",
        "operator": "Lightsource Renewable Energy",
        "capacity_mw": 3.9,
        "power": "plant",
        "plant_source": "solar"
      }
    },
    {
      "type": "Feature",
      "geometry": {
        "type": "Point",
        "coordinates": [
          -1.3028186,
          53.2618888
        ]
      },
      "properties": {
        "osm_type": "way",
        "osm_id": 746155608,
        "capacity_mw": 4.2,
        "power": "plant",
        "plant_source": "solar"
      }
    },
    {
      "type": "Feature",
      "geometry": {
        "type": "Point",
        "coordinates": [
          -1.6906124,
          53.0086251
        ]
      },
      "properties": {
        "osm_type": "way",
        "osm_id": 746155609,
        "name": "Lady Hole Farm",
        "operator": "Solarig",
        "capacity_mw": 3.0,
        "power": "plant",
        "plant_source": "solar"
      }
    },
    {
      "type": "Feature",
      "geometry": {
        "type": "Point",
        "coordinates": [
          -3.2947149,
          51.4747127
        ]
      },
      "properties": {
        "osm_type": "way",
        "osm_id": 746155610,
        "name": "Home Farm",
        "operator": "Cenin Renewables",
        "capacity_mw": 3.0,
        "power": "plant",
        "plant_source": "solar"
      }
    },
    {
      "type": "Feature",
      "geometry": {
        "type": "Point",
        "coordinates": [
          -2.9443681,
          50.8870928
        ]
      },
      "properties": {
        "osm_type": "way",
        "osm_id": 746155611,
        "name": "Chard Solar Park",
        "operator": "Conergy",
        "capacity_mw": 3.0,
        "power": "plant",
        "plant_source": "solar"
      }
    },
    {
      "type": "Feature",
      "geometry": {
        "type": "Point",
        "coordinates": [
          -1.2100625,
          50.9436951
        ]
      },
      "properties": {
        "osm_type": "way",
        "osm_id": 746155612,
        "name": "Bishop's Waltham Solar Farm",
        "operator": "Solafields U/Bishop's Waltham Renewables Ltd",
        "capacity_mw": 12.0,
        "power": "plant",
        "plant_source": "solar"
      }
    },
    {
      "type": "Feature",
      "geometry": {
        "type": "Point",
        "coordinates": [
          -1.1976781,
          50.943635
        ]
      },
      "properties": {
        "osm_type": "way",
        "osm_id": 746155613,
        "name": "Forest Farm",
        "operator": "NESF (formerly Earthworm/Waltham Solar)",
        "capacity_mw": 3.0,
        "power": "plant",
        "plant_source": "solar"
      }
    },
    {
      "type": "Feature",
      "geometry": {
        "type": "Point",
        "coordinates": [
          -0.5550191,
          50.8278934
        ]
      },
      "properties": {
        "osm_type": "way",
        "osm_id": 746155614,
        "capacity_mw": 3.0,
        "power": "plant",
        "plant_source": "solar"
      }
    },
    {
      "type": "Feature",
      "geometry": {
        "type": "Point",
        "coordinates": [
          -4.6953128,
          50.4702268
        ]
      },
      "properties": {
        "osm_type": "way",
        "osm_id": 746155615,
        "name": "Margate Solar Farm",
        "operator": "Lanhydrock Estate Company",
        "capacity_mw": 3.0,
        "power": "plant",
        "plant_source": "solar"
      }
    },
    {
      "type": "Feature",
      "geometry": {
        "type": "Point",
        "coordinates": [
          -2.9141557,
          51.2189944
        ]
      },
      "properties": {
        "osm_type": "way",
        "osm_id": 746155616,
        "name": "Yardwall Manor",
        "operator": "Foresight",
        "capacity_mw": 3.0,
        "power": "plant",
        "plant_source": "solar"
      }
    },
    {
      "type": "Feature",
      "geometry": {
        "type": "Point",
        "coordinates": [
          -1.2063721,
          52.1048513
        ]
      },
      "properties": {
        "osm_type": "way",
        "osm_id": 746155617,
        "name": "Culworth House Solar Farm",
        "operator": "Private Developer",
        "capacity_mw": 3.0,
        "power": "plant",
        "plant_source": "solar"
      }
    },
    {
      "type": "Feature",
      "geometry": {
        "type": "Point",
        "coordinates": [
          -3.6473268,
          50.3583201
        ]
      },
      "properties": {
        "osm_type": "way",
        "osm_id": 746155618,
        "name": "Blackawton Solar Farm",
        "operator": "Maria Bailey Planning",
        "capacity_mw": 3.0,
        "power": "plant",
        "plant_source": "solar"
      }
    },
    {
      "type": "Feature",
      "geometry": {
        "type": "Point",
        "coordinates": [
          -0.0933623,
          52.9325286
        ]
      },
      "properties": {
        "osm_type": "way",
        "osm_id": 746155619,
        "name": "Kirton Solar PV Farm",
        "operator": "Ethical Power",
        "capacity_mw": 3.2,
        "power": "plant",
        "plant_source": "solar"
      }
    },
    {
      "type": "Feature",
      "geometry": {
        "type": "Point",
        "coordinates": [
          -1.8200394,
          51.5752839
        ]
      },
      "properties": {
        "osm_type": "way",
        "osm_id": 746180280,
        "name": "Barnfield Solar Park",
        "operator": "Public Power Solutions",
        "capacity_mw": 2.5,
        "power": "plant",
        "plant_source": "solar"
      }
    },
    {
      "type": "Feature",
      "geometry": {
        "type": "Point",
        "coordinates": [
          -2.7778297,
          53.703296
        ]
      },
      "properties": {
        "osm_type": "way",
        "osm_id": 746180281,
        "name": "Carver Hay, moss lane",
        "operator": "Navitas Project",
        "capacity_mw": 2.5,
        "power": "plant",
        "plant_source": "solar"
      }
    },
    {
      "type": "Feature",
      "geometry": {
        "type": "Point",
        "coordinates": [
          -3.1687188,
          51.7005329
        ]
      },
      "properties": {
        "osm_type": "way",
        "osm_id": 746180282,
        "name": "Manmoel Road Solar Park",
        "operator": "Pearmat Solar",
        "capacity_mw": 4.1,
        "power": "plant",
        "plant_source": "solar"
      }
    },
    {
      "type": "Feature",
      "geometry": {
        "type": "Point",
        "coordinates": [
          0.2217919,
          50.9237625
        ]
      },
      "properties": {
        "osm_type": "way",
        "osm_id": 746180283,
        "name": "Stone Hill",
        "operator": "Solar Century",
        "capacity_mw": 2.6,
        "power": "plant",
        "plant_source": "solar"
      }
    },
    {
      "type": "Feature",
      "geometry": {
        "type": "Point",
        "coordinates": [
          0.5235028,
          52.8767921
        ]
      },
      "properties": {
        "osm_type": "way",
        "osm_id": 746180284,
        "name": "Snettisham Solar Farm",
        "operator": "Solar Associates",
        "capacity_mw": 2.7,
        "power": "plant",
        "plant_source": "solar"
      }
    },
    {
      "type": "Feature",
      "geometry": {
        "type": "Point",
        "coordinates": [
          -2.9852986,
          51.2809273
        ]
      },
      "properties": {
        "osm_type": "way",
        "osm_id": 746180285,
        "name": "Wick Farm",
        "capacity_mw": 14.6,
        "power": "plant",
        "plant_source": "solar"
      }
    },
    {
      "type": "Feature",
      "geometry": {
        "type": "Point",
        "coordinates": [
          -2.9623953,
          51.269885
        ]
      },
      "properties": {
        "osm_type": "way",
        "osm_id": 746180286,
        "name": "Wick Lane Solar Ltd",
        "operator": "Navitas Project",
        "capacity_mw": 2.8,
        "power": "plant",
        "plant_source": "solar"
      }
    },
    {
      "type": "Feature",
      "geometry": {
        "type": "Point",
        "coordinates": [
          -4.0949278,
          52.5911141
        ]
      },
      "properties": {
        "osm_type": "way",
        "osm_id": 746180287,
        "name": "Land at Morfa Camp",
        "operator": "Novus Solar Developments",
        "capacity_mw": 2.8,
        "power": "plant",
        "plant_source": "solar"
      }
    },
    {
      "type": "Feature",
      "geometry": {
        "type": "Point",
        "coordinates": [
          -3.7326184,
          50.8486415
        ]
      },
      "properties": {
        "osm_type": "way",
        "osm_id": 746180288,
        "name": "Broadgate Solar Farm",
        "operator": "Lightsource Renewable Energy",
        "capacity_mw": 1.1,
        "power": "plant",
        "plant_source": "solar"
      }
    },
    {
      "type": "Feature",
      "geometry": {
        "type": "Point",
        "coordinates": [
          -1.114477,
          51.3102517
        ]
      },
      "properties": {
        "osm_type": "way",
        "osm_id": 746180289,
        "name": "Hill End Farm",
        "operator": "Lightsource Renewable Energy",
        "capacity_mw": 2.8,
        "power": "plant",
        "plant_source": "solar"
      }
    },
    {
      "type": "Feature",
      "geometry": {
        "type": "Point",
        "coordinates": [
          -3.0806194,
          51.5630661
        ]
      },
      "properties": {
        "osm_type": "way",
        "osm_id": 746187952,
        "power": "plant",
        "plant_source": "solar"
      }
    },
    {
      "type": "Feature",
      "geometry": {
        "type": "Point",
        "coordinates": [
          -3.086987,
          51.5632619
        ]
      },
      "properties": {
        "osm_type": "way",
        "osm_id": 746187953,
        "name": "Clearwell Farm - solar",
        "operator": "Heritage Energy",
        "capacity_mw": 2.0,
        "power": "plant",
        "plant_source": "solar"
      }
    },
    {
      "type": "Feature",
      "geometry": {
        "type": "Point",
        "coordinates": [
          -3.2283064,
          50.8667249
        ]
      },
      "properties": {
        "osm_type": "way",
        "osm_id": 746187954,
        "name": "Dunkeswell Airfield Solar Farm",
        "capacity_mw": 2.0,
        "power": "plant",
        "plant_source": "solar"
      }
    },
    {
      "type": "Feature",
      "geometry": {
        "type": "Point",
        "coordinates": [
          -2.4459504,
          53.5376566
        ]
      },
      "properties": {
        "osm_type": "way",
        "osm_id": 746187955,
        "name": "Salford Road Solar Farm",
        "operator": "Greater Manchester Waste Disposal Authority",
        "capacity_mw": 2.2,
        "power": "plant",
        "plant_source": "solar"
      }
    },
    {
      "type": "Feature",
      "geometry": {
        "type": "Point",
        "coordinates": [
          -1.8001242,
          52.0174661
        ]
      },
      "properties": {
        "osm_type": "way",
        "osm_id": 746187956,
        "name": "Northwick Estate Extension",
        "capacity_mw": 2.2,
        "power": "plant",
        "plant_source": "solar"
      }
    },
    {
      "type": "Feature",
      "geometry": {
        "type": "Point",
        "coordinates": [
          -0.1313255,
          52.3702067
        ]
      },
      "properties": {
        "osm_type": "way",
        "osm_id": 746187957,
        "name": "Lodge Farm",
        "operator": "G & D Castle Ltd",
        "capacity_mw": 2.4,
        "power": "plant",
        "plant_source": "solar"
      }
    },
    {
      "type": "Feature",
      "geometry": {
        "type": "Point",
        "coordinates": [
          -4.5631993,
          52.123513
        ]
      },
      "properties": {
        "osm_type": "way",
        "osm_id": 746212386,
        "name": "Aberporth Solar Farm",
        "operator": "JBM Solutions",
        "capacity_mw": 1.5,
        "power": "plant",
        "plant_source": "solar"
      }
    },
    {
      "type": "Feature",
      "geometry": {
        "type": "Point",
        "coordinates": [
          -2.0425826,
          57.6210566
        ]
      },
      "properties": {
        "osm_type": "way",
        "osm_id": 746212387,
        "name": "House OHill Solar Farm",
        "operator": "House O'Hill Wind Energy",
        "capacity_mw": 1.6,
        "power": "plant",
        "plant_source": "solar"
      }
    },
    {
      "type": "Feature",
      "geometry": {
        "type": "Point",
        "coordinates": [
          0.6508368,
          51.364711
        ]
      },
      "properties": {
        "osm_type": "way",
        "osm_id": 746212388,
        "name": "Iwade Solar Farm",
        "operator": "FH Dean Ltd",
        "capacity_mw": 1.7,
        "power": "plant",
        "plant_source": "solar"
      }
    },
    {
      "type": "Feature",
      "geometry": {
        "type": "Point",
        "coordinates": [
          -1.4172444,
          52.0793367
        ]
      },
      "properties": {
        "osm_type": "way",
        "osm_id": 746212389,
        "capacity_mw": 1.7,
        "power": "plant",
        "plant_source": "solar"
      }
    },
    {
      "type": "Feature",
      "geometry": {
        "type": "Point",
        "coordinates": [
          -1.0217365,
          51.4005159
        ]
      },
      "properties": {
        "osm_type": "way",
        "osm_id": 746212390,
        "name": "Pierce's Solar Farm",
        "operator": "Anesco",
        "capacity_mw": 1.7,
        "power": "plant",
        "plant_source": "solar"
      }
    },
    {
      "type": "Feature",
      "geometry": {
        "type": "Point",
        "coordinates": [
          -2.6758871,
          51.5334194
        ]
      },
      "properties": {
        "osm_type": "way",
        "osm_id": 746212391,
        "name": "Severn Road Solar Park",
        "operator": "Bristol City Council",
        "capacity_mw": 1.8,
        "power": "plant",
        "plant_source": "solar"
      }
    },
    {
      "type": "Feature",
      "geometry": {
        "type": "Point",
        "coordinates": [
          -2.9302429,
          50.8418578
        ]
      },
      "properties": {
        "osm_type": "way",
        "osm_id": 746212392,
        "power": "plant",
        "plant_source": "solar"
      }
    },
    {
      "type": "Feature",
      "geometry": {
        "type": "Point",
        "coordinates": [
          -2.5100809,
          51.0806378
        ]
      },
      "properties": {
        "osm_type": "way",
        "osm_id": 746212393,
        "name": "Manor Farm (Castle Cary)",
        "operator": "Brilliant Harvest Installations",
        "capacity_mw": 1.8,
        "power": "plant",
        "plant_source": "solar"
      }
    },
    {
      "type": "Feature",
      "geometry": {
        "type": "Point",
        "coordinates": [
          -2.1262809,
          52.6695122
        ]
      },
      "properties": {
        "osm_type": "way",
        "osm_id": 746212394,
        "name": "Barr Farm",
        "operator": "Lark Energy",
        "capacity_mw": 1.8,
        "power": "plant",
        "plant_source": "solar"
      }
    },
    {
      "type": "Feature",
      "geometry": {
        "type": "Point",
        "coordinates": [
          -4.5448424,
          50.7954448
        ]
      },
      "properties": {
        "osm_type": "way",
        "osm_id": 746212395,
        "name": "Creathorne Farm  - Solar Farm",
        "operator": "Good Energy Generation",
        "capacity_mw": 1.8,
        "power": "plant",
        "plant_source": "solar"
      }
    },
    {
      "type": "Feature",
      "geometry": {
        "type": "Point",
        "coordinates": [
          -1.0246495,
          52.3605501
        ]
      },
      "properties": {
        "osm_type": "way",
        "osm_id": 746212396,
        "name": "Lowther Farms",
        "operator": "Lowther Farms",
        "capacity_mw": 1.8,
        "power": "plant",
        "plant_source": "solar"
      }
    },
    {
      "type": "Feature",
      "geometry": {
        "type": "Point",
        "coordinates": [
          -3.9367425,
          50.3605464
        ]
      },
      "properties": {
        "osm_type": "way",
        "osm_id": 746212399,
        "name": "Luson Farm",
        "capacity_mw": 1.9,
        "power": "plant",
        "plant_source": "solar"
      }
    },
    {
      "type": "Feature",
      "geometry": {
        "type": "Point",
        "coordinates": [
          -4.2061383,
          50.887641
        ]
      },
      "properties": {
        "osm_type": "way",
        "osm_id": 746237143,
        "name": "Southcombe Farm",
        "capacity_mw": 1.2,
        "power": "plant",
        "plant_source": "solar"
      }
    },
    {
      "type": "Feature",
      "geometry": {
        "type": "Point",
        "coordinates": [
          -4.264782,
          50.6110671
        ]
      },
      "properties": {
        "osm_type": "way",
        "osm_id": 746237144,
        "name": "Tredown Solar Farm",
        "operator": "Lightsource Renewable Energy",
        "capacity_mw": 1.2,
        "power": "plant",
        "plant_source": "solar"
      }
    },
    {
      "type": "Feature",
      "geometry": {
        "type": "Point",
        "coordinates": [
          -1.774935,
          52.6789919
        ]
      },
      "properties": {
        "osm_type": "way",
        "osm_id": 746246314,
        "name": "Huddlesford Farm",
        "operator": "NESF (formerly Green Energy Networks)",
        "capacity_mw": 1.0,
        "power": "plant",
        "plant_source": "solar"
      }
    },
    {
      "type": "Feature",
      "geometry": {
        "type": "Point",
        "coordinates": [
          -1.7654407,
          52.6838549
        ]
      },
      "properties": {
        "osm_type": "way",
        "osm_id": 746246315,
        "name": "Park Lane",
        "operator": "NESF (formerly Green Energy Networks)",
        "capacity_mw": 1.0,
        "power": "plant",
        "plant_source": "solar"
      }
    },
    {
      "type": "Feature",
      "geometry": {
        "type": "Point",
        "coordinates": [
          -1.8875054,
          51.627544
        ]
      },
      "properties": {
        "osm_type": "way",
        "osm_id": 746246316,
        "name": "Chelworth Industrial Estate Solar Park",
        "operator": "Bath & West Community Energy Ltd",
        "capacity_mw": 1.0,
        "power": "plant",
        "plant_source": "solar"
      }
    },
    {
      "type": "Feature",
      "geometry": {
        "type": "Point",
        "coordinates": [
          -4.2774126,
          50.7525212
        ]
      },
      "properties": {
        "osm_type": "way",
        "osm_id": 746246317,
        "name": "Whiddon Farm",
        "capacity_mw": 1.0,
        "power": "plant",
        "plant_source": "solar"
      }
    },
    {
      "type": "Feature",
      "geometry": {
        "type": "Point",
        "coordinates": [
          -2.7955561,
          51.3580582
        ]
      },
      "properties": {
        "osm_type": "way",
        "osm_id": 746246318,
        "name": "Twin Elm Solar",
        "capacity_mw": 1.0,
        "power": "plant",
        "plant_source": "solar"
      }
    },
    {
      "type": "Feature",
      "geometry": {
        "type": "Point",
        "coordinates": [
          -0.1085327,
          51.110506
        ]
      },
      "properties": {
        "osm_type": "way",
        "osm_id": 746246319,
        "name": "Majors Hill/Turners Hill Solar Farm",
        "operator": "Haymaker Energy",
        "capacity_mw": 1.1,
        "power": "plant",
        "plant_source": "solar"
      }
    },
    {
      "type": "Feature",
      "geometry": {
        "type": "Point",
        "coordinates": [
          -4.9578176,
          50.373221
        ]
      },
      "properties": {
        "osm_type": "way",
        "osm_id": 746246320,
        "name": "Summercourt Solar Farm (Glebe Farm)",
        "operator": "Solar Securities Group Ltd",
        "capacity_mw": 1.1,
        "power": "plant",
        "plant_source": "solar"
      }
    },
    {
      "type": "Feature",
      "geometry": {
        "type": "Point",
        "coordinates": [
          -1.449117,
          52.726634
        ]
      },
      "properties": {
        "osm_type": "way",
        "osm_id": 746246321,
        "name": "Hill Farm",
        "capacity_mw": 1.2,
        "power": "plant",
        "plant_source": "solar"
      }
    },
    {
      "type": "Feature",
      "geometry": {
        "type": "Point",
        "coordinates": [
          -3.4459948,
          52.9875364
        ]
      },
      "properties": {
        "osm_type": "way",
        "osm_id": 746246322,
        "name": "Rhug Estate",
        "operator": "Rhug Estate",
        "capacity_mw": 1.2,
        "power": "plant",
        "plant_source": "solar"
      }
    },
    {
      "type": "Feature",
      "geometry": {
        "type": "Point",
        "coordinates": [
          -1.671884,
          52.8636961
        ]
      },
      "properties": {
        "osm_type": "way",
        "osm_id": 746584036,
        "power": "plant",
        "plant_source": "solar"
      }
    },
    {
      "type": "Feature",
      "geometry": {
        "type": "Point",
        "coordinates": [
          -1.3579188,
          52.8504401
        ]
      },
      "properties": {
        "osm_type": "way",
        "osm_id": 752821848,
        "name": "East Midlands Distribution Centre",
        "operator": "Marks and Spencer plc",
        "capacity_mw": 6.1,
        "power": "plant",
        "plant_source": "solar"
      }
    },
    {
      "type": "Feature",
      "geometry": {
        "type": "Point",
        "coordinates": [
          -2.4400109,
          52.0687621
        ]
      },
      "properties": {
        "osm_type": "way",
        "osm_id": 757060857,
        "power": "plant",
        "plant_source": "solar"
      }
    },
    {
      "type": "Feature",
      "geometry": {
        "type": "Point",
        "coordinates": [
          -1.5356327,
          53.5960949
        ]
      },
      "properties": {
        "osm_type": "way",
        "osm_id": 757298640,
        "power": "plant",
        "plant_source": "solar"
      }
    },
    {
      "type": "Feature",
      "geometry": {
        "type": "Point",
        "coordinates": [
          -1.5703726,
          53.7855531
        ]
      },
      "properties": {
        "osm_type": "way",
        "osm_id": 762385278,
        "power": "plant",
        "plant_source": "solar"
      }
    },
    {
      "type": "Feature",
      "geometry": {
        "type": "Point",
        "coordinates": [
          -0.0395562,
          52.1347937
        ]
      },
      "properties": {
        "osm_type": "way",
        "osm_id": 766722672,
        "name": "National Trust Solar",
        "capacity_mw": 0.4,
        "power": "plant",
        "plant_source": "solar"
      }
    },
    {
      "type": "Feature",
      "geometry": {
        "type": "Point",
        "coordinates": [
          -3.8276902,
          55.828191
        ]
      },
      "properties": {
        "osm_type": "way",
        "osm_id": 770400813,
        "power": "plant",
        "plant_source": "solar"
      }
    },
    {
      "type": "Feature",
      "geometry": {
        "type": "Point",
        "coordinates": [
          -3.8289454,
          55.8281157
        ]
      },
      "properties": {
        "osm_type": "way",
        "osm_id": 770400814,
        "power": "plant",
        "plant_source": "solar"
      }
    },
    {
      "type": "Feature",
      "geometry": {
        "type": "Point",
        "coordinates": [
          -3.7192399,
          55.8230324
        ]
      },
      "properties": {
        "osm_type": "way",
        "osm_id": 776793369,
        "power": "plant",
        "plant_source": "solar"
      }
    },
    {
      "type": "Feature",
      "geometry": {
        "type": "Point",
        "coordinates": [
          -2.258557,
          52.3665439
        ]
      },
      "properties": {
        "osm_type": "way",
        "osm_id": 776890538,
        "power": "plant",
        "plant_source": "solar",
        "generator_source": "solar"
      }
    },
    {
      "type": "Feature",
      "geometry": {
        "type": "Point",
        "coordinates": [
          -2.7206143,
          54.200461
        ]
      },
      "properties": {
        "osm_type": "way",
        "osm_id": 777698448,
        "power": "plant",
        "plant_source": "solar"
      }
    },
    {
      "type": "Feature",
      "geometry": {
        "type": "Point",
        "coordinates": [
          0.5826615,
          50.951391
        ]
      },
      "properties": {
        "osm_type": "way",
        "osm_id": 784347909,
        "power": "plant",
        "plant_source": "solar"
      }
    },
    {
      "type": "Feature",
      "geometry": {
        "type": "Point",
        "coordinates": [
          -3.5945021,
          55.9556867
        ]
      },
      "properties": {
        "osm_type": "way",
        "osm_id": 785123002,
        "power": "plant",
        "plant_source": "solar"
      }
    },
    {
      "type": "Feature",
      "geometry": {
        "type": "Point",
        "coordinates": [
          -3.6231237,
          55.961474
        ]
      },
      "properties": {
        "osm_type": "way",
        "osm_id": 785330942,
        "power": "plant",
        "plant_source": "solar"
      }
    },
    {
      "type": "Feature",
      "geometry": {
        "type": "Point",
        "coordinates": [
          -2.9683229,
          52.2025768
        ]
      },
      "properties": {
        "osm_type": "way",
        "osm_id": 788499086,
        "power": "plant",
        "plant_source": "solar"
      }
    },
    {
      "type": "Feature",
      "geometry": {
        "type": "Point",
        "coordinates": [
          0.2334167,
          53.1472447
        ]
      },
      "properties": {
        "osm_type": "way",
        "osm_id": 791119882,
        "name": "The Hollies Solar Park - Skegness",
        "operator": "Private Developer",
        "capacity_mw": 8.6,
        "power": "plant",
        "plant_source": "solar"
      }
    },
    {
      "type": "Feature",
      "geometry": {
        "type": "Point",
        "coordinates": [
          -1.3323985,
          52.6315039
        ]
      },
      "properties": {
        "osm_type": "way",
        "osm_id": 796439464,
        "power": "plant",
        "plant_source": "solar"
      }
    },
    {
      "type": "Feature",
      "geometry": {
        "type": "Point",
        "coordinates": [
          -1.6583132,
          53.0264733
        ]
      },
      "properties": {
        "osm_type": "way",
        "osm_id": 796498485,
        "name": "Dayfields Farm",
        "capacity_mw": 4.7,
        "power": "plant",
        "plant_source": "solar"
      }
    },
    {
      "type": "Feature",
      "geometry": {
        "type": "Point",
        "coordinates": [
          -3.7788161,
          50.8357624
        ]
      },
      "properties": {
        "osm_type": "way",
        "osm_id": 796501581,
        "name": "Sharland",
        "power": "plant",
        "plant_source": "solar"
      }
    },
    {
      "type": "Feature",
      "geometry": {
        "type": "Point",
        "coordinates": [
          -1.3399987,
          51.9672585
        ]
      },
      "properties": {
        "osm_type": "way",
        "osm_id": 796502818,
        "name": "Hill Farm",
        "capacity_mw": 5.0,
        "power": "plant",
        "plant_source": "solar"
      }
    },
    {
      "type": "Feature",
      "geometry": {
        "type": "Point",
        "coordinates": [
          -3.1584375,
          51.7282584
        ]
      },
      "properties": {
        "osm_type": "way",
        "osm_id": 796947205,
        "name": "Hafod-Y-Dafal Farm",
        "capacity_mw": 14.0,
        "power": "plant",
        "plant_source": "solar"
      }
    },
    {
      "type": "Feature",
      "geometry": {
        "type": "Point",
        "coordinates": [
          -3.291815,
          51.5592709
        ]
      },
      "properties": {
        "osm_type": "way",
        "osm_id": 797057045,
        "name": "Maes Bach Farm",
        "capacity_mw": 4.9,
        "power": "plant",
        "plant_source": "solar"
      }
    },
    {
      "type": "Feature",
      "geometry": {
        "type": "Point",
        "coordinates": [
          -3.3027527,
          50.9546929
        ]
      },
      "properties": {
        "osm_type": "way",
        "osm_id": 797060382,
        "name": "Red Hill Farm",
        "capacity_mw": 4.8,
        "power": "plant",
        "plant_source": "solar"
      }
    },
    {
      "type": "Feature",
      "geometry": {
        "type": "Point",
        "coordinates": [
          -2.9450076,
          51.7341435
        ]
      },
      "properties": {
        "osm_type": "way",
        "osm_id": 797063601,
        "name": "Lower House Farm",
        "capacity_mw": 8.1,
        "power": "plant",
        "plant_source": "solar"
      }
    },
    {
      "type": "Feature",
      "geometry": {
        "type": "Point",
        "coordinates": [
          -2.9940052,
          54.8726764
        ]
      },
      "properties": {
        "osm_type": "way",
        "osm_id": 797306924,
        "name": "Orton Park Farm",
        "capacity_mw": 6.4,
        "power": "plant",
        "plant_source": "solar"
      }
    },
    {
      "type": "Feature",
      "geometry": {
        "type": "Point",
        "coordinates": [
          -4.3528842,
          52.9375126
        ]
      },
      "properties": {
        "osm_type": "way",
        "osm_id": 797308045,
        "name": "Tyddyn Gwyn",
        "capacity_mw": 3.8,
        "power": "plant",
        "plant_source": "solar"
      }
    },
    {
      "type": "Feature",
      "geometry": {
        "type": "Point",
        "coordinates": [
          -3.0025565,
          54.8087265
        ]
      },
      "properties": {
        "osm_type": "way",
        "osm_id": 797318710,
        "capacity_mw": 4.4,
        "power": "plant",
        "plant_source": "solar"
      }
    },
    {
      "type": "Feature",
      "geometry": {
        "type": "Point",
        "coordinates": [
          -4.5451511,
          51.7570549
        ]
      },
      "properties": {
        "osm_type": "way",
        "osm_id": 797382220,
        "name": "Parc Cynog",
        "capacity_mw": 5.0,
        "power": "plant",
        "plant_source": "solar"
      }
    },
    {
      "type": "Feature",
      "geometry": {
        "type": "Point",
        "coordinates": [
          -2.2454998,
          52.6446218
        ]
      },
      "properties": {
        "osm_type": "way",
        "osm_id": 797433430,
        "name": "Albrighton",
        "capacity_mw": 15.8,
        "power": "plant",
        "plant_source": "solar"
      }
    },
    {
      "type": "Feature",
      "geometry": {
        "type": "Point",
        "coordinates": [
          -2.3076441,
          50.6704277
        ]
      },
      "properties": {
        "osm_type": "way",
        "osm_id": 797469971,
        "name": "Galton Manor",
        "capacity_mw": 5.0,
        "power": "plant",
        "plant_source": "solar"
      }
    },
    {
      "type": "Feature",
      "geometry": {
        "type": "Point",
        "coordinates": [
          -2.8976363,
          54.8198742
        ]
      },
      "properties": {
        "osm_type": "way",
        "osm_id": 797484146,
        "name": "Wreay",
        "operator": "Anesco",
        "capacity_mw": 5.0,
        "power": "plant",
        "plant_source": "solar"
      }
    },
    {
      "type": "Feature",
      "geometry": {
        "type": "Point",
        "coordinates": [
          -2.9922084,
          51.6211503
        ]
      },
      "properties": {
        "osm_type": "way",
        "osm_id": 797488390,
        "capacity_mw": 4.0,
        "power": "plant",
        "plant_source": "solar"
      }
    },
    {
      "type": "Feature",
      "geometry": {
        "type": "Point",
        "coordinates": [
          -3.5308969,
          51.4795733
        ]
      },
      "properties": {
        "osm_type": "way",
        "osm_id": 797496006,
        "name": "Corntown Farm",
        "capacity_mw": 3.4,
        "power": "plant",
        "plant_source": "solar"
      }
    },
    {
      "type": "Feature",
      "geometry": {
        "type": "Point",
        "coordinates": [
          -1.503991,
          54.9847015
        ]
      },
      "properties": {
        "osm_type": "way",
        "osm_id": 797859257,
        "power": "plant",
        "plant_source": "solar"
      }
    },
    {
      "type": "Feature",
      "geometry": {
        "type": "Point",
        "coordinates": [
          -2.6901172,
          54.2891379
        ]
      },
      "properties": {
        "osm_type": "way",
        "osm_id": 798083446,
        "name": "Greaves",
        "capacity_mw": 5.0,
        "power": "plant",
        "plant_source": "solar"
      }
    },
    {
      "type": "Feature",
      "geometry": {
        "type": "Point",
        "coordinates": [
          1.3958242,
          52.7991906
        ]
      },
      "properties": {
        "osm_type": "way",
        "osm_id": 798849208,
        "name": "Bunn's Hill",
        "capacity_mw": 5.0,
        "power": "plant",
        "plant_source": "solar"
      }
    },
    {
      "type": "Feature",
      "geometry": {
        "type": "Point",
        "coordinates": [
          -5.2260048,
          50.17088
        ]
      },
      "properties": {
        "osm_type": "way",
        "osm_id": 798860237,
        "name": "Little White Alice",
        "capacity_mw": 1.3,
        "power": "plant",
        "plant_source": "solar"
      }
    },
    {
      "type": "Feature",
      "geometry": {
        "type": "Point",
        "coordinates": [
          -3.9418977,
          51.6990704
        ]
      },
      "properties": {
        "osm_type": "way",
        "osm_id": 798893197,
        "name": "Rhyd-y-Pandy",
        "operator": "Wessex Solar Energy",
        "capacity_mw": 6.0,
        "power": "plant",
        "plant_source": "solar"
      }
    },
    {
      "type": "Feature",
      "geometry": {
        "type": "Point",
        "coordinates": [
          0.0628376,
          53.019887
        ]
      },
      "properties": {
        "osm_type": "way",
        "osm_id": 798896860,
        "name": "Leverton Ings",
        "capacity_mw": 12.0,
        "power": "plant",
        "plant_source": "solar"
      }
    },
    {
      "type": "Feature",
      "geometry": {
        "type": "Point",
        "coordinates": [
          -2.5844425,
          51.208836
        ]
      },
      "properties": {
        "osm_type": "way",
        "osm_id": 798910691,
        "name": "Crapnell Farm",
        "capacity_mw": 5.4,
        "power": "plant",
        "plant_source": "solar"
      }
    },
    {
      "type": "Feature",
      "geometry": {
        "type": "Point",
        "coordinates": [
          -4.9310971,
          50.4842555
        ]
      },
      "properties": {
        "osm_type": "way",
        "osm_id": 799061443,
        "name": "Trelow Farm",
        "capacity_mw": 1.6,
        "power": "plant",
        "plant_source": "solar"
      }
    },
    {
      "type": "Feature",
      "geometry": {
        "type": "Point",
        "coordinates": [
          -2.5280119,
          51.267656
        ]
      },
      "properties": {
        "osm_type": "way",
        "osm_id": 799112400,
        "name": "Whitchurch Farm",
        "capacity_mw": 6.5,
        "power": "plant",
        "plant_source": "solar"
      }
    },
    {
      "type": "Feature",
      "geometry": {
        "type": "Point",
        "coordinates": [
          -2.9265264,
          51.8345138
        ]
      },
      "properties": {
        "osm_type": "way",
        "osm_id": 799371334,
        "name": "Manor Farm",
        "capacity_mw": 10.5,
        "power": "plant",
        "plant_source": "solar"
      }
    },
    {
      "type": "Feature",
      "geometry": {
        "type": "Point",
        "coordinates": [
          -4.5237759,
          52.1080641
        ]
      },
      "properties": {
        "osm_type": "way",
        "osm_id": 799375012,
        "name": "Llwyn Du",
        "capacity_mw": 8.0,
        "power": "plant",
        "plant_source": "solar"
      }
    },
    {
      "type": "Feature",
      "geometry": {
        "type": "Point",
        "coordinates": [
          -1.4917798,
          54.1708565
        ]
      },
      "properties": {
        "osm_type": "way",
        "osm_id": 799376518,
        "name": "Barugh Farm",
        "capacity_mw": 5.0,
        "power": "plant",
        "plant_source": "solar"
      }
    },
    {
      "type": "Feature",
      "geometry": {
        "type": "Point",
        "coordinates": [
          -2.5352203,
          51.5370643
        ]
      },
      "properties": {
        "osm_type": "way",
        "osm_id": 799389328,
        "name": "Hammond Court Farm",
        "capacity_mw": 15.0,
        "power": "plant",
        "plant_source": "solar"
      }
    },
    {
      "type": "Feature",
      "geometry": {
        "type": "Point",
        "coordinates": [
          -2.6062097,
          51.0098231
        ]
      },
      "properties": {
        "osm_type": "way",
        "osm_id": 799599026,
        "name": "Southfield Farm",
        "capacity_mw": 11.5,
        "power": "plant",
        "plant_source": "solar"
      }
    },
    {
      "type": "Feature",
      "geometry": {
        "type": "Point",
        "coordinates": [
          -1.6010528,
          51.2000596
        ]
      },
      "properties": {
        "osm_type": "way",
        "osm_id": 799613190,
        "name": "Lains Farm",
        "capacity_mw": 5.0,
        "power": "plant",
        "plant_source": "solar"
      }
    },
    {
      "type": "Feature",
      "geometry": {
        "type": "Point",
        "coordinates": [
          -1.6084619,
          51.7851323
        ]
      },
      "properties": {
        "osm_type": "way",
        "osm_id": 799615338,
        "name": "Westerfield Farm",
        "capacity_mw": 12.5,
        "power": "plant",
        "plant_source": "solar"
      }
    },
    {
      "type": "Feature",
      "geometry": {
        "type": "Point",
        "coordinates": [
          0.8481313,
          52.6418606
        ]
      },
      "properties": {
        "osm_type": "way",
        "osm_id": 799620341,
        "name": "Huntingfield",
        "power": "plant",
        "plant_source": "solar"
      }
    },
    {
      "type": "Feature",
      "geometry": {
        "type": "Point",
        "coordinates": [
          -0.0709682,
          52.1053013
        ]
      },
      "properties": {
        "osm_type": "way",
        "osm_id": 799674282,
        "name": "Vine Farm",
        "capacity_mw": 45.0,
        "power": "plant",
        "plant_source": "solar"
      }
    },
    {
      "type": "Feature",
      "geometry": {
        "type": "Point",
        "coordinates": [
          -3.3237802,
          51.4125674
        ]
      },
      "properties": {
        "osm_type": "way",
        "osm_id": 799764431,
        "name": "Cwm Derwyn Farm",
        "capacity_mw": 5.0,
        "power": "plant",
        "plant_source": "solar"
      }
    },
    {
      "type": "Feature",
      "geometry": {
        "type": "Point",
        "coordinates": [
          -4.0121462,
          51.6360781
        ]
      },
      "properties": {
        "osm_type": "way",
        "osm_id": 800673328,
        "name": "Cockett Valley",
        "capacity_mw": 4.0,
        "power": "plant",
        "plant_source": "solar"
      }
    },
    {
      "type": "Feature",
      "geometry": {
        "type": "Point",
        "coordinates": [
          -6.4926632,
          54.9622413
        ]
      },
      "properties": {
        "osm_type": "way",
        "osm_id": 800715146,
        "name": "Finvoy Road Solar Farm",
        "capacity_mw": 5.9,
        "power": "plant",
        "plant_source": "solar"
      }
    },
    {
      "type": "Feature",
      "geometry": {
        "type": "Point",
        "coordinates": [
          -1.0786132,
          53.6799625
        ]
      },
      "properties": {
        "osm_type": "way",
        "osm_id": 800746231,
        "name": "Pollington Airfield",
        "capacity_mw": 5.0,
        "power": "plant",
        "plant_source": "solar"
      }
    },
    {
      "type": "Feature",
      "geometry": {
        "type": "Point",
        "coordinates": [
          -4.0452249,
          51.625877
        ]
      },
      "properties": {
        "osm_type": "way",
        "osm_id": 800754289,
        "name": "Killan Farm",
        "operator": "Gower Power Co-op CIC",
        "capacity_mw": 1.0,
        "power": "plant",
        "plant_source": "solar"
      }
    },
    {
      "type": "Feature",
      "geometry": {
        "type": "Point",
        "coordinates": [
          -1.4763707,
          51.1735331
        ]
      },
      "properties": {
        "osm_type": "way",
        "osm_id": 800758925,
        "name": "Fullerton",
        "capacity_mw": 4.2,
        "power": "plant",
        "plant_source": "solar"
      }
    },
    {
      "type": "Feature",
      "geometry": {
        "type": "Point",
        "coordinates": [
          -1.2015816,
          53.7027084
        ]
      },
      "properties": {
        "osm_type": "way",
        "osm_id": 800761318,
        "name": "Kellingley",
        "capacity_mw": 5.0,
        "power": "plant",
        "plant_source": "solar"
      }
    },
    {
      "type": "Feature",
      "geometry": {
        "type": "Point",
        "coordinates": [
          -6.0150146,
          54.6755846
        ]
      },
      "properties": {
        "osm_type": "way",
        "osm_id": 800762322,
        "name": "Gibson Farm",
        "operator": "Lightsource BP",
        "capacity_mw": 6.4,
        "power": "plant",
        "plant_source": "solar"
      }
    },
    {
      "type": "Feature",
      "geometry": {
        "type": "Point",
        "coordinates": [
          -3.4164302,
          55.9732706
        ]
      },
      "properties": {
        "osm_type": "way",
        "osm_id": 803838752,
        "capacity_mw": 0.05,
        "power": "plant",
        "plant_source": "solar"
      }
    },
    {
      "type": "Feature",
      "geometry": {
        "type": "Point",
        "coordinates": [
          -2.9939798,
          51.7122452
        ]
      },
      "properties": {
        "osm_type": "way",
        "osm_id": 804604414,
        "name": "Mamhilad",
        "operator": "Active Renewables",
        "capacity_mw": 5.0,
        "power": "plant",
        "plant_source": "solar"
      }
    },
    {
      "type": "Feature",
      "geometry": {
        "type": "Point",
        "coordinates": [
          -2.8311678,
          53.7497359
        ]
      },
      "properties": {
        "osm_type": "way",
        "osm_id": 804607244,
        "name": "Clifton Marsh Wastewater Treatment Works",
        "capacity_mw": 3.2,
        "power": "plant",
        "plant_source": "solar"
      }
    },
    {
      "type": "Feature",
      "geometry": {
        "type": "Point",
        "coordinates": [
          -2.8194843,
          53.5685628
        ]
      },
      "properties": {
        "osm_type": "way",
        "osm_id": 804612142,
        "name": "Lathom",
        "capacity_mw": 2.5,
        "power": "plant",
        "plant_source": "solar"
      }
    },
    {
      "type": "Feature",
      "geometry": {
        "type": "Point",
        "coordinates": [
          -2.8745836,
          53.1736138
        ]
      },
      "properties": {
        "osm_type": "way",
        "osm_id": 804613100,
        "name": "Huntington Water Treatment Works",
        "operator": "United Utilities",
        "capacity_mw": 7.2,
        "power": "plant",
        "plant_source": "solar"
      }
    },
    {
      "type": "Feature",
      "geometry": {
        "type": "Point",
        "coordinates": [
          -1.1402507,
          53.1292244
        ]
      },
      "properties": {
        "osm_type": "way",
        "osm_id": 809913712,
        "name": "Ransom Wood Solar Farm",
        "operator": "Ransom Wood Business Park",
        "capacity_mw": 0.54,
        "power": "plant",
        "plant_source": "solar"
      }
    },
    {
      "type": "Feature",
      "geometry": {
        "type": "Point",
        "coordinates": [
          0.9193233,
          51.3382284
        ]
      },
      "properties": {
        "osm_type": "way",
        "osm_id": 810479966,
        "name": "Cleve Hill Solar Park",
        "operator": "Cleve Hill Solar Park Ltd",
        "capacity_mw": 373.0,
        "power": "plant",
        "plant_source": "solar"
      }
    },
    {
      "type": "Feature",
      "geometry": {
        "type": "Point",
        "coordinates": [
          1.4661027,
          52.483607
        ]
      },
      "properties": {
        "osm_type": "way",
        "osm_id": 814316447,
        "power": "plant",
        "plant_source": "solar"
      }
    },
    {
      "type": "Feature",
      "geometry": {
        "type": "Point",
        "coordinates": [
          -1.3487929,
          50.9388131
        ]
      },
      "properties": {
        "osm_type": "way",
        "osm_id": 814582200,
        "power": "plant",
        "plant_source": "solar"
      }
    },
    {
      "type": "Feature",
      "geometry": {
        "type": "Point",
        "coordinates": [
          -2.514696,
          53.488394
        ]
      },
      "properties": {
        "osm_type": "way",
        "osm_id": 815695858,
        "operator": "United Utilities",
        "power": "plant",
        "plant_source": "solar"
      }
    },
    {
      "type": "Feature",
      "geometry": {
        "type": "Point",
        "coordinates": [
          0.9964393,
          52.515648
        ]
      },
      "properties": {
        "osm_type": "way",
        "osm_id": 818116826,
        "power": "plant",
        "plant_source": "solar"
      }
    },
    {
      "type": "Feature",
      "geometry": {
        "type": "Point",
        "coordinates": [
          -0.2967258,
          52.2824744
        ]
      },
      "properties": {
        "osm_type": "way",
        "osm_id": 823095424,
        "power": "plant",
        "plant_source": "solar"
      }
    },
    {
      "type": "Feature",
      "geometry": {
        "type": "Point",
        "coordinates": [
          -0.2907177,
          52.2822398
        ]
      },
      "properties": {
        "osm_type": "way",
        "osm_id": 823095425,
        "operator": "Anglian Water",
        "power": "plant",
        "plant_source": "solar"
      }
    },
    {
      "type": "Feature",
      "geometry": {
        "type": "Point",
        "coordinates": [
          -0.2856732,
          52.2867457
        ]
      },
      "properties": {
        "osm_type": "way",
        "osm_id": 823095426,
        "operator": "Anglian Water",
        "power": "plant",
        "plant_source": "solar"
      }
    },
    {
      "type": "Feature",
      "geometry": {
        "type": "Point",
        "coordinates": [
          -3.5465425,
          54.6715621
        ]
      },
      "properties": {
        "osm_type": "way",
        "osm_id": 825987859,
        "power": "plant",
        "plant_source": "solar"
      }
    },
    {
      "type": "Feature",
      "geometry": {
        "type": "Point",
        "coordinates": [
          -3.5781159,
          55.9669732
        ]
      },
      "properties": {
        "osm_type": "way",
        "osm_id": 826928820,
        "power": "plant",
        "plant_source": "solar"
      }
    },
    {
      "type": "Feature",
      "geometry": {
        "type": "Point",
        "coordinates": [
          -1.8075138,
          52.6311924
        ]
      },
      "properties": {
        "osm_type": "way",
        "osm_id": 828013863,
        "power": "plant",
        "plant_source": "solar"
      }
    },
    {
      "type": "Feature",
      "geometry": {
        "type": "Point",
        "coordinates": [
          -2.9086609,
          54.2267379
        ]
      },
      "properties": {
        "osm_type": "way",
        "osm_id": 828274908,
        "power": "plant",
        "plant_source": "solar"
      }
    },
    {
      "type": "Feature",
      "geometry": {
        "type": "Point",
        "coordinates": [
          -1.0964211,
          53.0651319
        ]
      },
      "properties": {
        "osm_type": "way",
        "osm_id": 828456232,
        "power": "plant",
        "plant_source": "solar"
      }
    },
    {
      "type": "Feature",
      "geometry": {
        "type": "Point",
        "coordinates": [
          -2.2001592,
          53.4058168
        ]
      },
      "properties": {
        "osm_type": "way",
        "osm_id": 831978487,
        "power": "plant",
        "plant_source": "solar"
      }
    },
    {
      "type": "Feature",
      "geometry": {
        "type": "Point",
        "coordinates": [
          -2.1398127,
          52.5487293
        ]
      },
      "properties": {
        "osm_type": "way",
        "osm_id": 832301881,
        "power": "plant",
        "plant_source": "solar"
      }
    },
    {
      "type": "Feature",
      "geometry": {
        "type": "Point",
        "coordinates": [
          -2.8581066,
          57.1440932
        ]
      },
      "properties": {
        "osm_type": "way",
        "osm_id": 832955449,
        "name": "PV Solar Farm",
        "power": "plant",
        "plant_source": "solar"
      }
    },
    {
      "type": "Feature",
      "geometry": {
        "type": "Point",
        "coordinates": [
          -2.9478576,
          51.038849
        ]
      },
      "properties": {
        "osm_type": "way",
        "osm_id": 833350802,
        "operator": "Private",
        "power": "plant",
        "plant_source": "solar"
      }
    },
    {
      "type": "Feature",
      "geometry": {
        "type": "Point",
        "coordinates": [
          -2.8816501,
          51.3967152
        ]
      },
      "properties": {
        "osm_type": "way",
        "osm_id": 835541029,
        "power": "plant",
        "plant_source": "solar"
      }
    },
    {
      "type": "Feature",
      "geometry": {
        "type": "Point",
        "coordinates": [
          -0.9176787,
          52.5979512
        ]
      },
      "properties": {
        "osm_type": "way",
        "osm_id": 836779003,
        "power": "plant",
        "plant_source": "solar"
      }
    },
    {
      "type": "Feature",
      "geometry": {
        "type": "Point",
        "coordinates": [
          0.0145517,
          53.0795955
        ]
      },
      "properties": {
        "osm_type": "way",
        "osm_id": 837054098,
        "power": "plant",
        "plant_source": "solar"
      }
    },
    {
      "type": "Feature",
      "geometry": {
        "type": "Point",
        "coordinates": [
          -3.0507459,
          52.569232
        ]
      },
      "properties": {
        "osm_type": "way",
        "osm_id": 837810842,
        "name": "Priest Weston",
        "operator": "Mellington Farm",
        "capacity_mw": 1.0,
        "power": "plant",
        "plant_source": "solar"
      }
    },
    {
      "type": "Feature",
      "geometry": {
        "type": "Point",
        "coordinates": [
          -0.9232967,
          53.434289
        ]
      },
      "properties": {
        "osm_type": "way",
        "osm_id": 839136122,
        "capacity_mw": 0.471,
        "power": "plant",
        "plant_source": "solar"
      }
    },
    {
      "type": "Feature",
      "geometry": {
        "type": "Point",
        "coordinates": [
          1.2687224,
          51.3392776
        ]
      },
      "properties": {
        "osm_type": "way",
        "osm_id": 839912606,
        "power": "plant",
        "plant_source": "solar"
      }
    },
    {
      "type": "Feature",
      "geometry": {
        "type": "Point",
        "coordinates": [
          -2.7949756,
          53.5924413
        ]
      },
      "properties": {
        "osm_type": "way",
        "osm_id": 843202370,
        "power": "plant",
        "plant_source": "solar",
        "generator_source": "solar"
      }
    },
    {
      "type": "Feature",
      "geometry": {
        "type": "Point",
        "coordinates": [
          -0.8819641,
          51.1367164
        ]
      },
      "properties": {
        "osm_type": "way",
        "osm_id": 844641699,
        "power": "plant",
        "plant_source": "solar"
      }
    },
    {
      "type": "Feature",
      "geometry": {
        "type": "Point",
        "coordinates": [
          -1.6318139,
          54.4169634
        ]
      },
      "properties": {
        "osm_type": "way",
        "osm_id": 849348578,
        "power": "plant",
        "plant_source": "solar"
      }
    },
    {
      "type": "Feature",
      "geometry": {
        "type": "Point",
        "coordinates": [
          1.3141555,
          52.4902369
        ]
      },
      "properties": {
        "osm_type": "way",
        "osm_id": 849713940,
        "power": "plant",
        "plant_source": "solar"
      }
    },
    {
      "type": "Feature",
      "geometry": {
        "type": "Point",
        "coordinates": [
          -1.3664306,
          52.6912615
        ]
      },
      "properties": {
        "osm_type": "way",
        "osm_id": 849936941,
        "capacity_mw": 4.9,
        "power": "plant",
        "plant_source": "solar"
      }
    },
    {
      "type": "Feature",
      "geometry": {
        "type": "Point",
        "coordinates": [
          -0.6697172,
          53.7684675
        ]
      },
      "properties": {
        "osm_type": "way",
        "osm_id": 850499880,
        "power": "plant",
        "plant_source": "solar"
      }
    },
    {
      "type": "Feature",
      "geometry": {
        "type": "Point",
        "coordinates": [
          -2.3291418,
          52.5608444
        ]
      },
      "properties": {
        "osm_type": "way",
        "osm_id": 850586926,
        "power": "plant",
        "plant_source": "solar"
      }
    },
    {
      "type": "Feature",
      "geometry": {
        "type": "Point",
        "coordinates": [
          1.7147296,
          52.5625645
        ]
      },
      "properties": {
        "osm_type": "way",
        "osm_id": 851806259,
        "power": "plant",
        "plant_source": "solar"
      }
    },
    {
      "type": "Feature",
      "geometry": {
        "type": "Point",
        "coordinates": [
          -2.3107515,
          52.7184729
        ]
      },
      "properties": {
        "osm_type": "way",
        "osm_id": 855472211,
        "power": "plant",
        "plant_source": "solar"
      }
    },
    {
      "type": "Feature",
      "geometry": {
        "type": "Point",
        "coordinates": [
          -2.1050487,
          53.4714943
        ]
      },
      "properties": {
        "osm_type": "way",
        "osm_id": 857477356,
        "power": "plant",
        "plant_source": "solar"
      }
    },
    {
      "type": "Feature",
      "geometry": {
        "type": "Point",
        "coordinates": [
          1.1296123,
          51.9148902
        ]
      },
      "properties": {
        "osm_type": "way",
        "osm_id": 857545612,
        "name": "Wix Lodge Solar Farm",
        "operator": "Sunsave 25 (Wix Lodge Farm) Limited/ Vogt Solar",
        "capacity_mw": 18.7,
        "power": "plant",
        "plant_source": "solar"
      }
    },
    {
      "type": "Feature",
      "geometry": {
        "type": "Point",
        "coordinates": [
          -0.378394,
          52.390332
        ]
      },
      "properties": {
        "osm_type": "way",
        "osm_id": 857869747,
        "power": "plant",
        "plant_source": "solar"
      }
    },
    {
      "type": "Feature",
      "geometry": {
        "type": "Point",
        "coordinates": [
          1.3011067,
          52.7072991
        ]
      },
      "properties": {
        "osm_type": "way",
        "osm_id": 857885255,
        "operator": "PS Renewables",
        "capacity_mw": 15.0,
        "power": "plant",
        "plant_source": "solar"
      }
    },
    {
      "type": "Feature",
      "geometry": {
        "type": "Point",
        "coordinates": [
          -3.413888,
          52.2583772
        ]
      },
      "properties": {
        "osm_type": "way",
        "osm_id": 858128150,
        "power": "plant",
        "plant_source": "solar"
      }
    },
    {
      "type": "Feature",
      "geometry": {
        "type": "Point",
        "coordinates": [
          -2.5749448,
          51.3267879
        ]
      },
      "properties": {
        "osm_type": "way",
        "osm_id": 859087120,
        "name": "Stowey Farm Ground Mounted",
        "capacity_mw": 0.25,
        "power": "plant",
        "plant_source": "solar"
      }
    },
    {
      "type": "Feature",
      "geometry": {
        "type": "Point",
        "coordinates": [
          -0.3710741,
          51.3860497
        ]
      },
      "properties": {
        "osm_type": "way",
        "osm_id": 860686803,
        "power": "plant",
        "plant_source": "solar"
      }
    },
    {
      "type": "Feature",
      "geometry": {
        "type": "Point",
        "coordinates": [
          -1.8938096,
          52.4353083
        ]
      },
      "properties": {
        "osm_type": "way",
        "osm_id": 860786617,
        "name": "New Life Baptist Church Rooftop Solar",
        "operator": "Big Solar Co-op",
        "capacity_mw": 0.0156,
        "power": "plant",
        "plant_source": "solar"
      }
    },
    {
      "type": "Feature",
      "geometry": {
        "type": "Point",
        "coordinates": [
          -2.1402472,
          57.1278831
        ]
      },
      "properties": {
        "osm_type": "way",
        "osm_id": 861100798,
        "capacity_mw": 1.5,
        "power": "plant",
        "plant_source": "solar"
      }
    },
    {
      "type": "Feature",
      "geometry": {
        "type": "Point",
        "coordinates": [
          -2.2184319,
          52.5217504
        ]
      },
      "properties": {
        "osm_type": "way",
        "osm_id": 862079710,
        "power": "plant",
        "plant_source": "solar"
      }
    },
    {
      "type": "Feature",
      "geometry": {
        "type": "Point",
        "coordinates": [
          -0.5163081,
          51.6587123
        ]
      },
      "properties": {
        "osm_type": "way",
        "osm_id": 862164284,
        "power": "plant",
        "plant_source": "solar"
      }
    },
    {
      "type": "Feature",
      "geometry": {
        "type": "Point",
        "coordinates": [
          -5.1992068,
          50.2976778
        ]
      },
      "properties": {
        "osm_type": "way",
        "osm_id": 863629009,
        "power": "plant",
        "plant_source": "solar"
      }
    },
    {
      "type": "Feature",
      "geometry": {
        "type": "Point",
        "coordinates": [
          -6.2282563,
          56.8364537
        ]
      },
      "properties": {
        "osm_type": "way",
        "osm_id": 864157461,
        "name": "Muck Solar Farm",
        "operator": "Isle of Muck Power",
        "capacity_mw": 0.033,
        "power": "plant",
        "plant_source": "solar"
      }
    },
    {
      "type": "Feature",
      "geometry": {
        "type": "Point",
        "coordinates": [
          -6.1383463,
          56.8875058
        ]
      },
      "properties": {
        "osm_type": "way",
        "osm_id": 864157471,
        "name": "Eigg Solar Farm",
        "operator": "Eigg Electric",
        "capacity_mw": 0.15,
        "power": "plant",
        "plant_source": "solar"
      }
    },
    {
      "type": "Feature",
      "geometry": {
        "type": "Point",
        "coordinates": [
          -2.879114,
          52.7200312
        ]
      },
      "properties": {
        "osm_type": "way",
        "osm_id": 867713728,
        "power": "plant",
        "plant_source": "solar"
      }
    },
    {
      "type": "Feature",
      "geometry": {
        "type": "Point",
        "coordinates": [
          -3.9194099,
          50.3188062
        ]
      },
      "properties": {
        "osm_type": "way",
        "osm_id": 868889743,
        "power": "plant",
        "plant_source": "solar"
      }
    },
    {
      "type": "Feature",
      "geometry": {
        "type": "Point",
        "coordinates": [
          -5.014076,
          50.4294488
        ]
      },
      "properties": {
        "osm_type": "way",
        "osm_id": 870819821,
        "power": "plant",
        "plant_source": "solar"
      }
    },
    {
      "type": "Feature",
      "geometry": {
        "type": "Point",
        "coordinates": [
          -3.4809786,
          55.981903
        ]
      },
      "properties": {
        "osm_type": "way",
        "osm_id": 875889511,
        "power": "plant",
        "plant_source": "solar"
      }
    },
    {
      "type": "Feature",
      "geometry": {
        "type": "Point",
        "coordinates": [
          -7.5193017,
          52.3624662
        ]
      },
      "properties": {
        "osm_type": "way",
        "osm_id": 876455753,
        "operator": "MSD Ballydine",
        "capacity_mw": 7.3,
        "power": "plant",
        "plant_source": "solar"
      }
    },
    {
      "type": "Feature",
      "geometry": {
        "type": "Point",
        "coordinates": [
          -8.1481899,
          53.856919
        ]
      },
      "properties": {
        "osm_type": "way",
        "osm_id": 876510406,
        "operator": "Polecat Group Water Scheme Co-Op",
        "capacity_mw": 0.15,
        "power": "plant",
        "plant_source": "solar"
      }
    },
    {
      "type": "Feature",
      "geometry": {
        "type": "Point",
        "coordinates": [
          -5.2005714,
          50.3010465
        ]
      },
      "properties": {
        "osm_type": "way",
        "osm_id": 879185390,
        "power": "plant",
        "plant_source": "solar"
      }
    },
    {
      "type": "Feature",
      "geometry": {
        "type": "Point",
        "coordinates": [
          -3.7603358,
          50.3817442
        ]
      },
      "properties": {
        "osm_type": "way",
        "osm_id": 880726677,
        "power": "plant",
        "plant_source": "solar"
      }
    },
    {
      "type": "Feature",
      "geometry": {
        "type": "Point",
        "coordinates": [
          -0.470623,
          52.4534546
        ]
      },
      "properties": {
        "osm_type": "way",
        "osm_id": 881116243,
        "power": "plant",
        "plant_source": "solar"
      }
    },
    {
      "type": "Feature",
      "geometry": {
        "type": "Point",
        "coordinates": [
          -0.4045503,
          51.8460273
        ]
      },
      "properties": {
        "osm_type": "way",
        "osm_id": 881140914,
        "capacity_mw": 0.25,
        "power": "plant",
        "plant_source": "solar"
      }
    },
    {
      "type": "Feature",
      "geometry": {
        "type": "Point",
        "coordinates": [
          -0.8300502,
          53.969273
        ]
      },
      "properties": {
        "osm_type": "way",
        "osm_id": 881638140,
        "power": "plant",
        "plant_source": "solar"
      }
    },
    {
      "type": "Feature",
      "geometry": {
        "type": "Point",
        "coordinates": [
          -2.3686635,
          53.7826181
        ]
      },
      "properties": {
        "osm_type": "way",
        "osm_id": 882302958,
        "power": "plant",
        "plant_source": "solar"
      }
    },
    {
      "type": "Feature",
      "geometry": {
        "type": "Point",
        "coordinates": [
          -2.5897319,
          53.6021519
        ]
      },
      "properties": {
        "osm_type": "way",
        "osm_id": 885210773,
        "power": "plant",
        "plant_source": "solar"
      }
    },
    {
      "type": "Feature",
      "geometry": {
        "type": "Point",
        "coordinates": [
          -2.4293491,
          52.608526
        ]
      },
      "properties": {
        "osm_type": "way",
        "osm_id": 885868302,
        "power": "plant",
        "plant_source": "solar"
      }
    },
    {
      "type": "Feature",
      "geometry": {
        "type": "Point",
        "coordinates": [
          -1.7204542,
          52.4101732
        ]
      },
      "properties": {
        "osm_type": "way",
        "osm_id": 886291614,
        "power": "plant",
        "plant_source": "solar"
      }
    },
    {
      "type": "Feature",
      "geometry": {
        "type": "Point",
        "coordinates": [
          -1.7061944,
          52.4062085
        ]
      },
      "properties": {
        "osm_type": "way",
        "osm_id": 886291893,
        "power": "plant",
        "plant_source": "solar"
      }
    },
    {
      "type": "Feature",
      "geometry": {
        "type": "Point",
        "coordinates": [
          -2.3919511,
          52.7690816
        ]
      },
      "properties": {
        "osm_type": "way",
        "osm_id": 886440837,
        "power": "plant",
        "plant_source": "solar"
      }
    },
    {
      "type": "Feature",
      "geometry": {
        "type": "Point",
        "coordinates": [
          -4.8445738,
          50.3938845
        ]
      },
      "properties": {
        "osm_type": "way",
        "osm_id": 888004740,
        "operator": "IMERYS",
        "power": "plant",
        "plant_source": "solar",
        "generator_source": "solar"
      }
    },
    {
      "type": "Feature",
      "geometry": {
        "type": "Point",
        "coordinates": [
          -3.3927177,
          51.4102582
        ]
      },
      "properties": {
        "osm_type": "way",
        "osm_id": 888608497,
        "name": "Llancadle Farm",
        "operator": "Llancadle Solar Farm Ltd",
        "capacity_mw": 5.0,
        "power": "plant",
        "plant_source": "solar"
      }
    },
    {
      "type": "Feature",
      "geometry": {
        "type": "Point",
        "coordinates": [
          -3.046716,
          53.2714427
        ]
      },
      "properties": {
        "osm_type": "way",
        "osm_id": 891238117,
        "power": "plant",
        "plant_source": "solar"
      }
    },
    {
      "type": "Feature",
      "geometry": {
        "type": "Point",
        "coordinates": [
          -2.2465621,
          53.5531364
        ]
      },
      "properties": {
        "osm_type": "way",
        "osm_id": 892069683,
        "power": "plant",
        "plant_source": "solar"
      }
    },
    {
      "type": "Feature",
      "geometry": {
        "type": "Point",
        "coordinates": [
          -1.3628965,
          53.7558288
        ]
      },
      "properties": {
        "osm_type": "way",
        "osm_id": 892703636,
        "name": "Barnsdale Solar",
        "operator": "OnPath Energy",
        "capacity_mw": 40.0,
        "plant_source": "solar"
      }
    },
    {
      "type": "Feature",
      "geometry": {
        "type": "Point",
        "coordinates": [
          -0.9988304,
          52.9066566
        ]
      },
      "properties": {
        "osm_type": "way",
        "osm_id": 893341598,
        "power": "plant",
        "plant_source": "solar"
      }
    },
    {
      "type": "Feature",
      "geometry": {
        "type": "Point",
        "coordinates": [
          -1.3062491,
          53.7476512
        ]
      },
      "properties": {
        "osm_type": "way",
        "osm_id": 895197699,
        "operator": "Adam Makin",
        "capacity_mw": 0.09,
        "power": "plant",
        "plant_source": "solar"
      }
    },
    {
      "type": "Feature",
      "geometry": {
        "type": "Point",
        "coordinates": [
          -1.5503841,
          53.727136
        ]
      },
      "properties": {
        "osm_type": "way",
        "osm_id": 895199204,
        "capacity_mw": 0.155,
        "power": "plant",
        "plant_source": "solar"
      }
    },
    {
      "type": "Feature",
      "geometry": {
        "type": "Point",
        "coordinates": [
          -3.9773439,
          50.3329248
        ]
      },
      "properties": {
        "osm_type": "way",
        "osm_id": 895224193,
        "name": "Creacombe Solar Farm",
        "operator": "Gnaton Farm",
        "capacity_mw": 7.3,
        "power": "plant",
        "plant_source": "solar"
      }
    },
    {
      "type": "Feature",
      "geometry": {
        "type": "Point",
        "coordinates": [
          -2.2974951,
          51.7527762
        ]
      },
      "properties": {
        "osm_type": "way",
        "osm_id": 895234867,
        "name": "Renishaw PLC Factory",
        "operator": "Renishaw Group",
        "capacity_mw": 0.8,
        "power": "plant",
        "plant_source": "solar"
      }
    },
    {
      "type": "Feature",
      "geometry": {
        "type": "Point",
        "coordinates": [
          0.75969,
          51.4426375
        ]
      },
      "properties": {
        "osm_type": "way",
        "osm_id": 895237755,
        "name": "Tesco Super-Store (Bridge Road)",
        "operator": "Push Energy",
        "capacity_mw": 0.4,
        "power": "plant",
        "plant_source": "solar"
      }
    },
    {
      "type": "Feature",
      "geometry": {
        "type": "Point",
        "coordinates": [
          -2.8256201,
          53.7513795
        ]
      },
      "properties": {
        "osm_type": "way",
        "osm_id": 895243457,
        "name": "Clifton Marsh Wastewater Treatment Works",
        "operator": "United Utilities",
        "capacity_mw": 1.3,
        "power": "plant",
        "plant_source": "solar"
      }
    },
    {
      "type": "Feature",
      "geometry": {
        "type": "Point",
        "coordinates": [
          1.1034727,
          51.7839456
        ]
      },
      "properties": {
        "osm_type": "way",
        "osm_id": 895245568,
        "name": "Jaywick Water Recycling Centre",
        "operator": "Anglian Water",
        "capacity_mw": 0.9,
        "power": "plant",
        "plant_source": "solar"
      }
    },
    {
      "type": "Feature",
      "geometry": {
        "type": "Point",
        "coordinates": [
          -2.4092155,
          51.593338
        ]
      },
      "properties": {
        "osm_type": "way",
        "osm_id": 896643101,
        "power": "plant",
        "plant_source": "solar"
      }
    },
    {
      "type": "Feature",
      "geometry": {
        "type": "Point",
        "coordinates": [
          -1.5320604,
          51.106637
        ]
      },
      "properties": {
        "osm_type": "way",
        "osm_id": 897046720,
        "name": "Eveley Solar Farm",
        "capacity_mw": 49.0,
        "power": "plant",
        "plant_source": "solar"
      }
    },
    {
      "type": "Feature",
      "geometry": {
        "type": "Point",
        "coordinates": [
          1.2998923,
          51.3416923
        ]
      },
      "properties": {
        "osm_type": "way",
        "osm_id": 899983784,
        "power": "plant",
        "plant_source": "solar"
      }
    },
    {
      "type": "Feature",
      "geometry": {
        "type": "Point",
        "coordinates": [
          1.2914409,
          51.33322
        ]
      },
      "properties": {
        "osm_type": "way",
        "osm_id": 899987033,
        "power": "plant",
        "plant_source": "solar"
      }
    },
    {
      "type": "Feature",
      "geometry": {
        "type": "Point",
        "coordinates": [
          -0.9798479,
          50.8043385
        ]
      },
      "properties": {
        "osm_type": "way",
        "osm_id": 900134052,
        "power": "plant",
        "plant_source": "solar"
      }
    },
    {
      "type": "Feature",
      "geometry": {
        "type": "Point",
        "coordinates": [
          -6.6282486,
          52.4715285
        ]
      },
      "properties": {
        "osm_type": "way",
        "osm_id": 900812629,
        "name": "Davidstown Solar Farm",
        "operator": "Davidstown Renewables Ltd",
        "capacity_mw": 5.0,
        "power": "plant",
        "plant_source": "solar"
      }
    },
    {
      "type": "Feature",
      "geometry": {
        "type": "Point",
        "coordinates": [
          -1.4581001,
          50.9853602
        ]
      },
      "properties": {
        "osm_type": "way",
        "osm_id": 903795289,
        "name": "Warren Farm Solar Farm",
        "operator": "Warren Solar Power Ltd.",
        "capacity_mw": 5.0,
        "power": "plant",
        "plant_source": "solar"
      }
    },
    {
      "type": "Feature",
      "geometry": {
        "type": "Point",
        "coordinates": [
          -1.4654109,
          50.8348305
        ]
      },
      "properties": {
        "osm_type": "way",
        "osm_id": 904569922,
        "power": "plant",
        "plant_source": "solar"
      }
    },
    {
      "type": "Feature",
      "geometry": {
        "type": "Point",
        "coordinates": [
          -1.7749127,
          53.9353731
        ]
      },
      "properties": {
        "osm_type": "way",
        "osm_id": 906919749,
        "power": "plant",
        "plant_source": "solar"
      }
    },
    {
      "type": "Feature",
      "geometry": {
        "type": "Point",
        "coordinates": [
          -2.5844251,
          52.0683619
        ]
      },
      "properties": {
        "osm_type": "way",
        "osm_id": 908144953,
        "operator": "Pomona Solar Co-operative",
        "capacity_mw": 0.3,
        "power": "plant",
        "plant_source": "solar"
      }
    },
    {
      "type": "Feature",
      "geometry": {
        "type": "Point",
        "coordinates": [
          -1.0348795,
          51.3769074
        ]
      },
      "properties": {
        "osm_type": "way",
        "osm_id": 908353645,
        "power": "plant",
        "plant_source": "solar"
      }
    },
    {
      "type": "Feature",
      "geometry": {
        "type": "Point",
        "coordinates": [
          -1.4441872,
          54.6928549
        ]
      },
      "properties": {
        "osm_type": "way",
        "osm_id": 911379347,
        "power": "plant",
        "plant_source": "solar"
      }
    },
    {
      "type": "Feature",
      "geometry": {
        "type": "Point",
        "coordinates": [
          0.1531098,
          52.6102883
        ]
      },
      "properties": {
        "osm_type": "way",
        "osm_id": 911864622,
        "power": "plant",
        "plant_source": "solar"
      }
    },
    {
      "type": "Feature",
      "geometry": {
        "type": "Point",
        "coordinates": [
          -1.5200465,
          51.0024107
        ]
      },
      "properties": {
        "osm_type": "way",
        "osm_id": 912914075,
        "power": "plant",
        "plant_source": "solar"
      }
    },
    {
      "type": "Feature",
      "geometry": {
        "type": "Point",
        "coordinates": [
          -1.9319179,
          53.0087158
        ]
      },
      "properties": {
        "osm_type": "way",
        "osm_id": 913111410,
        "power": "plant",
        "plant_source": "solar"
      }
    },
    {
      "type": "Feature",
      "geometry": {
        "type": "Point",
        "coordinates": [
          -1.713018,
          51.1308025
        ]
      },
      "properties": {
        "osm_type": "way",
        "osm_id": 913291069,
        "power": "plant",
        "plant_source": "solar"
      }
    },
    {
      "type": "Feature",
      "geometry": {
        "type": "Point",
        "coordinates": [
          -5.5005958,
          50.1421127
        ]
      },
      "properties": {
        "osm_type": "way",
        "osm_id": 913332866,
        "power": "plant",
        "plant_source": "solar"
      }
    },
    {
      "type": "Feature",
      "geometry": {
        "type": "Point",
        "coordinates": [
          -2.6486081,
          51.3624794
        ]
      },
      "properties": {
        "osm_type": "way",
        "osm_id": 913868066,
        "power": "plant",
        "plant_source": "solar"
      }
    },
    {
      "type": "Feature",
      "geometry": {
        "type": "Point",
        "coordinates": [
          -5.0098937,
          50.4851574
        ]
      },
      "properties": {
        "osm_type": "way",
        "osm_id": 914264424,
        "power": "plant",
        "plant_source": "solar"
      }
    },
    {
      "type": "Feature",
      "geometry": {
        "type": "Point",
        "coordinates": [
          -0.2769153,
          51.5070716
        ]
      },
      "properties": {
        "osm_type": "way",
        "osm_id": 914782604,
        "operator": "London Fire Bridage",
        "capacity_mw": 0.022,
        "power": "plant",
        "plant_source": "solar"
      }
    },
    {
      "type": "Feature",
      "geometry": {
        "type": "Point",
        "coordinates": [
          -2.9245614,
          53.5334998
        ]
      },
      "properties": {
        "osm_type": "way",
        "osm_id": 915059552,
        "power": "plant",
        "plant_source": "solar"
      }
    },
    {
      "type": "Feature",
      "geometry": {
        "type": "Point",
        "coordinates": [
          0.833994,
          52.5316777
        ]
      },
      "properties": {
        "osm_type": "way",
        "osm_id": 915816530,
        "power": "plant",
        "plant_source": "solar"
      }
    },
    {
      "type": "Feature",
      "geometry": {
        "type": "Point",
        "coordinates": [
          -4.740294,
          51.6694663
        ]
      },
      "properties": {
        "osm_type": "way",
        "osm_id": 916742647,
        "power": "plant",
        "plant_source": "solar"
      }
    },
    {
      "type": "Feature",
      "geometry": {
        "type": "Point",
        "coordinates": [
          1.3679695,
          52.1144512
        ]
      },
      "properties": {
        "osm_type": "way",
        "osm_id": 920682334,
        "power": "plant",
        "plant_source": "solar"
      }
    },
    {
      "type": "Feature",
      "geometry": {
        "type": "Point",
        "coordinates": [
          -5.4925069,
          50.1541799
        ]
      },
      "properties": {
        "osm_type": "way",
        "osm_id": 923165989,
        "name": "Boskennal Solar Farm",
        "power": "plant",
        "plant_source": "solar"
      }
    },
    {
      "type": "Feature",
      "geometry": {
        "type": "Point",
        "coordinates": [
          -2.9166124,
          52.7033677
        ]
      },
      "properties": {
        "osm_type": "way",
        "osm_id": 923342126,
        "power": "plant",
        "plant_source": "solar"
      }
    },
    {
      "type": "Feature",
      "geometry": {
        "type": "Point",
        "coordinates": [
          -1.3328692,
          53.6807122
        ]
      },
      "properties": {
        "osm_type": "way",
        "osm_id": 926232452,
        "power": "plant",
        "plant_source": "solar"
      }
    },
    {
      "type": "Feature",
      "geometry": {
        "type": "Point",
        "coordinates": [
          -4.7341828,
          50.3430981
        ]
      },
      "properties": {
        "osm_type": "way",
        "osm_id": 934758686,
        "operator": "Imerys",
        "power": "plant",
        "plant_source": "solar"
      }
    },
    {
      "type": "Feature",
      "geometry": {
        "type": "Point",
        "coordinates": [
          -1.1315841,
          51.5869537
        ]
      },
      "properties": {
        "osm_type": "way",
        "osm_id": 936362246,
        "name": "Winterbrook Solar Farm",
        "operator": "S.A.T. Sun & Alternative Technology",
        "capacity_mw": 1.2,
        "power": "plant",
        "plant_source": "solar"
      }
    },
    {
      "type": "Feature",
      "geometry": {
        "type": "Point",
        "coordinates": [
          -0.2484481,
          52.689077
        ]
      },
      "properties": {
        "osm_type": "way",
        "osm_id": 936459213,
        "power": "plant",
        "plant_source": "solar"
      }
    },
    {
      "type": "Feature",
      "geometry": {
        "type": "Point",
        "coordinates": [
          -1.156671,
          52.2426581
        ]
      },
      "properties": {
        "osm_type": "way",
        "osm_id": 937855250,
        "power": "plant",
        "plant_source": "solar"
      }
    },
    {
      "type": "Feature",
      "geometry": {
        "type": "Point",
        "coordinates": [
          -6.4226381,
          52.2471928
        ]
      },
      "properties": {
        "osm_type": "way",
        "osm_id": 938614387,
        "name": "Blusheens Solar Farm",
        "operator": "EDF Renewables",
        "capacity_mw": 8.0,
        "power": "plant",
        "plant_source": "solar"
      }
    },
    {
      "type": "Feature",
      "geometry": {
        "type": "Point",
        "coordinates": [
          -7.1890752,
          52.2801914
        ]
      },
      "properties": {
        "osm_type": "way",
        "osm_id": 938616405,
        "name": "Curraghmartin Solar Farm",
        "operator": "EDF Renewables",
        "capacity_mw": 4.0,
        "power": "plant",
        "plant_source": "solar"
      }
    },
    {
      "type": "Feature",
      "geometry": {
        "type": "Point",
        "coordinates": [
          -6.845573,
          52.2683901
        ]
      },
      "properties": {
        "osm_type": "way",
        "osm_id": 938619838,
        "name": "Coolroe Solar Farm",
        "operator": "EDF Renewables",
        "capacity_mw": 5.0,
        "power": "plant",
        "plant_source": "solar"
      }
    },
    {
      "type": "Feature",
      "geometry": {
        "type": "Point",
        "coordinates": [
          1.0546942,
          51.9338606
        ]
      },
      "properties": {
        "osm_type": "way",
        "osm_id": 940037091,
        "power": "plant",
        "plant_source": "solar"
      }
    },
    {
      "type": "Feature",
      "geometry": {
        "type": "Point",
        "coordinates": [
          -2.8979578,
          52.7399946
        ]
      },
      "properties": {
        "osm_type": "way",
        "osm_id": 940154299,
        "power": "plant",
        "plant_source": "solar"
      }
    },
    {
      "type": "Feature",
      "geometry": {
        "type": "Point",
        "coordinates": [
          1.1578393,
          51.2613758
        ]
      },
      "properties": {
        "osm_type": "way",
        "osm_id": 940490040,
        "power": "plant",
        "plant_source": "solar"
      }
    },
    {
      "type": "Feature",
      "geometry": {
        "type": "Point",
        "coordinates": [
          1.1249396,
          51.9275071
        ]
      },
      "properties": {
        "osm_type": "way",
        "osm_id": 940808501,
        "power": "plant",
        "plant_source": "solar"
      }
    },
    {
      "type": "Feature",
      "geometry": {
        "type": "Point",
        "coordinates": [
          0.9987005,
          51.8948693
        ]
      },
      "properties": {
        "osm_type": "way",
        "osm_id": 941353095,
        "power": "plant",
        "plant_source": "solar"
      }
    },
    {
      "type": "Feature",
      "geometry": {
        "type": "Point",
        "coordinates": [
          -1.3748183,
          51.6687986
        ]
      },
      "properties": {
        "osm_type": "way",
        "osm_id": 941630909,
        "power": "plant",
        "plant_source": "solar"
      }
    },
    {
      "type": "Feature",
      "geometry": {
        "type": "Point",
        "coordinates": [
          0.114278,
          51.889368
        ]
      },
      "properties": {
        "osm_type": "way",
        "osm_id": 942739141,
        "name": "Wickham Hall Estate Solar Photovoltaic Farm",
        "operator": "Endurance Energy Wickham Hall Limited",
        "plant_source": "solar"
      }
    },
    {
      "type": "Feature",
      "geometry": {
        "type": "Point",
        "coordinates": [
          -2.1032727,
          52.8039816
        ]
      },
      "properties": {
        "osm_type": "way",
        "osm_id": 942929897,
        "name": "Riverway Nursery",
        "operator": "Stafford Borough Council",
        "power": "plant",
        "plant_source": "solar"
      }
    },
    {
      "type": "Feature",
      "geometry": {
        "type": "Point",
        "coordinates": [
          -2.3501591,
          55.7037277
        ]
      },
      "properties": {
        "osm_type": "way",
        "osm_id": 943154189,
        "power": "plant",
        "plant_source": "solar"
      }
    },
    {
      "type": "Feature",
      "geometry": {
        "type": "Point",
        "coordinates": [
          -1.6974512,
          51.6589941
        ]
      },
      "properties": {
        "osm_type": "way",
        "osm_id": 943826014,
        "power": "plant",
        "plant_source": "solar"
      }
    },
    {
      "type": "Feature",
      "geometry": {
        "type": "Point",
        "coordinates": [
          -1.7027202,
          51.6620699
        ]
      },
      "properties": {
        "osm_type": "way",
        "osm_id": 943826015,
        "power": "plant",
        "plant_source": "solar"
      }
    },
    {
      "type": "Feature",
      "geometry": {
        "type": "Point",
        "coordinates": [
          -1.6983392,
          51.663181
        ]
      },
      "properties": {
        "osm_type": "way",
        "osm_id": 943826016,
        "power": "plant",
        "plant_source": "solar"
      }
    },
    {
      "type": "Feature",
      "geometry": {
        "type": "Point",
        "coordinates": [
          -2.1150296,
          52.8050391
        ]
      },
      "properties": {
        "osm_type": "way",
        "osm_id": 944208732,
        "name": "Stafford Civic Centre",
        "operator": "Stafford Borough Council",
        "power": "plant",
        "plant_source": "solar",
        "generator_source": "solar"
      }
    },
    {
      "type": "Feature",
      "geometry": {
        "type": "Point",
        "coordinates": [
          -1.8486149,
          52.952822
        ]
      },
      "properties": {
        "osm_type": "way",
        "osm_id": 944409830,
        "name": "JCB World Headquarters",
        "operator": "JCB",
        "capacity_mw": 0.2,
        "power": "plant",
        "plant_source": "solar"
      }
    },
    {
      "type": "Feature",
      "geometry": {
        "type": "Point",
        "coordinates": [
          -2.0686688,
          52.7986899
        ]
      },
      "properties": {
        "osm_type": "way",
        "osm_id": 945068711,
        "operator": "Severn Trent Water",
        "power": "plant",
        "plant_source": "solar"
      }
    },
    {
      "type": "Feature",
      "geometry": {
        "type": "Point",
        "coordinates": [
          -2.1168107,
          52.8192008
        ]
      },
      "properties": {
        "osm_type": "way",
        "osm_id": 945181786,
        "operator": "Stafford Rangers Football Club",
        "power": "plant",
        "plant_source": "solar"
      }
    },
    {
      "type": "Feature",
      "geometry": {
        "type": "Point",
        "coordinates": [
          -4.5365943,
          55.710588
        ]
      },
      "properties": {
        "osm_type": "way",
        "osm_id": 945531410,
        "power": "plant",
        "plant_source": "solar"
      }
    },
    {
      "type": "Feature",
      "geometry": {
        "type": "Point",
        "coordinates": [
          -2.1713527,
          52.7549628
        ]
      },
      "properties": {
        "osm_type": "way",
        "osm_id": 947305346,
        "operator": "Wells Farm Dairy",
        "power": "plant",
        "plant_source": "solar"
      }
    },
    {
      "type": "Feature",
      "geometry": {
        "type": "Point",
        "coordinates": [
          -3.5220414,
          50.706365
        ]
      },
      "properties": {
        "osm_type": "way",
        "osm_id": 947716071,
        "name": "Exeter City Council Solar Farm",
        "capacity_mw": 1.2,
        "power": "plant",
        "plant_source": "solar"
      }
    },
    {
      "type": "Feature",
      "geometry": {
        "type": "Point",
        "coordinates": [
          -0.4797405,
          51.4140601
        ]
      },
      "properties": {
        "osm_type": "way",
        "osm_id": 948080140,
        "power": "plant",
        "plant_source": "solar"
      }
    },
    {
      "type": "Feature",
      "geometry": {
        "type": "Point",
        "coordinates": [
          -2.0155944,
          53.5358757
        ]
      },
      "properties": {
        "osm_type": "way",
        "osm_id": 949617132,
        "power": "plant",
        "plant_source": "solar"
      }
    },
    {
      "type": "Feature",
      "geometry": {
        "type": "Point",
        "coordinates": [
          -0.7339541,
          52.4900063
        ]
      },
      "properties": {
        "osm_type": "way",
        "osm_id": 950081035,
        "power": "plant",
        "plant_source": "solar"
      }
    },
    {
      "type": "Feature",
      "geometry": {
        "type": "Point",
        "coordinates": [
          -2.1952786,
          53.7927645
        ]
      },
      "properties": {
        "osm_type": "way",
        "osm_id": 950399599,
        "power": "plant",
        "plant_source": "solar"
      }
    },
    {
      "type": "Feature",
      "geometry": {
        "type": "Point",
        "coordinates": [
          -4.0412414,
          51.6557011
        ]
      },
      "properties": {
        "osm_type": "way",
        "osm_id": 952582973,
        "power": "plant",
        "plant_source": "solar"
      }
    },
    {
      "type": "Feature",
      "geometry": {
        "type": "Point",
        "coordinates": [
          -4.0112801,
          51.6761445
        ]
      },
      "properties": {
        "osm_type": "way",
        "osm_id": 952587278,
        "power": "plant",
        "plant_source": "solar"
      }
    },
    {
      "type": "Feature",
      "geometry": {
        "type": "Point",
        "coordinates": [
          0.2344499,
          52.0602476
        ]
      },
      "properties": {
        "osm_type": "way",
        "osm_id": 954620039,
        "name": "Green Energy Hub",
        "power": "plant",
        "plant_source": "solar"
      }
    },
    {
      "type": "Feature",
      "geometry": {
        "type": "Point",
        "coordinates": [
          -0.5173819,
          51.6462698
        ]
      },
      "properties": {
        "osm_type": "way",
        "osm_id": 955407195,
        "power": "plant",
        "plant_source": "solar"
      }
    },
    {
      "type": "Feature",
      "geometry": {
        "type": "Point",
        "coordinates": [
          -3.125636,
          51.4941533
        ]
      },
      "properties": {
        "osm_type": "way",
        "osm_id": 955815593,
        "name": "Lamby Way Solar Farm",
        "operator": "Cardiff Council",
        "capacity_mw": 8.9,
        "power": "plant",
        "plant_source": "solar"
      }
    },
    {
      "type": "Feature",
      "geometry": {
        "type": "Point",
        "coordinates": [
          -4.8664017,
          51.8988912
        ]
      },
      "properties": {
        "osm_type": "way",
        "osm_id": 955818223,
        "name": "Ambleston Solar Panels",
        "operator": "Arqiva Ltd",
        "capacity_mw": 6.0,
        "power": "plant",
        "plant_source": "solar"
      }
    },
    {
      "type": "Feature",
      "geometry": {
        "type": "Point",
        "coordinates": [
          -1.4521548,
          50.6956838
        ]
      },
      "properties": {
        "osm_type": "way",
        "osm_id": 955894920,
        "name": "Lee Farm",
        "operator": "Vogt Solar",
        "capacity_mw": 5.0,
        "power": "plant",
        "plant_source": "solar"
      }
    },
    {
      "type": "Feature",
      "geometry": {
        "type": "Point",
        "coordinates": [
          0.1201764,
          50.8706277
        ]
      },
      "properties": {
        "osm_type": "way",
        "osm_id": 955922477,
        "name": "Laughton Levels Solar Farm",
        "operator": "Wessex Solar Energy",
        "capacity_mw": 7.0,
        "power": "plant",
        "plant_source": "solar"
      }
    },
    {
      "type": "Feature",
      "geometry": {
        "type": "Point",
        "coordinates": [
          -2.0237767,
          53.5173588
        ]
      },
      "properties": {
        "osm_type": "way",
        "osm_id": 956047477,
        "power": "plant",
        "plant_source": "solar"
      }
    },
    {
      "type": "Feature",
      "geometry": {
        "type": "Point",
        "coordinates": [
          -2.408943,
          51.6599083
        ]
      },
      "properties": {
        "osm_type": "way",
        "osm_id": 956048852,
        "name": "Upper Wick Solar Farm",
        "operator": "Upper Wick Solar Farm",
        "capacity_mw": 5.0,
        "power": "plant",
        "plant_source": "solar"
      }
    },
    {
      "type": "Feature",
      "geometry": {
        "type": "Point",
        "coordinates": [
          -2.9718956,
          54.9307767
        ]
      },
      "properties": {
        "osm_type": "way",
        "osm_id": 956062400,
        "name": "Kingmoor Park",
        "operator": "Push Energy / Kingmoor Park",
        "capacity_mw": 5.0,
        "power": "plant",
        "plant_source": "solar"
      }
    },
    {
      "type": "Feature",
      "geometry": {
        "type": "Point",
        "coordinates": [
          -1.1002757,
          51.660939
        ]
      },
      "properties": {
        "osm_type": "way",
        "osm_id": 956285100,
        "name": "Langley Hall Farm",
        "operator": "Lark Energy",
        "capacity_mw": 2.4,
        "power": "plant",
        "plant_source": "solar"
      }
    },
    {
      "type": "Feature",
      "geometry": {
        "type": "Point",
        "coordinates": [
          0.4202981,
          52.7395688
        ]
      },
      "properties": {
        "osm_type": "way",
        "osm_id": 956288190,
        "name": "Chamber 16 (Cold Store)",
        "operator": "Pinguin Foods UK",
        "capacity_mw": 1.2,
        "power": "plant",
        "plant_source": "solar"
      }
    },
    {
      "type": "Feature",
      "geometry": {
        "type": "Point",
        "coordinates": [
          -0.9953034,
          53.3567365
        ]
      },
      "properties": {
        "osm_type": "way",
        "osm_id": 956542768,
        "name": "Barnby Moor Solar Farm",
        "operator": "Lark Energy",
        "capacity_mw": 4.0,
        "power": "plant",
        "plant_source": "solar"
      }
    },
    {
      "type": "Feature",
      "geometry": {
        "type": "Point",
        "coordinates": [
          -2.5782677,
          53.77104
        ]
      },
      "properties": {
        "osm_type": "way",
        "osm_id": 956548278,
        "name": "BAE Samlesbury Aerodrome",
        "operator": "British Aerospace Defence Limited",
        "capacity_mw": 2.0,
        "power": "plant",
        "plant_source": "solar"
      }
    },
    {
      "type": "Feature",
      "geometry": {
        "type": "Point",
        "coordinates": [
          -1.5258592,
          51.8897142
        ]
      },
      "properties": {
        "osm_type": "way",
        "osm_id": 956557359,
        "power": "plant",
        "plant_source": "solar"
      }
    },
    {
      "type": "Feature",
      "geometry": {
        "type": "Point",
        "coordinates": [
          -2.1700774,
          52.9750896
        ]
      },
      "properties": {
        "osm_type": "way",
        "osm_id": 956611828,
        "name": "Screwfix Direct",
        "operator": "Kingfisher Scottish Limited Partnership",
        "capacity_mw": 2.5,
        "power": "plant",
        "plant_source": "solar"
      }
    },
    {
      "type": "Feature",
      "geometry": {
        "type": "Point",
        "coordinates": [
          -2.5310062,
          53.5281433
        ]
      },
      "properties": {
        "osm_type": "way",
        "osm_id": 958197764,
        "power": "plant",
        "plant_source": "solar"
      }
    },
    {
      "type": "Feature",
      "geometry": {
        "type": "Point",
        "coordinates": [
          -3.2599615,
          55.2292508
        ]
      },
      "properties": {
        "osm_type": "way",
        "osm_id": 959835744,
        "power": "plant",
        "plant_source": "solar"
      }
    },
    {
      "type": "Feature",
      "geometry": {
        "type": "Point",
        "coordinates": [
          1.2602348,
          51.8610858
        ]
      },
      "properties": {
        "osm_type": "way",
        "osm_id": 961284262,
        "power": "plant",
        "plant_source": "solar"
      }
    },
    {
      "type": "Feature",
      "geometry": {
        "type": "Point",
        "coordinates": [
          -2.062587,
          53.604704
        ]
      },
      "properties": {
        "osm_type": "way",
        "osm_id": 961888449,
        "power": "plant",
        "plant_source": "solar"
      }
    },
    {
      "type": "Feature",
      "geometry": {
        "type": "Point",
        "coordinates": [
          -1.4556655,
          54.1329105
        ]
      },
      "properties": {
        "osm_type": "way",
        "osm_id": 962068520,
        "power": "plant",
        "plant_source": "solar"
      }
    },
    {
      "type": "Feature",
      "geometry": {
        "type": "Point",
        "coordinates": [
          -1.6194251,
          54.4355923
        ]
      },
      "properties": {
        "osm_type": "way",
        "osm_id": 963975965,
        "power": "plant",
        "plant_source": "solar"
      }
    },
    {
      "type": "Feature",
      "geometry": {
        "type": "Point",
        "coordinates": [
          -1.5173219,
          50.94925
        ]
      },
      "properties": {
        "osm_type": "way",
        "osm_id": 964055682,
        "capacity_mw": 1.0,
        "power": "plant",
        "plant_source": "solar"
      }
    },
    {
      "type": "Feature",
      "geometry": {
        "type": "Point",
        "coordinates": [
          -2.5220383,
          55.6391175
        ]
      },
      "properties": {
        "osm_type": "way",
        "osm_id": 966098839,
        "power": "plant",
        "plant_source": "solar"
      }
    },
    {
      "type": "Feature",
      "geometry": {
        "type": "Point",
        "coordinates": [
          -0.3467278,
          51.0948912
        ]
      },
      "properties": {
        "osm_type": "way",
        "osm_id": 968420033,
        "power": "plant",
        "plant_source": "solar"
      }
    },
    {
      "type": "Feature",
      "geometry": {
        "type": "Point",
        "coordinates": [
          -1.028812,
          50.8518003
        ]
      },
      "properties": {
        "osm_type": "way",
        "osm_id": 970375808,
        "power": "plant",
        "plant_source": "solar"
      }
    },
    {
      "type": "Feature",
      "geometry": {
        "type": "Point",
        "coordinates": [
          1.5529312,
          52.2997062
        ]
      },
      "properties": {
        "osm_type": "way",
        "osm_id": 972370053,
        "power": "plant",
        "plant_source": "solar"
      }
    },
    {
      "type": "Feature",
      "geometry": {
        "type": "Point",
        "coordinates": [
          -2.9921397,
          51.6189754
        ]
      },
      "properties": {
        "osm_type": "way",
        "osm_id": 973188194,
        "capacity_mw": 4.0,
        "power": "plant",
        "plant_source": "solar"
      }
    },
    {
      "type": "Feature",
      "geometry": {
        "type": "Point",
        "coordinates": [
          -3.7015041,
          55.9088272
        ]
      },
      "properties": {
        "osm_type": "way",
        "osm_id": 974113658,
        "power": "plant",
        "plant_source": "solar"
      }
    },
    {
      "type": "Feature",
      "geometry": {
        "type": "Point",
        "coordinates": [
          -0.4155345,
          51.7995459
        ]
      },
      "properties": {
        "osm_type": "way",
        "osm_id": 975388974,
        "power": "plant",
        "plant_source": "solar"
      }
    },
    {
      "type": "Feature",
      "geometry": {
        "type": "Point",
        "coordinates": [
          -2.9656453,
          51.1226862
        ]
      },
      "properties": {
        "osm_type": "way",
        "osm_id": 983566591,
        "power": "plant",
        "plant_source": "solar"
      }
    },
    {
      "type": "Feature",
      "geometry": {
        "type": "Point",
        "coordinates": [
          -4.0048137,
          50.3304193
        ]
      },
      "properties": {
        "osm_type": "way",
        "osm_id": 985060500,
        "power": "plant",
        "plant_source": "solar"
      }
    },
    {
      "type": "Feature",
      "geometry": {
        "type": "Point",
        "coordinates": [
          -2.7382583,
          54.0713868
        ]
      },
      "properties": {
        "osm_type": "way",
        "osm_id": 989057336,
        "operator": "United Utilities",
        "power": "plant",
        "plant_source": "solar"
      }
    },
    {
      "type": "Feature",
      "geometry": {
        "type": "Point",
        "coordinates": [
          -3.0478037,
          52.8084595
        ]
      },
      "properties": {
        "osm_type": "way",
        "osm_id": 989860741,
        "power": "plant",
        "plant_source": "solar"
      }
    },
    {
      "type": "Feature",
      "geometry": {
        "type": "Point",
        "coordinates": [
          -1.4474556,
          53.0535411
        ]
      },
      "properties": {
        "osm_type": "way",
        "osm_id": 990537460,
        "power": "plant",
        "plant_source": "solar"
      }
    },
    {
      "type": "Feature",
      "geometry": {
        "type": "Point",
        "coordinates": [
          -0.2833549,
          52.2931671
        ]
      },
      "properties": {
        "osm_type": "way",
        "osm_id": 991560757,
        "operator": "Anglian Water",
        "power": "plant",
        "plant_source": "solar"
      }
    },
    {
      "type": "Feature",
      "geometry": {
        "type": "Point",
        "coordinates": [
          -2.8273233,
          54.0527617
        ]
      },
      "properties": {
        "osm_type": "way",
        "osm_id": 991983002,
        "name": "Salt Ayre Leisure Centre solar farm",
        "operator": "Lancaster City Council",
        "capacity_mw": 1.0,
        "power": "plant",
        "plant_source": "solar"
      }
    },
    {
      "type": "Feature",
      "geometry": {
        "type": "Point",
        "coordinates": [
          -3.2116288,
          58.9408635
        ]
      },
      "properties": {
        "osm_type": "way",
        "osm_id": 993138389,
        "power": "plant",
        "plant_source": "solar"
      }
    },
    {
      "type": "Feature",
      "geometry": {
        "type": "Point",
        "coordinates": [
          -3.7378161,
          50.3323833
        ]
      },
      "properties": {
        "osm_type": "way",
        "osm_id": 993213785,
        "power": "plant",
        "plant_source": "solar"
      }
    },
    {
      "type": "Feature",
      "geometry": {
        "type": "Point",
        "coordinates": [
          -1.2271021,
          53.3686259
        ]
      },
      "properties": {
        "osm_type": "way",
        "osm_id": 993324854,
        "power": "plant",
        "plant_source": "solar"
      }
    },
    {
      "type": "Feature",
      "geometry": {
        "type": "Point",
        "coordinates": [
          -1.6329871,
          51.0509927
        ]
      },
      "properties": {
        "osm_type": "way",
        "osm_id": 997367600,
        "power": "plant",
        "plant_source": "solar"
      }
    },
    {
      "type": "Feature",
      "geometry": {
        "type": "Point",
        "coordinates": [
          1.3167483,
          51.1164648
        ]
      },
      "properties": {
        "osm_type": "way",
        "osm_id": 997561029,
        "power": "plant",
        "plant_source": "solar"
      }
    },
    {
      "type": "Feature",
      "geometry": {
        "type": "Point",
        "coordinates": [
          -1.3443289,
          51.2203475
        ]
      },
      "properties": {
        "osm_type": "way",
        "osm_id": 999503875,
        "power": "plant",
        "plant_source": "solar"
      }
    },
    {
      "type": "Feature",
      "geometry": {
        "type": "Point",
        "coordinates": [
          -2.8855982,
          56.3673694
        ]
      },
      "properties": {
        "osm_type": "way",
        "osm_id": 1000069360,
        "operator": "University of St Andrews",
        "capacity_mw": 1.0,
        "power": "plant",
        "plant_source": "solar"
      }
    },
    {
      "type": "Feature",
      "geometry": {
        "type": "Point",
        "coordinates": [
          -2.4371118,
          51.7300714
        ]
      },
      "properties": {
        "osm_type": "way",
        "osm_id": 1000545694,
        "power": "plant",
        "plant_source": "solar"
      }
    },
    {
      "type": "Feature",
      "geometry": {
        "type": "Point",
        "coordinates": [
          -0.5018924,
          53.0108096
        ]
      },
      "properties": {
        "osm_type": "way",
        "osm_id": 1005326708,
        "name": "Ermine Street Solar Farm",
        "capacity_mw": 32.5,
        "power": "plant",
        "plant_source": "solar"
      }
    },
    {
      "type": "Feature",
      "geometry": {
        "type": "Point",
        "coordinates": [
          -3.6862801,
          53.2681467
        ]
      },
      "properties": {
        "osm_type": "way",
        "osm_id": 1005539742,
        "power": "plant",
        "plant_source": "solar"
      }
    },
    {
      "type": "Feature",
      "geometry": {
        "type": "Point",
        "coordinates": [
          -4.2988649,
          53.2464799
        ]
      },
      "properties": {
        "osm_type": "way",
        "osm_id": 1006170942,
        "power": "plant",
        "plant_source": "solar"
      }
    },
    {
      "type": "Feature",
      "geometry": {
        "type": "Point",
        "coordinates": [
          -1.9971073,
          52.415133
        ]
      },
      "properties": {
        "osm_type": "way",
        "osm_id": 1008096557,
        "power": "plant",
        "plant_source": "solar"
      }
    },
    {
      "type": "Feature",
      "geometry": {
        "type": "Point",
        "coordinates": [
          -3.4133363,
          52.5115035
        ]
      },
      "properties": {
        "osm_type": "way",
        "osm_id": 1009729809,
        "power": "plant",
        "plant_source": "solar"
      }
    },
    {
      "type": "Feature",
      "geometry": {
        "type": "Point",
        "coordinates": [
          -1.421975,
          52.253717
        ]
      },
      "properties": {
        "osm_type": "way",
        "osm_id": 1009902347,
        "power": "plant",
        "plant_source": "solar"
      }
    },
    {
      "type": "Feature",
      "geometry": {
        "type": "Point",
        "coordinates": [
          -2.0603872,
          52.3971515
        ]
      },
      "properties": {
        "osm_type": "way",
        "osm_id": 1011819697,
        "power": "plant",
        "plant_source": "solar"
      }
    },
    {
      "type": "Feature",
      "geometry": {
        "type": "Point",
        "coordinates": [
          -0.3970808,
          51.0674746
        ]
      },
      "properties": {
        "osm_type": "way",
        "osm_id": 1013263784,
        "power": "plant",
        "plant_source": "solar"
      }
    },
    {
      "type": "Feature",
      "geometry": {
        "type": "Point",
        "coordinates": [
          -7.7948818,
          52.122313
        ]
      },
      "properties": {
        "osm_type": "way",
        "osm_id": 1017025983,
        "name": "Proposed Drumroe East Solar Farm",
        "operator": "Sunrise Energy Supply Limited (Highfield Energy)",
        "capacity_mw": 15.0,
        "plant_source": "solar"
      }
    },
    {
      "type": "Feature",
      "geometry": {
        "type": "Point",
        "coordinates": [
          -2.84199,
          54.8971487
        ]
      },
      "properties": {
        "osm_type": "way",
        "osm_id": 1020563304,
        "power": "plant",
        "plant_source": "solar"
      }
    },
    {
      "type": "Feature",
      "geometry": {
        "type": "Point",
        "coordinates": [
          0.7360708,
          52.627956
        ]
      },
      "properties": {
        "osm_type": "way",
        "osm_id": 1021694309,
        "power": "plant",
        "plant_source": "solar"
      }
    },
    {
      "type": "Feature",
      "geometry": {
        "type": "Point",
        "coordinates": [
          0.7374314,
          52.6287158
        ]
      },
      "properties": {
        "osm_type": "way",
        "osm_id": 1021694310,
        "power": "plant",
        "plant_source": "solar"
      }
    },
    {
      "type": "Feature",
      "geometry": {
        "type": "Point",
        "coordinates": [
          0.738298,
          52.6290274
        ]
      },
      "properties": {
        "osm_type": "way",
        "osm_id": 1021694311,
        "power": "plant",
        "plant_source": "solar"
      }
    },
    {
      "type": "Feature",
      "geometry": {
        "type": "Point",
        "coordinates": [
          -1.3711252,
          53.2257685
        ]
      },
      "properties": {
        "osm_type": "way",
        "osm_id": 1021996337,
        "power": "plant",
        "plant_source": "solar"
      }
    },
    {
      "type": "Feature",
      "geometry": {
        "type": "Point",
        "coordinates": [
          -0.4200559,
          51.3060564
        ]
      },
      "properties": {
        "osm_type": "way",
        "osm_id": 1022605628,
        "power": "plant",
        "plant_source": "solar"
      }
    },
    {
      "type": "Feature",
      "geometry": {
        "type": "Point",
        "coordinates": [
          -0.2191958,
          51.6716019
        ]
      },
      "properties": {
        "osm_type": "way",
        "osm_id": 1024287358,
        "power": "plant",
        "plant_source": "solar"
      }
    },
    {
      "type": "Feature",
      "geometry": {
        "type": "Point",
        "coordinates": [
          -1.5914418,
          54.6040131
        ]
      },
      "properties": {
        "osm_type": "way",
        "osm_id": 1025346864,
        "power": "plant",
        "plant_source": "solar"
      }
    },
    {
      "type": "Feature",
      "geometry": {
        "type": "Point",
        "coordinates": [
          -2.3513858,
          53.4340691
        ]
      },
      "properties": {
        "osm_type": "way",
        "osm_id": 1026427712,
        "power": "plant",
        "plant_source": "solar"
      }
    },
    {
      "type": "Feature",
      "geometry": {
        "type": "Point",
        "coordinates": [
          -2.8676337,
          53.1688798
        ]
      },
      "properties": {
        "osm_type": "way",
        "osm_id": 1029059039,
        "power": "plant",
        "plant_source": "solar"
      }
    },
    {
      "type": "Feature",
      "geometry": {
        "type": "Point",
        "coordinates": [
          -2.8687236,
          53.1696326
        ]
      },
      "properties": {
        "osm_type": "way",
        "osm_id": 1029059040,
        "power": "plant",
        "plant_source": "solar"
      }
    },
    {
      "type": "Feature",
      "geometry": {
        "type": "Point",
        "coordinates": [
          -2.8738684,
          53.1666365
        ]
      },
      "properties": {
        "osm_type": "way",
        "osm_id": 1029059041,
        "power": "plant",
        "plant_source": "solar"
      }
    },
    {
      "type": "Feature",
      "geometry": {
        "type": "Point",
        "coordinates": [
          -2.8755084,
          53.16883
        ]
      },
      "properties": {
        "osm_type": "way",
        "osm_id": 1029059042,
        "power": "plant",
        "plant_source": "solar"
      }
    },
    {
      "type": "Feature",
      "geometry": {
        "type": "Point",
        "coordinates": [
          -2.8765057,
          53.1700127
        ]
      },
      "properties": {
        "osm_type": "way",
        "osm_id": 1029059044,
        "power": "plant",
        "plant_source": "solar"
      }
    },
    {
      "type": "Feature",
      "geometry": {
        "type": "Point",
        "coordinates": [
          -2.8745411,
          53.1702069
        ]
      },
      "properties": {
        "osm_type": "way",
        "osm_id": 1029059045,
        "power": "plant",
        "plant_source": "solar"
      }
    },
    {
      "type": "Feature",
      "geometry": {
        "type": "Point",
        "coordinates": [
          -0.2483896,
          50.9934545
        ]
      },
      "properties": {
        "osm_type": "way",
        "osm_id": 1030124059,
        "name": "Solar Array",
        "power": "plant",
        "plant_source": "solar"
      }
    },
    {
      "type": "Feature",
      "geometry": {
        "type": "Point",
        "coordinates": [
          -1.3381812,
          51.0065669
        ]
      },
      "properties": {
        "osm_type": "way",
        "osm_id": 1033172636,
        "power": "plant",
        "plant_source": "solar"
      }
    },
    {
      "type": "Feature",
      "geometry": {
        "type": "Point",
        "coordinates": [
          -5.4928973,
          50.1968752
        ]
      },
      "properties": {
        "osm_type": "way",
        "osm_id": 1033540737,
        "power": "plant",
        "plant_source": "solar"
      }
    },
    {
      "type": "Feature",
      "geometry": {
        "type": "Point",
        "coordinates": [
          -1.7822099,
          54.686245
        ]
      },
      "properties": {
        "osm_type": "way",
        "osm_id": 1035452471,
        "power": "plant",
        "plant_source": "solar"
      }
    },
    {
      "type": "Feature",
      "geometry": {
        "type": "Point",
        "coordinates": [
          -0.8130835,
          52.307417
        ]
      },
      "properties": {
        "osm_type": "way",
        "osm_id": 1036115359,
        "power": "plant",
        "plant_source": "solar"
      }
    },
    {
      "type": "Feature",
      "geometry": {
        "type": "Point",
        "coordinates": [
          -0.3972241,
          53.8076142
        ]
      },
      "properties": {
        "osm_type": "way",
        "osm_id": 1039345333,
        "power": "plant",
        "plant_source": "solar"
      }
    },
    {
      "type": "Feature",
      "geometry": {
        "type": "Point",
        "coordinates": [
          -0.3960211,
          53.8079903
        ]
      },
      "properties": {
        "osm_type": "way",
        "osm_id": 1039345334,
        "power": "plant",
        "plant_source": "solar"
      }
    },
    {
      "type": "Feature",
      "geometry": {
        "type": "Point",
        "coordinates": [
          -1.490297,
          51.9203131
        ]
      },
      "properties": {
        "osm_type": "way",
        "osm_id": 1039409753,
        "power": "plant",
        "plant_source": "solar"
      }
    },
    {
      "type": "Feature",
      "geometry": {
        "type": "Point",
        "coordinates": [
          -0.0721443,
          53.4004381
        ]
      },
      "properties": {
        "osm_type": "way",
        "osm_id": 1039694344,
        "power": "plant",
        "plant_source": "solar"
      }
    },
    {
      "type": "Feature",
      "geometry": {
        "type": "Point",
        "coordinates": [
          -6.1295925,
          53.5408881
        ]
      },
      "properties": {
        "osm_type": "way",
        "osm_id": 1043287027,
        "name": "Proposed Featherbed Lane Solar Farm",
        "operator": "JBM Solar Developments Ltd",
        "power": "proposed",
        "plant_source": "solar"
      }
    },
    {
      "type": "Feature",
      "geometry": {
        "type": "Point",
        "coordinates": [
          -7.3236833,
          53.1055171
        ]
      },
      "properties": {
        "osm_type": "way",
        "osm_id": 1043287300,
        "name": "Proposed Sronagh Solar Farm",
        "operator": "JBM Solar Developments Limited",
        "plant_source": "solar"
      }
    },
    {
      "type": "Feature",
      "geometry": {
        "type": "Point",
        "coordinates": [
          -7.2795468,
          53.016869
        ]
      },
      "properties": {
        "osm_type": "way",
        "osm_id": 1043288252,
        "name": "Proposed Rathleague Solar Farm",
        "operator": "BNRGN Mothel Ltd",
        "capacity_mw": 30.0,
        "plant_source": "solar"
      }
    },
    {
      "type": "Feature",
      "geometry": {
        "type": "Point",
        "coordinates": [
          -4.4121145,
          55.8930421
        ]
      },
      "properties": {
        "osm_type": "way",
        "osm_id": 1043827959,
        "power": "plant",
        "plant_source": "solar"
      }
    },
    {
      "type": "Feature",
      "geometry": {
        "type": "Point",
        "coordinates": [
          -1.4887304,
          53.9552458
        ]
      },
      "properties": {
        "osm_type": "way",
        "osm_id": 1043856339,
        "power": "plant",
        "plant_source": "solar"
      }
    },
    {
      "type": "Feature",
      "geometry": {
        "type": "Point",
        "coordinates": [
          -0.7182774,
          53.0699685
        ]
      },
      "properties": {
        "osm_type": "way",
        "osm_id": 1049686866,
        "power": "plant",
        "plant_source": "solar"
      }
    },
    {
      "type": "Feature",
      "geometry": {
        "type": "Point",
        "coordinates": [
          -3.2808066,
          59.0711456
        ]
      },
      "properties": {
        "osm_type": "way",
        "osm_id": 1051146232,
        "power": "plant",
        "plant_source": "solar"
      }
    },
    {
      "type": "Feature",
      "geometry": {
        "type": "Point",
        "coordinates": [
          -6.4472202,
          53.6443005
        ]
      },
      "properties": {
        "osm_type": "way",
        "osm_id": 1051166562,
        "name": "Gaskinstown Solar Farm",
        "operator": "Highfield Solar",
        "capacity_mw": 70.0,
        "power": "plant",
        "plant_source": "solar"
      }
    },
    {
      "type": "Feature",
      "geometry": {
        "type": "Point",
        "coordinates": [
          -2.9216342,
          53.4589147
        ]
      },
      "properties": {
        "osm_type": "way",
        "osm_id": 1053370162,
        "power": "plant",
        "plant_source": "solar"
      }
    },
    {
      "type": "Feature",
      "geometry": {
        "type": "Point",
        "coordinates": [
          -2.9191904,
          53.4593192
        ]
      },
      "properties": {
        "osm_type": "way",
        "osm_id": 1053370163,
        "power": "plant",
        "plant_source": "solar"
      }
    },
    {
      "type": "Feature",
      "geometry": {
        "type": "Point",
        "coordinates": [
          -2.9204522,
          53.4633442
        ]
      },
      "properties": {
        "osm_type": "way",
        "osm_id": 1053370217,
        "power": "plant",
        "plant_source": "solar"
      }
    },
    {
      "type": "Feature",
      "geometry": {
        "type": "Point",
        "coordinates": [
          -0.0173614,
          52.2444479
        ]
      },
      "properties": {
        "osm_type": "way",
        "osm_id": 1053619666,
        "name": "Stargoose",
        "operator": "StatKraft",
        "capacity_mw": 50.0,
        "power": "plant",
        "plant_source": "solar"
      }
    },
    {
      "type": "Feature",
      "geometry": {
        "type": "Point",
        "coordinates": [
          -0.3836241,
          51.0513658
        ]
      },
      "properties": {
        "osm_type": "way",
        "osm_id": 1053625777,
        "power": "plant",
        "plant_source": "solar"
      }
    },
    {
      "type": "Feature",
      "geometry": {
        "type": "Point",
        "coordinates": [
          0.2103522,
          53.1392651
        ]
      },
      "properties": {
        "osm_type": "way",
        "osm_id": 1054281769,
        "name": "Lincoln Farm",
        "operator": "juwi Renewable Energies",
        "capacity_mw": 11.4,
        "power": "plant",
        "plant_source": "solar"
      }
    },
    {
      "type": "Feature",
      "geometry": {
        "type": "Point",
        "coordinates": [
          0.2119482,
          53.1441246
        ]
      },
      "properties": {
        "osm_type": "way",
        "osm_id": 1054281770,
        "name": "Lincoln Farm",
        "operator": "juwi Renewable Energies",
        "capacity_mw": 11.4,
        "power": "plant",
        "plant_source": "solar"
      }
    },
    {
      "type": "Feature",
      "geometry": {
        "type": "Point",
        "coordinates": [
          0.2070732,
          53.1426575
        ]
      },
      "properties": {
        "osm_type": "way",
        "osm_id": 1054281771,
        "name": "Lincoln Farm",
        "operator": "juwi Renewable Energies",
        "capacity_mw": 11.4,
        "power": "plant",
        "plant_source": "solar"
      }
    },
    {
      "type": "Feature",
      "geometry": {
        "type": "Point",
        "coordinates": [
          -0.134965,
          53.5324467
        ]
      },
      "properties": {
        "osm_type": "way",
        "osm_id": 1055092682,
        "name": "Low Farm Solar Array",
        "operator": "Wirsol / Island Green Power",
        "capacity_mw": 20.0,
        "power": "plant",
        "plant_source": "solar"
      }
    },
    {
      "type": "Feature",
      "geometry": {
        "type": "Point",
        "coordinates": [
          -6.1102129,
          52.9945885
        ]
      },
      "properties": {
        "osm_type": "way",
        "osm_id": 1055962441,
        "name": "Millvale Solar Farm",
        "operator": "BNRGN Millvale Ltd (Bord G\u00e1is Energy;Neoen)",
        "capacity_mw": 15.0,
        "power": "plant",
        "plant_source": "solar"
      }
    },
    {
      "type": "Feature",
      "geometry": {
        "type": "Point",
        "coordinates": [
          -3.4005611,
          51.0694951
        ]
      },
      "properties": {
        "osm_type": "way",
        "osm_id": 1056166706,
        "power": "plant",
        "plant_source": "solar"
      }
    },
    {
      "type": "Feature",
      "geometry": {
        "type": "Point",
        "coordinates": [
          -3.4091167,
          51.0676854
        ]
      },
      "properties": {
        "osm_type": "way",
        "osm_id": 1056166717,
        "power": "plant",
        "plant_source": "solar"
      }
    },
    {
      "type": "Feature",
      "geometry": {
        "type": "Point",
        "coordinates": [
          0.363836,
          51.9626233
        ]
      },
      "properties": {
        "osm_type": "way",
        "osm_id": 1066821723,
        "name": "Terriers Farm",
        "operator": "Low Carbon",
        "capacity_mw": 44.0,
        "power": "plant",
        "plant_source": "solar"
      }
    },
    {
      "type": "Feature",
      "geometry": {
        "type": "Point",
        "coordinates": [
          -4.4828265,
          54.9491345
        ]
      },
      "properties": {
        "osm_type": "way",
        "osm_id": 1067434332,
        "power": "plant",
        "plant_source": "solar"
      }
    },
    {
      "type": "Feature",
      "geometry": {
        "type": "Point",
        "coordinates": [
          -1.6102743,
          54.5337186
        ]
      },
      "properties": {
        "osm_type": "way",
        "osm_id": 1070767609,
        "power": "plant",
        "plant_source": "solar"
      }
    },
    {
      "type": "Feature",
      "geometry": {
        "type": "Point",
        "coordinates": [
          0.4001619,
          51.2597286
        ]
      },
      "properties": {
        "osm_type": "way",
        "osm_id": 1075979683,
        "power": "plant",
        "plant_source": "solar"
      }
    },
    {
      "type": "Feature",
      "geometry": {
        "type": "Point",
        "coordinates": [
          -2.6069436,
          52.0028582
        ]
      },
      "properties": {
        "osm_type": "way",
        "osm_id": 1084570345,
        "power": "plant",
        "plant_source": "solar"
      }
    },
    {
      "type": "Feature",
      "geometry": {
        "type": "Point",
        "coordinates": [
          -2.3208607,
          54.9771256
        ]
      },
      "properties": {
        "osm_type": "way",
        "osm_id": 1086443543,
        "power": "plant",
        "plant_source": "solar"
      }
    },
    {
      "type": "Feature",
      "geometry": {
        "type": "Point",
        "coordinates": [
          -2.3208521,
          54.9770319
        ]
      },
      "properties": {
        "osm_type": "way",
        "osm_id": 1086443544,
        "power": "plant",
        "plant_source": "solar"
      }
    },
    {
      "type": "Feature",
      "geometry": {
        "type": "Point",
        "coordinates": [
          -1.2621859,
          54.6243388
        ]
      },
      "properties": {
        "osm_type": "way",
        "osm_id": 1089442528,
        "capacity_mw": 0.1,
        "power": "plant",
        "plant_source": "solar"
      }
    },
    {
      "type": "Feature",
      "geometry": {
        "type": "Point",
        "coordinates": [
          -3.1927139,
          55.8695676
        ]
      },
      "properties": {
        "osm_type": "way",
        "osm_id": 1089677241,
        "capacity_mw": 0.56,
        "power": "plant",
        "plant_source": "solar"
      }
    },
    {
      "type": "Feature",
      "geometry": {
        "type": "Point",
        "coordinates": [
          -4.2974843,
          50.6474027
        ]
      },
      "properties": {
        "osm_type": "way",
        "osm_id": 1090811075,
        "power": "plant",
        "plant_source": "solar"
      }
    },
    {
      "type": "Feature",
      "geometry": {
        "type": "Point",
        "coordinates": [
          -3.1519871,
          56.156148
        ]
      },
      "properties": {
        "osm_type": "way",
        "osm_id": 1096332424,
        "power": "plant",
        "plant_source": "solar"
      }
    },
    {
      "type": "Feature",
      "geometry": {
        "type": "Point",
        "coordinates": [
          -7.0400936,
          53.8017088
        ]
      },
      "properties": {
        "osm_type": "way",
        "osm_id": 1097239465,
        "power": "plant",
        "plant_source": "solar"
      }
    },
    {
      "type": "Feature",
      "geometry": {
        "type": "Point",
        "coordinates": [
          1.3905425,
          51.3752663
        ]
      },
      "properties": {
        "osm_type": "way",
        "osm_id": 1098108520,
        "power": "plant",
        "plant_source": "solar"
      }
    },
    {
      "type": "Feature",
      "geometry": {
        "type": "Point",
        "coordinates": [
          -3.1418574,
          53.2576447
        ]
      },
      "properties": {
        "osm_type": "way",
        "osm_id": 1098626507,
        "power": "plant",
        "plant_source": "solar"
      }
    },
    {
      "type": "Feature",
      "geometry": {
        "type": "Point",
        "coordinates": [
          -3.1408325,
          53.2570037
        ]
      },
      "properties": {
        "osm_type": "way",
        "osm_id": 1098626508,
        "power": "plant",
        "plant_source": "solar"
      }
    },
    {
      "type": "Feature",
      "geometry": {
        "type": "Point",
        "coordinates": [
          -3.1398763,
          53.2572886
        ]
      },
      "properties": {
        "osm_type": "way",
        "osm_id": 1098626509,
        "power": "plant",
        "plant_source": "solar"
      }
    },
    {
      "type": "Feature",
      "geometry": {
        "type": "Point",
        "coordinates": [
          -3.1388727,
          53.2562341
        ]
      },
      "properties": {
        "osm_type": "way",
        "osm_id": 1098626510,
        "power": "plant",
        "plant_source": "solar"
      }
    },
    {
      "type": "Feature",
      "geometry": {
        "type": "Point",
        "coordinates": [
          -0.301571,
          50.984443
        ]
      },
      "properties": {
        "osm_type": "way",
        "osm_id": 1103954007,
        "power": "plant",
        "plant_source": "solar"
      }
    },
    {
      "type": "Feature",
      "geometry": {
        "type": "Point",
        "coordinates": [
          -2.9667984,
          52.7855739
        ]
      },
      "properties": {
        "osm_type": "way",
        "osm_id": 1104815079,
        "power": "plant",
        "plant_source": "solar"
      }
    },
    {
      "type": "Feature",
      "geometry": {
        "type": "Point",
        "coordinates": [
          -3.2091386,
          51.8977342
        ]
      },
      "properties": {
        "osm_type": "way",
        "osm_id": 1104816273,
        "power": "plant",
        "plant_source": "solar"
      }
    },
    {
      "type": "Feature",
      "geometry": {
        "type": "Point",
        "coordinates": [
          -0.7963821,
          51.2320897
        ]
      },
      "properties": {
        "osm_type": "way",
        "osm_id": 1107143763,
        "power": "plant",
        "plant_source": "solar"
      }
    },
    {
      "type": "Feature",
      "geometry": {
        "type": "Point",
        "coordinates": [
          -2.2029146,
          51.4448233
        ]
      },
      "properties": {
        "osm_type": "way",
        "osm_id": 1108013448,
        "name": "Hartham Park Community Energy",
        "power": "plant",
        "plant_source": "solar"
      }
    },
    {
      "type": "Feature",
      "geometry": {
        "type": "Point",
        "coordinates": [
          -0.3384482,
          50.9482329
        ]
      },
      "properties": {
        "osm_type": "way",
        "osm_id": 1109822778,
        "power": "plant",
        "plant_source": "solar"
      }
    },
    {
      "type": "Feature",
      "geometry": {
        "type": "Point",
        "coordinates": [
          -7.2045316,
          53.8508284
        ]
      },
      "properties": {
        "osm_type": "way",
        "osm_id": 1112066386,
        "name": "Liffey Meats Solar Farm",
        "power": "plant",
        "plant_source": "solar"
      }
    },
    {
      "type": "Feature",
      "geometry": {
        "type": "Point",
        "coordinates": [
          -1.286719,
          51.2165379
        ]
      },
      "properties": {
        "osm_type": "way",
        "osm_id": 1117229795,
        "power": "plant",
        "plant_source": "solar"
      }
    },
    {
      "type": "Feature",
      "geometry": {
        "type": "Point",
        "coordinates": [
          -2.8837959,
          54.8981706
        ]
      },
      "properties": {
        "osm_type": "way",
        "osm_id": 1117510352,
        "power": "plant",
        "plant_source": "solar"
      }
    },
    {
      "type": "Feature",
      "geometry": {
        "type": "Point",
        "coordinates": [
          0.9057559,
          52.2555166
        ]
      },
      "properties": {
        "osm_type": "way",
        "osm_id": 1117595287,
        "power": "plant",
        "plant_source": "solar"
      }
    },
    {
      "type": "Feature",
      "geometry": {
        "type": "Point",
        "coordinates": [
          -1.3174466,
          54.7282911
        ]
      },
      "properties": {
        "osm_type": "way",
        "osm_id": 1117895649,
        "name": "Hulam Solar",
        "operator": "Lightsource BP",
        "capacity_mw": 50.0,
        "plant_source": "solar"
      }
    },
    {
      "type": "Feature",
      "geometry": {
        "type": "Point",
        "coordinates": [
          -1.3115968,
          50.9454468
        ]
      },
      "properties": {
        "osm_type": "way",
        "osm_id": 1119043079,
        "power": "plant",
        "plant_source": "solar"
      }
    },
    {
      "type": "Feature",
      "geometry": {
        "type": "Point",
        "coordinates": [
          -7.2094321,
          53.8448462
        ]
      },
      "properties": {
        "osm_type": "way",
        "osm_id": 1122048550,
        "power": "plant",
        "plant_source": "solar"
      }
    },
    {
      "type": "Feature",
      "geometry": {
        "type": "Point",
        "coordinates": [
          0.1379306,
          51.5079353
        ]
      },
      "properties": {
        "osm_type": "way",
        "osm_id": 1122785112,
        "name": "Crossness Sewage Works PV",
        "operator": "Thames Water Utilities",
        "capacity_mw": 1.5,
        "power": "plant",
        "plant_source": "solar"
      }
    },
    {
      "type": "Feature",
      "geometry": {
        "type": "Point",
        "coordinates": [
          -2.1470556,
          52.0700957
        ]
      },
      "properties": {
        "osm_type": "way",
        "osm_id": 1122855747,
        "name": "Glebe Farm Solar Farm",
        "operator": "NextEnergy Capital LLP",
        "capacity_mw": 32.0,
        "power": "plant",
        "plant_source": "solar"
      }
    },
    {
      "type": "Feature",
      "geometry": {
        "type": "Point",
        "coordinates": [
          0.3219389,
          52.2947013
        ]
      },
      "properties": {
        "osm_type": "way",
        "osm_id": 1122856189,
        "name": "Goosehall Solar Farm",
        "operator": "Lightsource Renewable Energy",
        "capacity_mw": 39.5,
        "power": "plant",
        "plant_source": "solar"
      }
    },
    {
      "type": "Feature",
      "geometry": {
        "type": "Point",
        "coordinates": [
          -1.9224535,
          51.7110811
        ]
      },
      "properties": {
        "osm_type": "way",
        "osm_id": 1122930955,
        "name": "Cirencester Solar Farm",
        "operator": "Rock Fire Energy",
        "capacity_mw": 23.0,
        "power": "plant",
        "plant_source": "solar"
      }
    },
    {
      "type": "Feature",
      "geometry": {
        "type": "Point",
        "coordinates": [
          -1.1698713,
          54.4775661
        ]
      },
      "properties": {
        "osm_type": "way",
        "osm_id": 1123314151,
        "power": "plant",
        "plant_source": "solar"
      }
    },
    {
      "type": "Feature",
      "geometry": {
        "type": "Point",
        "coordinates": [
          -3.4275873,
          50.8575365
        ]
      },
      "properties": {
        "osm_type": "way",
        "osm_id": 1124950876,
        "power": "plant",
        "plant_source": "solar"
      }
    },
    {
      "type": "Feature",
      "geometry": {
        "type": "Point",
        "coordinates": [
          -1.2137523,
          54.688065
        ]
      },
      "properties": {
        "osm_type": "way",
        "osm_id": 1125255200,
        "operator": "Morrisons",
        "capacity_mw": 0.6,
        "power": "plant",
        "plant_source": "solar"
      }
    },
    {
      "type": "Feature",
      "geometry": {
        "type": "Point",
        "coordinates": [
          -6.3867125,
          53.4731107
        ]
      },
      "properties": {
        "osm_type": "way",
        "osm_id": 1126429691,
        "name": "Muckerstown Solar Farm",
        "operator": "Statkraft",
        "capacity_mw": 48.0,
        "power": "plant",
        "plant_source": "solar"
      }
    },
    {
      "type": "Feature",
      "geometry": {
        "type": "Point",
        "coordinates": [
          -6.7938477,
          53.3775044
        ]
      },
      "properties": {
        "osm_type": "way",
        "osm_id": 1127876123,
        "name": "Hortland Solar Farm",
        "operator": "Neoen",
        "capacity_mw": 25.0,
        "power": "plant",
        "plant_source": "solar"
      }
    },
    {
      "type": "Feature",
      "geometry": {
        "type": "Point",
        "coordinates": [
          0.2362819,
          52.3235383
        ]
      },
      "properties": {
        "osm_type": "way",
        "osm_id": 1127895996,
        "power": "plant",
        "plant_source": "solar"
      }
    },
    {
      "type": "Feature",
      "geometry": {
        "type": "Point",
        "coordinates": [
          0.2425808,
          52.3231715
        ]
      },
      "properties": {
        "osm_type": "way",
        "osm_id": 1127901617,
        "power": "plant",
        "plant_source": "solar"
      }
    },
    {
      "type": "Feature",
      "geometry": {
        "type": "Point",
        "coordinates": [
          0.2476765,
          52.3216083
        ]
      },
      "properties": {
        "osm_type": "way",
        "osm_id": 1127901618,
        "power": "plant",
        "plant_source": "solar"
      }
    },
    {
      "type": "Feature",
      "geometry": {
        "type": "Point",
        "coordinates": [
          0.2506035,
          52.329068
        ]
      },
      "properties": {
        "osm_type": "way",
        "osm_id": 1127901619,
        "power": "plant",
        "plant_source": "solar"
      }
    },
    {
      "type": "Feature",
      "geometry": {
        "type": "Point",
        "coordinates": [
          0.2479156,
          52.330602
        ]
      },
      "properties": {
        "osm_type": "way",
        "osm_id": 1127901620,
        "power": "plant",
        "plant_source": "solar"
      }
    },
    {
      "type": "Feature",
      "geometry": {
        "type": "Point",
        "coordinates": [
          0.2496349,
          52.3321863
        ]
      },
      "properties": {
        "osm_type": "way",
        "osm_id": 1127901621,
        "power": "plant",
        "plant_source": "solar"
      }
    },
    {
      "type": "Feature",
      "geometry": {
        "type": "Point",
        "coordinates": [
          0.2509023,
          52.33453
        ]
      },
      "properties": {
        "osm_type": "way",
        "osm_id": 1127901622,
        "power": "plant",
        "plant_source": "solar"
      }
    },
    {
      "type": "Feature",
      "geometry": {
        "type": "Point",
        "coordinates": [
          0.2463855,
          52.3398306
        ]
      },
      "properties": {
        "osm_type": "way",
        "osm_id": 1127901623,
        "power": "plant",
        "plant_source": "solar"
      }
    },
    {
      "type": "Feature",
      "geometry": {
        "type": "Point",
        "coordinates": [
          0.2652273,
          52.3623084
        ]
      },
      "properties": {
        "osm_type": "way",
        "osm_id": 1127906817,
        "power": "plant",
        "plant_source": "solar"
      }
    },
    {
      "type": "Feature",
      "geometry": {
        "type": "Point",
        "coordinates": [
          0.2622413,
          52.3598477
        ]
      },
      "properties": {
        "osm_type": "way",
        "osm_id": 1127906818,
        "power": "plant",
        "plant_source": "solar"
      }
    },
    {
      "type": "Feature",
      "geometry": {
        "type": "Point",
        "coordinates": [
          0.2475322,
          52.2840913
        ]
      },
      "properties": {
        "osm_type": "way",
        "osm_id": 1127911476,
        "power": "plant",
        "plant_source": "solar"
      }
    },
    {
      "type": "Feature",
      "geometry": {
        "type": "Point",
        "coordinates": [
          0.2464841,
          52.2799049
        ]
      },
      "properties": {
        "osm_type": "way",
        "osm_id": 1127911477,
        "power": "plant",
        "plant_source": "solar"
      }
    },
    {
      "type": "Feature",
      "geometry": {
        "type": "Point",
        "coordinates": [
          0.2482884,
          52.2711617
        ]
      },
      "properties": {
        "osm_type": "way",
        "osm_id": 1127915005,
        "power": "plant",
        "plant_source": "solar"
      }
    },
    {
      "type": "Feature",
      "geometry": {
        "type": "Point",
        "coordinates": [
          -6.4240872,
          53.5756896
        ]
      },
      "properties": {
        "osm_type": "way",
        "osm_id": 1128026531,
        "name": "Hilltown Solar Farm",
        "operator": "Neoen",
        "capacity_mw": 18.0,
        "power": "plant",
        "plant_source": "solar"
      }
    },
    {
      "type": "Feature",
      "geometry": {
        "type": "Point",
        "coordinates": [
          -0.4387365,
          53.8758546
        ]
      },
      "properties": {
        "osm_type": "way",
        "osm_id": 1128186691,
        "operator": "Defence School of Transport",
        "capacity_mw": 2.2,
        "power": "plant",
        "plant_source": "solar"
      }
    },
    {
      "type": "Feature",
      "geometry": {
        "type": "Point",
        "coordinates": [
          -2.5600255,
          57.0587197
        ]
      },
      "properties": {
        "osm_type": "way",
        "osm_id": 1129803149,
        "power": "plant",
        "plant_source": "solar"
      }
    },
    {
      "type": "Feature",
      "geometry": {
        "type": "Point",
        "coordinates": [
          -1.1073716,
          52.0289499
        ]
      },
      "properties": {
        "osm_type": "way",
        "osm_id": 1134508333,
        "name": "Oately's Farm",
        "power": "plant",
        "plant_source": "solar"
      }
    },
    {
      "type": "Feature",
      "geometry": {
        "type": "Point",
        "coordinates": [
          -2.2986282,
          53.5655863
        ]
      },
      "properties": {
        "osm_type": "way",
        "osm_id": 1138259225,
        "power": "plant",
        "plant_source": "solar"
      }
    },
    {
      "type": "Feature",
      "geometry": {
        "type": "Point",
        "coordinates": [
          -1.4095882,
          51.7795984
        ]
      },
      "properties": {
        "osm_type": "way",
        "osm_id": 1143614067,
        "name": "Aurora Solar Farm",
        "capacity_mw": 31.9,
        "power": "plant",
        "plant_source": "solar"
      }
    },
    {
      "type": "Feature",
      "geometry": {
        "type": "Point",
        "coordinates": [
          -2.1857935,
          52.2536115
        ]
      },
      "properties": {
        "osm_type": "way",
        "osm_id": 1144516359,
        "power": "plant",
        "plant_source": "solar"
      }
    },
    {
      "type": "Feature",
      "geometry": {
        "type": "Point",
        "coordinates": [
          -2.4541638,
          51.7362327
        ]
      },
      "properties": {
        "osm_type": "way",
        "osm_id": 1144635306,
        "power": "plant",
        "plant_source": "solar"
      }
    },
    {
      "type": "Feature",
      "geometry": {
        "type": "Point",
        "coordinates": [
          -0.7980865,
          51.3420793
        ]
      },
      "properties": {
        "osm_type": "way",
        "osm_id": 1146818924,
        "power": "plant",
        "plant_source": "solar"
      }
    },
    {
      "type": "Feature",
      "geometry": {
        "type": "Point",
        "coordinates": [
          -1.2346395,
          54.5736942
        ]
      },
      "properties": {
        "osm_type": "way",
        "osm_id": 1147385723,
        "capacity_mw": 0.18,
        "power": "plant",
        "plant_source": "solar"
      }
    },
    {
      "type": "Feature",
      "geometry": {
        "type": "Point",
        "coordinates": [
          -2.7929097,
          53.595758
        ]
      },
      "properties": {
        "osm_type": "way",
        "osm_id": 1147746502,
        "power": "plant",
        "plant_source": "solar"
      }
    },
    {
      "type": "Feature",
      "geometry": {
        "type": "Point",
        "coordinates": [
          -2.7897001,
          53.5980529
        ]
      },
      "properties": {
        "osm_type": "way",
        "osm_id": 1147746503,
        "power": "plant",
        "plant_source": "solar"
      }
    },
    {
      "type": "Feature",
      "geometry": {
        "type": "Point",
        "coordinates": [
          -1.5909872,
          54.9664004
        ]
      },
      "properties": {
        "osm_type": "way",
        "osm_id": 1151070695,
        "operator": "Gateshead Energy Company",
        "capacity_mw": 2.7,
        "power": "plant",
        "plant_source": "solar"
      }
    },
    {
      "type": "Feature",
      "geometry": {
        "type": "Point",
        "coordinates": [
          -0.4259741,
          50.963713
        ]
      },
      "properties": {
        "osm_type": "way",
        "osm_id": 1155331119,
        "name": "Solar Arrays",
        "power": "plant",
        "plant_source": "solar"
      }
    },
    {
      "type": "Feature",
      "geometry": {
        "type": "Point",
        "coordinates": [
          -4.8426408,
          50.3442675
        ]
      },
      "properties": {
        "osm_type": "way",
        "osm_id": 1156993274,
        "power": "plant",
        "plant_source": "solar"
      }
    },
    {
      "type": "Feature",
      "geometry": {
        "type": "Point",
        "coordinates": [
          0.9557813,
          51.1140149
        ]
      },
      "properties": {
        "osm_type": "way",
        "osm_id": 1159889483,
        "power": "plant",
        "plant_source": "solar"
      }
    },
    {
      "type": "Feature",
      "geometry": {
        "type": "Point",
        "coordinates": [
          1.0167974,
          51.1660673
        ]
      },
      "properties": {
        "osm_type": "way",
        "osm_id": 1160248046,
        "power": "plant",
        "plant_source": "solar"
      }
    },
    {
      "type": "Feature",
      "geometry": {
        "type": "Point",
        "coordinates": [
          -3.4359649,
          55.9115619
        ]
      },
      "properties": {
        "osm_type": "way",
        "osm_id": 1160627450,
        "power": "plant",
        "plant_source": "solar"
      }
    },
    {
      "type": "Feature",
      "geometry": {
        "type": "Point",
        "coordinates": [
          1.0174085,
          51.1516988
        ]
      },
      "properties": {
        "osm_type": "way",
        "osm_id": 1161146825,
        "power": "plant",
        "plant_source": "solar"
      }
    },
    {
      "type": "Feature",
      "geometry": {
        "type": "Point",
        "coordinates": [
          -0.8213453,
          53.0287186
        ]
      },
      "properties": {
        "osm_type": "way",
        "osm_id": 1161187670,
        "name": "The Grange",
        "operator": "Lightsource BP",
        "capacity_mw": 49.9,
        "power": "plant",
        "plant_source": "solar"
      }
    },
    {
      "type": "Feature",
      "geometry": {
        "type": "Point",
        "coordinates": [
          -0.8101517,
          53.0295439
        ]
      },
      "properties": {
        "osm_type": "way",
        "osm_id": 1161187679,
        "power": "plant",
        "plant_source": "solar"
      }
    },
    {
      "type": "Feature",
      "geometry": {
        "type": "Point",
        "coordinates": [
          1.2349926,
          52.2932875
        ]
      },
      "properties": {
        "osm_type": "way",
        "osm_id": 1164954897,
        "power": "plant",
        "plant_source": "solar"
      }
    },
    {
      "type": "Feature",
      "geometry": {
        "type": "Point",
        "coordinates": [
          -6.1913123,
          54.2410565
        ]
      },
      "properties": {
        "osm_type": "way",
        "osm_id": 1166115936,
        "power": "plant",
        "plant_source": "solar"
      }
    },
    {
      "type": "Feature",
      "geometry": {
        "type": "Point",
        "coordinates": [
          -4.0644761,
          52.4247568
        ]
      },
      "properties": {
        "osm_type": "way",
        "osm_id": 1167846400,
        "capacity_mw": 2.5,
        "power": "plant",
        "plant_source": "solar"
      }
    },
    {
      "type": "Feature",
      "geometry": {
        "type": "Point",
        "coordinates": [
          -2.4781507,
          51.5773467
        ]
      },
      "properties": {
        "osm_type": "way",
        "osm_id": 1168494496,
        "name": "Larks Green Solar Farm",
        "capacity_mw": 50.0,
        "power": "plant",
        "plant_source": "solar"
      }
    },
    {
      "type": "Feature",
      "geometry": {
        "type": "Point",
        "coordinates": [
          -5.9996586,
          54.3822293
        ]
      },
      "properties": {
        "osm_type": "way",
        "osm_id": 1168496194,
        "power": "plant",
        "plant_source": "solar"
      }
    },
    {
      "type": "Feature",
      "geometry": {
        "type": "Point",
        "coordinates": [
          0.3030038,
          52.2840297
        ]
      },
      "properties": {
        "osm_type": "way",
        "osm_id": 1168910658,
        "name": "Burwell Solar Farm",
        "operator": "EDF Renewables",
        "capacity_mw": 49.8,
        "power": "plant",
        "plant_source": "solar"
      }
    },
    {
      "type": "Feature",
      "geometry": {
        "type": "Point",
        "coordinates": [
          -5.0754598,
          56.8388319
        ]
      },
      "properties": {
        "osm_type": "way",
        "osm_id": 1169813950,
        "power": "plant",
        "plant_source": "solar"
      }
    },
    {
      "type": "Feature",
      "geometry": {
        "type": "Point",
        "coordinates": [
          -6.0766654,
          54.0353738
        ]
      },
      "properties": {
        "osm_type": "way",
        "osm_id": 1173092825,
        "power": "plant",
        "plant_source": "solar"
      }
    },
    {
      "type": "Feature",
      "geometry": {
        "type": "Point",
        "coordinates": [
          -6.0750293,
          54.034966
        ]
      },
      "properties": {
        "osm_type": "way",
        "osm_id": 1173092826,
        "power": "plant",
        "plant_source": "solar"
      }
    },
    {
      "type": "Feature",
      "geometry": {
        "type": "Point",
        "coordinates": [
          -2.8089845,
          57.1030034
        ]
      },
      "properties": {
        "osm_type": "way",
        "osm_id": 1173388682,
        "power": "plant",
        "plant_source": "solar"
      }
    },
    {
      "type": "Feature",
      "geometry": {
        "type": "Point",
        "coordinates": [
          -6.5751652,
          53.3320128
        ]
      },
      "properties": {
        "osm_type": "way",
        "osm_id": 1173778876,
        "name": "Pickering Forest Solar Farm",
        "operator": "Elgin Energy Services",
        "capacity_mw": 25.0,
        "power": "plant",
        "plant_source": "solar"
      }
    },
    {
      "type": "Feature",
      "geometry": {
        "type": "Point",
        "coordinates": [
          0.3436584,
          51.9164054
        ]
      },
      "properties": {
        "osm_type": "way",
        "osm_id": 1174364935,
        "power": "plant",
        "plant_source": "solar"
      }
    },
    {
      "type": "Feature",
      "geometry": {
        "type": "Point",
        "coordinates": [
          0.910621,
          51.1417173
        ]
      },
      "properties": {
        "osm_type": "way",
        "osm_id": 1174708656,
        "power": "plant",
        "plant_source": "solar"
      }
    },
    {
      "type": "Feature",
      "geometry": {
        "type": "Point",
        "coordinates": [
          -4.7958504,
          51.7788817
        ]
      },
      "properties": {
        "osm_type": "way",
        "osm_id": 1174960823,
        "name": "Bluestone Solar Farm",
        "power": "plant",
        "plant_source": "solar"
      }
    },
    {
      "type": "Feature",
      "geometry": {
        "type": "Point",
        "coordinates": [
          -1.569053,
          54.1805993
        ]
      },
      "properties": {
        "osm_type": "way",
        "osm_id": 1177562658,
        "power": "plant",
        "plant_source": "solar"
      }
    },
    {
      "type": "Feature",
      "geometry": {
        "type": "Point",
        "coordinates": [
          -1.1597141,
          54.484321
        ]
      },
      "properties": {
        "osm_type": "way",
        "osm_id": 1178094473,
        "power": "plant",
        "plant_source": "solar"
      }
    },
    {
      "type": "Feature",
      "geometry": {
        "type": "Point",
        "coordinates": [
          -4.8023429,
          50.3709053
        ]
      },
      "properties": {
        "osm_type": "way",
        "osm_id": 1183372400,
        "power": "plant",
        "plant_source": "solar"
      }
    },
    {
      "type": "Feature",
      "geometry": {
        "type": "Point",
        "coordinates": [
          0.1459346,
          50.9563457
        ]
      },
      "properties": {
        "osm_type": "way",
        "osm_id": 1184473102,
        "power": "plant",
        "plant_source": "solar"
      }
    },
    {
      "type": "Feature",
      "geometry": {
        "type": "Point",
        "coordinates": [
          -0.0809519,
          52.3013845
        ]
      },
      "properties": {
        "osm_type": "way",
        "osm_id": 1184858320,
        "power": "plant",
        "plant_source": "solar"
      }
    },
    {
      "type": "Feature",
      "geometry": {
        "type": "Point",
        "coordinates": [
          0.3587401,
          52.2856568
        ]
      },
      "properties": {
        "osm_type": "way",
        "osm_id": 1187832990,
        "name": "Breach Solar Farm",
        "capacity_mw": 68.0,
        "power": "plant",
        "plant_source": "solar"
      }
    },
    {
      "type": "Feature",
      "geometry": {
        "type": "Point",
        "coordinates": [
          -0.3296758,
          52.24538
        ]
      },
      "properties": {
        "osm_type": "way",
        "osm_id": 1187840776,
        "name": "High Woods Solar Farm",
        "power": "plant",
        "plant_source": "solar"
      }
    },
    {
      "type": "Feature",
      "geometry": {
        "type": "Point",
        "coordinates": [
          -0.8221266,
          52.0843383
        ]
      },
      "properties": {
        "osm_type": "way",
        "osm_id": 1189699017,
        "power": "plant",
        "plant_source": "solar"
      }
    },
    {
      "type": "Feature",
      "geometry": {
        "type": "Point",
        "coordinates": [
          -0.5740922,
          51.1007261
        ]
      },
      "properties": {
        "osm_type": "way",
        "osm_id": 1189703552,
        "power": "plant",
        "plant_source": "solar"
      }
    },
    {
      "type": "Feature",
      "geometry": {
        "type": "Point",
        "coordinates": [
          -1.2554128,
          52.4397119
        ]
      },
      "properties": {
        "osm_type": "way",
        "osm_id": 1189807655,
        "name": "Streetfields Solar Farm",
        "operator": "Lightsource BP",
        "capacity_mw": 18.3,
        "power": "plant",
        "plant_source": "solar"
      }
    },
    {
      "type": "Feature",
      "geometry": {
        "type": "Point",
        "coordinates": [
          -1.2281487,
          52.4326212
        ]
      },
      "properties": {
        "osm_type": "way",
        "osm_id": 1189807956,
        "name": "Northfield House Solar Farm",
        "operator": "Lightsource BP",
        "capacity_mw": 26.0,
        "power": "plant",
        "plant_source": "solar"
      }
    },
    {
      "type": "Feature",
      "geometry": {
        "type": "Point",
        "coordinates": [
          -4.8584354,
          50.2859553
        ]
      },
      "properties": {
        "osm_type": "way",
        "osm_id": 1190703259,
        "power": "plant",
        "plant_source": "solar"
      }
    },
    {
      "type": "Feature",
      "geometry": {
        "type": "Point",
        "coordinates": [
          -6.8574499,
          53.3597163
        ]
      },
      "properties": {
        "osm_type": "way",
        "osm_id": 1190756189,
        "name": "Timahoe North Solar Farm",
        "operator": "Bord na M\u00f3na;ESB",
        "capacity_mw": 108.0,
        "power": "plant",
        "plant_source": "solar"
      }
    },
    {
      "type": "Feature",
      "geometry": {
        "type": "Point",
        "coordinates": [
          -4.4184,
          50.7904737
        ]
      },
      "properties": {
        "osm_type": "way",
        "osm_id": 1192963443,
        "name": "Derril Water Solar Farm",
        "operator": "Renewable Energy System Limited / Ripple Energy",
        "capacity_mw": 42.0,
        "power": "plant",
        "plant_source": "solar"
      }
    },
    {
      "type": "Feature",
      "geometry": {
        "type": "Point",
        "coordinates": [
          -0.901894,
          51.7576275
        ]
      },
      "properties": {
        "osm_type": "way",
        "osm_id": 1193421532,
        "name": "Whirlbush Solar farm",
        "capacity_mw": 49.9,
        "power": "plant",
        "plant_source": "solar"
      }
    },
    {
      "type": "Feature",
      "geometry": {
        "type": "Point",
        "coordinates": [
          -8.910261,
          52.1541716
        ]
      },
      "properties": {
        "osm_type": "way",
        "osm_id": 1194848491,
        "name": "Dromalour Solar Farm",
        "operator": "Amarenco Solar Energy",
        "capacity_mw": 5.0,
        "power": "plant",
        "plant_source": "solar"
      }
    },
    {
      "type": "Feature",
      "geometry": {
        "type": "Point",
        "coordinates": [
          -3.7640369,
          56.7438456
        ]
      },
      "properties": {
        "osm_type": "way",
        "osm_id": 1198481335,
        "power": "plant",
        "plant_source": "solar"
      }
    },
    {
      "type": "Feature",
      "geometry": {
        "type": "Point",
        "coordinates": [
          -1.6151375,
          53.6370713
        ]
      },
      "properties": {
        "osm_type": "way",
        "osm_id": 1200845074,
        "power": "plant",
        "plant_source": "solar"
      }
    },
    {
      "type": "Feature",
      "geometry": {
        "type": "Point",
        "coordinates": [
          -1.6151408,
          53.6369993
        ]
      },
      "properties": {
        "osm_type": "way",
        "osm_id": 1200845075,
        "power": "plant",
        "plant_source": "solar"
      }
    },
    {
      "type": "Feature",
      "geometry": {
        "type": "Point",
        "coordinates": [
          -1.6151392,
          53.6369257
        ]
      },
      "properties": {
        "osm_type": "way",
        "osm_id": 1200845076,
        "power": "plant",
        "plant_source": "solar"
      }
    },
    {
      "type": "Feature",
      "geometry": {
        "type": "Point",
        "coordinates": [
          -1.6151456,
          53.6368527
        ]
      },
      "properties": {
        "osm_type": "way",
        "osm_id": 1200845077,
        "power": "plant",
        "plant_source": "solar"
      }
    },
    {
      "type": "Feature",
      "geometry": {
        "type": "Point",
        "coordinates": [
          -4.2164541,
          51.1304226
        ]
      },
      "properties": {
        "osm_type": "way",
        "osm_id": 1201139108,
        "power": "plant",
        "plant_source": "solar"
      }
    },
    {
      "type": "Feature",
      "geometry": {
        "type": "Point",
        "coordinates": [
          -6.4173304,
          53.493376
        ]
      },
      "properties": {
        "osm_type": "way",
        "osm_id": 1202435228,
        "name": "Harlockstown Solar Farm",
        "operator": "Statkraft",
        "capacity_mw": 31.5,
        "power": "plant",
        "plant_source": "solar"
      }
    },
    {
      "type": "Feature",
      "geometry": {
        "type": "Point",
        "coordinates": [
          -0.4663866,
          50.9715274
        ]
      },
      "properties": {
        "osm_type": "way",
        "osm_id": 1202727827,
        "power": "plant",
        "plant_source": "solar"
      }
    },
    {
      "type": "Feature",
      "geometry": {
        "type": "Point",
        "coordinates": [
          -4.6034396,
          55.9462831
        ]
      },
      "properties": {
        "osm_type": "way",
        "osm_id": 1202864828,
        "power": "plant",
        "plant_source": "solar"
      }
    },
    {
      "type": "Feature",
      "geometry": {
        "type": "Point",
        "coordinates": [
          -9.0358773,
          52.4432294
        ]
      },
      "properties": {
        "osm_type": "way",
        "osm_id": 1204763744,
        "operator": "Irish Water",
        "capacity_mw": 0.03,
        "power": "plant",
        "plant_source": "solar"
      }
    },
    {
      "type": "Feature",
      "geometry": {
        "type": "Point",
        "coordinates": [
          -0.8145914,
          51.7848087
        ]
      },
      "properties": {
        "osm_type": "way",
        "osm_id": 1210996726,
        "name": "Moat Farm Solar Farm",
        "capacity_mw": 24.0,
        "power": "plant",
        "plant_source": "solar"
      }
    },
    {
      "type": "Feature",
      "geometry": {
        "type": "Point",
        "coordinates": [
          0.1789698,
          53.0998644
        ]
      },
      "properties": {
        "osm_type": "way",
        "osm_id": 1214315748,
        "name": "Low Farm Solar",
        "operator": "Anesco",
        "capacity_mw": 50.0,
        "power": "plant",
        "plant_source": "solar"
      }
    },
    {
      "type": "Feature",
      "geometry": {
        "type": "Point",
        "coordinates": [
          -1.5342445,
          54.8410741
        ]
      },
      "properties": {
        "osm_type": "way",
        "osm_id": 1214537164,
        "name": "Lumley Water Treatment Works - Solar Panels",
        "operator": "Northumbrian Water Limited",
        "capacity_mw": 1.9,
        "power": "plant",
        "plant_source": "solar"
      }
    },
    {
      "type": "Feature",
      "geometry": {
        "type": "Point",
        "coordinates": [
          -1.9216079,
          55.475628
        ]
      },
      "properties": {
        "osm_type": "way",
        "osm_id": 1216029188,
        "capacity_mw": 3.5,
        "power": "plant",
        "plant_source": "solar"
      }
    },
    {
      "type": "Feature",
      "geometry": {
        "type": "Point",
        "coordinates": [
          -1.4795481,
          50.9643081
        ]
      },
      "properties": {
        "osm_type": "way",
        "osm_id": 1216088925,
        "name": "Romsey X",
        "power": "plant",
        "plant_source": "solar"
      }
    },
    {
      "type": "Feature",
      "geometry": {
        "type": "Point",
        "coordinates": [
          -3.413196,
          52.5103886
        ]
      },
      "properties": {
        "osm_type": "way",
        "osm_id": 1217893983,
        "power": "plant",
        "plant_source": "solar"
      }
    },
    {
      "type": "Feature",
      "geometry": {
        "type": "Point",
        "coordinates": [
          -4.1210196,
          50.3636804
        ]
      },
      "properties": {
        "osm_type": "way",
        "osm_id": 1220228830,
        "power": "plant",
        "plant_source": "solar"
      }
    },
    {
      "type": "Feature",
      "geometry": {
        "type": "Point",
        "coordinates": [
          -0.2114244,
          52.5847324
        ]
      },
      "properties": {
        "osm_type": "way",
        "osm_id": 1220322808,
        "power": "plant",
        "plant_source": "solar"
      }
    },
    {
      "type": "Feature",
      "geometry": {
        "type": "Point",
        "coordinates": [
          -0.9989311,
          53.6490912
        ]
      },
      "properties": {
        "osm_type": "way",
        "osm_id": 1222738126,
        "power": "plant",
        "plant_source": "solar"
      }
    },
    {
      "type": "Feature",
      "geometry": {
        "type": "Point",
        "coordinates": [
          -5.673975,
          55.4317284
        ]
      },
      "properties": {
        "osm_type": "way",
        "osm_id": 1225211823,
        "power": "plant",
        "plant_source": "solar"
      }
    },
    {
      "type": "Feature",
      "geometry": {
        "type": "Point",
        "coordinates": [
          -0.6704771,
          52.2778619
        ]
      },
      "properties": {
        "osm_type": "way",
        "osm_id": 1234490084,
        "name": "London Road Solar Farm",
        "operator": "Atrato Onsite Energy",
        "capacity_mw": 26.0,
        "power": "plant",
        "plant_source": "solar"
      }
    },
    {
      "type": "Feature",
      "geometry": {
        "type": "Point",
        "coordinates": [
          -0.4978342,
          53.794557
        ]
      },
      "properties": {
        "osm_type": "way",
        "osm_id": 1235542693,
        "power": "plant",
        "plant_source": "solar"
      }
    },
    {
      "type": "Feature",
      "geometry": {
        "type": "Point",
        "coordinates": [
          -1.3396886,
          50.8897782
        ]
      },
      "properties": {
        "osm_type": "way",
        "osm_id": 1237069927,
        "power": "plant",
        "plant_source": "solar"
      }
    },
    {
      "type": "Feature",
      "geometry": {
        "type": "Point",
        "coordinates": [
          -2.9397579,
          54.3096728
        ]
      },
      "properties": {
        "osm_type": "way",
        "osm_id": 1239178809,
        "power": "plant",
        "plant_source": "solar"
      }
    },
    {
      "type": "Feature",
      "geometry": {
        "type": "Point",
        "coordinates": [
          -1.7790999,
          51.5122116
        ]
      },
      "properties": {
        "osm_type": "way",
        "osm_id": 1239334378,
        "power": "plant",
        "plant_source": "solar"
      }
    },
    {
      "type": "Feature",
      "geometry": {
        "type": "Point",
        "coordinates": [
          -1.0255995,
          53.948045
        ]
      },
      "properties": {
        "osm_type": "way",
        "osm_id": 1241643745,
        "power": "plant",
        "plant_source": "solar"
      }
    },
    {
      "type": "Feature",
      "geometry": {
        "type": "Point",
        "coordinates": [
          -8.5745262,
          52.4139737
        ]
      },
      "properties": {
        "osm_type": "way",
        "osm_id": 1241733926,
        "name": "Proposed Ballycullane Solar Farm",
        "operator": "Ballycullane Solar Farm Ltd.",
        "plant_source": "solar"
      }
    },
    {
      "type": "Feature",
      "geometry": {
        "type": "Point",
        "coordinates": [
          -3.4690524,
          57.5486779
        ]
      },
      "properties": {
        "osm_type": "way",
        "osm_id": 1245919628,
        "power": "plant",
        "plant_source": "solar"
      }
    },
    {
      "type": "Feature",
      "geometry": {
        "type": "Point",
        "coordinates": [
          -1.7026264,
          54.8834612
        ]
      },
      "properties": {
        "osm_type": "way",
        "osm_id": 1249187330,
        "power": "plant",
        "plant_source": "solar"
      }
    },
    {
      "type": "Feature",
      "geometry": {
        "type": "Point",
        "coordinates": [
          -1.7587426,
          54.9000678
        ]
      },
      "properties": {
        "osm_type": "way",
        "osm_id": 1251927466,
        "power": "plant",
        "plant_source": "solar"
      }
    },
    {
      "type": "Feature",
      "geometry": {
        "type": "Point",
        "coordinates": [
          0.4399251,
          52.0740451
        ]
      },
      "properties": {
        "osm_type": "way",
        "osm_id": 1253301934,
        "operator": "Codis",
        "capacity_mw": 1.5,
        "power": "plant",
        "plant_source": "solar"
      }
    },
    {
      "type": "Feature",
      "geometry": {
        "type": "Point",
        "coordinates": [
          -1.5333504,
          50.760232
        ]
      },
      "properties": {
        "osm_type": "way",
        "osm_id": 1254386370,
        "power": "plant",
        "plant_source": "solar"
      }
    },
    {
      "type": "Feature",
      "geometry": {
        "type": "Point",
        "coordinates": [
          -1.7614374,
          54.8955999
        ]
      },
      "properties": {
        "osm_type": "way",
        "osm_id": 1254802825,
        "power": "plant",
        "plant_source": "solar"
      }
    },
    {
      "type": "Feature",
      "geometry": {
        "type": "Point",
        "coordinates": [
          -1.2401389,
          53.0179002
        ]
      },
      "properties": {
        "osm_type": "way",
        "osm_id": 1255303844,
        "name": "Watnall Solar Farm",
        "power": "plant",
        "plant_source": "solar"
      }
    },
    {
      "type": "Feature",
      "geometry": {
        "type": "Point",
        "coordinates": [
          0.5868982,
          52.9332699
        ]
      },
      "properties": {
        "osm_type": "way",
        "osm_id": 1255643386,
        "name": "Thornham Solar Power Station",
        "capacity_mw": 20.6,
        "power": "plant",
        "plant_source": "solar"
      }
    },
    {
      "type": "Feature",
      "geometry": {
        "type": "Point",
        "coordinates": [
          -0.1635913,
          52.8374606
        ]
      },
      "properties": {
        "osm_type": "way",
        "osm_id": 1265651311,
        "power": "plant",
        "plant_source": "solar"
      }
    },
    {
      "type": "Feature",
      "geometry": {
        "type": "Point",
        "coordinates": [
          -3.967984,
          51.1149767
        ]
      },
      "properties": {
        "osm_type": "way",
        "osm_id": 1267079124,
        "power": "plant",
        "plant_source": "solar"
      }
    },
    {
      "type": "Feature",
      "geometry": {
        "type": "Point",
        "coordinates": [
          -2.2271732,
          57.1923587
        ]
      },
      "properties": {
        "osm_type": "way",
        "osm_id": 1270605974,
        "power": "plant",
        "plant_source": "solar"
      }
    },
    {
      "type": "Feature",
      "geometry": {
        "type": "Point",
        "coordinates": [
          -1.5665075,
          54.0486709
        ]
      },
      "properties": {
        "osm_type": "way",
        "osm_id": 1273906022,
        "power": "plant",
        "plant_source": "solar"
      }
    },
    {
      "type": "Feature",
      "geometry": {
        "type": "Point",
        "coordinates": [
          -1.4897584,
          54.212249
        ]
      },
      "properties": {
        "osm_type": "way",
        "osm_id": 1275191841,
        "power": "plant",
        "plant_source": "solar"
      }
    },
    {
      "type": "Feature",
      "geometry": {
        "type": "Point",
        "coordinates": [
          -1.48657,
          54.2127714
        ]
      },
      "properties": {
        "osm_type": "way",
        "osm_id": 1275191842,
        "power": "plant",
        "plant_source": "solar"
      }
    },
    {
      "type": "Feature",
      "geometry": {
        "type": "Point",
        "coordinates": [
          -1.923011,
          51.6844818
        ]
      },
      "properties": {
        "osm_type": "way",
        "osm_id": 1275421349,
        "power": "plant",
        "plant_source": "solar"
      }
    },
    {
      "type": "Feature",
      "geometry": {
        "type": "Point",
        "coordinates": [
          -3.0712437,
          51.1446404
        ]
      },
      "properties": {
        "osm_type": "way",
        "osm_id": 1278193337,
        "operator": "Yeo Valley",
        "power": "solar",
        "plant_source": "solar"
      }
    },
    {
      "type": "Feature",
      "geometry": {
        "type": "Point",
        "coordinates": [
          -3.8125913,
          55.8138352
        ]
      },
      "properties": {
        "osm_type": "way",
        "osm_id": 1279205110,
        "power": "plant",
        "plant_source": "solar"
      }
    },
    {
      "type": "Feature",
      "geometry": {
        "type": "Point",
        "coordinates": [
          -1.0462919,
          53.11957
        ]
      },
      "properties": {
        "osm_type": "way",
        "osm_id": 1280208407,
        "name": "Crifton Solar Farm (South)",
        "operator": "Goldbeck Solar",
        "power": "plant",
        "plant_source": "solar"
      }
    },
    {
      "type": "Feature",
      "geometry": {
        "type": "Point",
        "coordinates": [
          -8.9736156,
          52.5453144
        ]
      },
      "properties": {
        "osm_type": "way",
        "osm_id": 1280391771,
        "name": "Proposed Ardgoulbeg Solar Farm",
        "operator": "Harmony Solar Rathkeale Ltd.",
        "plant_source": "solar"
      }
    },
    {
      "type": "Feature",
      "geometry": {
        "type": "Point",
        "coordinates": [
          -0.9742329,
          53.0592405
        ]
      },
      "properties": {
        "osm_type": "way",
        "osm_id": 1280603573,
        "power": "plant",
        "plant_source": "solar"
      }
    },
    {
      "type": "Feature",
      "geometry": {
        "type": "Point",
        "coordinates": [
          -2.1795653,
          57.1276493
        ]
      },
      "properties": {
        "osm_type": "way",
        "osm_id": 1282851525,
        "power": "plant",
        "plant_source": "solar"
      }
    },
    {
      "type": "Feature",
      "geometry": {
        "type": "Point",
        "coordinates": [
          -2.1819958,
          57.1288022
        ]
      },
      "properties": {
        "osm_type": "way",
        "osm_id": 1282851526,
        "operator": "Scottish Water",
        "power": "plant",
        "plant_source": "solar"
      }
    },
    {
      "type": "Feature",
      "geometry": {
        "type": "Point",
        "coordinates": [
          -0.5085865,
          50.9276198
        ]
      },
      "properties": {
        "osm_type": "way",
        "osm_id": 1284450088,
        "power": "plant",
        "plant_source": "solar"
      }
    },
    {
      "type": "Feature",
      "geometry": {
        "type": "Point",
        "coordinates": [
          -2.1681249,
          51.2807302
        ]
      },
      "properties": {
        "osm_type": "way",
        "osm_id": 1287859680,
        "power": "plant",
        "plant_source": "solar"
      }
    },
    {
      "type": "Feature",
      "geometry": {
        "type": "Point",
        "coordinates": [
          -2.9140494,
          53.044361
        ]
      },
      "properties": {
        "osm_type": "way",
        "osm_id": 1288960807,
        "power": "plant",
        "plant_source": "solar"
      }
    },
    {
      "type": "Feature",
      "geometry": {
        "type": "Point",
        "coordinates": [
          0.9267668,
          52.0828846
        ]
      },
      "properties": {
        "osm_type": "way",
        "osm_id": 1289308162,
        "power": "plant",
        "plant_source": "solar"
      }
    },
    {
      "type": "Feature",
      "geometry": {
        "type": "Point",
        "coordinates": [
          -1.8533479,
          54.3161607
        ]
      },
      "properties": {
        "osm_type": "way",
        "osm_id": 1290425690,
        "power": "plant",
        "plant_source": "solar"
      }
    },
    {
      "type": "Feature",
      "geometry": {
        "type": "Point",
        "coordinates": [
          1.3510265,
          51.2701811
        ]
      },
      "properties": {
        "osm_type": "way",
        "osm_id": 1290467783,
        "power": "plant",
        "plant_source": "solar"
      }
    },
    {
      "type": "Feature",
      "geometry": {
        "type": "Point",
        "coordinates": [
          1.3588341,
          51.2348645
        ]
      },
      "properties": {
        "osm_type": "way",
        "osm_id": 1291008501,
        "power": "plant",
        "plant_source": "solar"
      }
    },
    {
      "type": "Feature",
      "geometry": {
        "type": "Point",
        "coordinates": [
          1.2934195,
          51.3021011
        ]
      },
      "properties": {
        "osm_type": "way",
        "osm_id": 1292431525,
        "power": "plant",
        "plant_source": "solar"
      }
    },
    {
      "type": "Feature",
      "geometry": {
        "type": "Point",
        "coordinates": [
          -1.3146298,
          53.232618
        ]
      },
      "properties": {
        "osm_type": "way",
        "osm_id": 1293043189,
        "power": "plant",
        "plant_source": "solar"
      }
    },
    {
      "type": "Feature",
      "geometry": {
        "type": "Point",
        "coordinates": [
          -3.3860038,
          56.3823297
        ]
      },
      "properties": {
        "osm_type": "way",
        "osm_id": 1293438336,
        "power": "plant",
        "plant_source": "solar"
      }
    },
    {
      "type": "Feature",
      "geometry": {
        "type": "Point",
        "coordinates": [
          -1.0473517,
          53.1232249
        ]
      },
      "properties": {
        "osm_type": "way",
        "osm_id": 1293845946,
        "name": "Crifton Solar Farm",
        "operator": "Goldbeck Solar",
        "power": "plant",
        "plant_source": "solar"
      }
    },
    {
      "type": "Feature",
      "geometry": {
        "type": "Point",
        "coordinates": [
          -0.4714885,
          52.9543736
        ]
      },
      "properties": {
        "osm_type": "way",
        "osm_id": 1295636575,
        "power": "plant",
        "plant_source": "solar"
      }
    },
    {
      "type": "Feature",
      "geometry": {
        "type": "Point",
        "coordinates": [
          -1.3762238,
          53.1076202
        ]
      },
      "properties": {
        "osm_type": "way",
        "osm_id": 1296375122,
        "name": "Meadow Lane Solar Farm",
        "operator": "Anesco",
        "capacity_mw": 20.0,
        "power": "plant",
        "plant_source": "solar"
      }
    },
    {
      "type": "Feature",
      "geometry": {
        "type": "Point",
        "coordinates": [
          -2.4532956,
          56.7328876
        ]
      },
      "properties": {
        "osm_type": "way",
        "osm_id": 1297649876,
        "power": "plant",
        "plant_source": "solar"
      }
    },
    {
      "type": "Feature",
      "geometry": {
        "type": "Point",
        "coordinates": [
          -1.5766172,
          54.9589404
        ]
      },
      "properties": {
        "osm_type": "way",
        "osm_id": 1299052418,
        "power": "plant",
        "plant_source": "solar"
      }
    },
    {
      "type": "Feature",
      "geometry": {
        "type": "Point",
        "coordinates": [
          1.2209527,
          51.2758742
        ]
      },
      "properties": {
        "osm_type": "way",
        "osm_id": 1299188022,
        "power": "plant",
        "plant_source": "solar"
      }
    },
    {
      "type": "Feature",
      "geometry": {
        "type": "Point",
        "coordinates": [
          -2.7246843,
          52.9743617
        ]
      },
      "properties": {
        "osm_type": "way",
        "osm_id": 1299672719,
        "name": "Bubney Solar Farm",
        "operator": "AlphaReal",
        "capacity_mw": 40.0,
        "power": "plant",
        "plant_source": "solar"
      }
    },
    {
      "type": "Feature",
      "geometry": {
        "type": "Point",
        "coordinates": [
          0.1956733,
          52.7509073
        ]
      },
      "properties": {
        "osm_type": "way",
        "osm_id": 1300558890,
        "name": "Sutton Bridge Solar Farm",
        "operator": "EDF Renewables",
        "capacity_mw": 49.9,
        "power": "plant",
        "plant_source": "solar"
      }
    },
    {
      "type": "Feature",
      "geometry": {
        "type": "Point",
        "coordinates": [
          -0.0433866,
          53.7716296
        ]
      },
      "properties": {
        "osm_type": "way",
        "osm_id": 1300907052,
        "power": "plant",
        "plant_source": "solar"
      }
    },
    {
      "type": "Feature",
      "geometry": {
        "type": "Point",
        "coordinates": [
          1.2730997,
          51.2269389
        ]
      },
      "properties": {
        "osm_type": "way",
        "osm_id": 1301452539,
        "power": "plant",
        "plant_source": "solar"
      }
    },
    {
      "type": "Feature",
      "geometry": {
        "type": "Point",
        "coordinates": [
          -2.9378853,
          57.1377401
        ]
      },
      "properties": {
        "osm_type": "way",
        "osm_id": 1301783373,
        "power": "plant",
        "plant_source": "solar"
      }
    },
    {
      "type": "Feature",
      "geometry": {
        "type": "Point",
        "coordinates": [
          -0.29674,
          52.2834892
        ]
      },
      "properties": {
        "osm_type": "way",
        "osm_id": 1302653763,
        "power": "plant",
        "plant_source": "solar"
      }
    },
    {
      "type": "Feature",
      "geometry": {
        "type": "Point",
        "coordinates": [
          -4.1954241,
          53.1798639
        ]
      },
      "properties": {
        "osm_type": "way",
        "osm_id": 1303046320,
        "name": "Greenwood Family Park solar farm",
        "capacity_mw": 0.15,
        "power": "plant",
        "plant_source": "solar"
      }
    },
    {
      "type": "Feature",
      "geometry": {
        "type": "Point",
        "coordinates": [
          0.4576834,
          51.616438
        ]
      },
      "properties": {
        "osm_type": "way",
        "osm_id": 1303922981,
        "name": "Outwood Solar Farm",
        "power": "plant",
        "plant_source": "solar"
      }
    },
    {
      "type": "Feature",
      "geometry": {
        "type": "Point",
        "coordinates": [
          0.4552666,
          51.6156122
        ]
      },
      "properties": {
        "osm_type": "way",
        "osm_id": 1303922982,
        "name": "Outwood Solar Farm",
        "power": "plant",
        "plant_source": "solar"
      }
    },
    {
      "type": "Feature",
      "geometry": {
        "type": "Point",
        "coordinates": [
          0.541538,
          51.8306087
        ]
      },
      "properties": {
        "osm_type": "way",
        "osm_id": 1305127080,
        "power": "plant",
        "plant_source": "solar"
      }
    },
    {
      "type": "Feature",
      "geometry": {
        "type": "Point",
        "coordinates": [
          -0.5538892,
          54.0099328
        ]
      },
      "properties": {
        "osm_type": "way",
        "osm_id": 1305548689,
        "power": "plant",
        "plant_source": "solar"
      }
    },
    {
      "type": "Feature",
      "geometry": {
        "type": "Point",
        "coordinates": [
          -3.7815134,
          55.7304628
        ]
      },
      "properties": {
        "osm_type": "way",
        "osm_id": 1305805122,
        "power": "plant",
        "plant_source": "solar"
      }
    },
    {
      "type": "Feature",
      "geometry": {
        "type": "Point",
        "coordinates": [
          0.7483774,
          52.0475183
        ]
      },
      "properties": {
        "osm_type": "way",
        "osm_id": 1305884026,
        "power": "plant",
        "plant_source": "solar"
      }
    },
    {
      "type": "Feature",
      "geometry": {
        "type": "Point",
        "coordinates": [
          -6.3680475,
          54.7096765
        ]
      },
      "properties": {
        "osm_type": "way",
        "osm_id": 1306396622,
        "power": "plant",
        "plant_source": "solar"
      }
    },
    {
      "type": "Feature",
      "geometry": {
        "type": "Point",
        "coordinates": [
          -1.2349624,
          52.4249962
        ]
      },
      "properties": {
        "osm_type": "way",
        "osm_id": 1307140657,
        "power": "plant",
        "plant_source": "solar"
      }
    },
    {
      "type": "Feature",
      "geometry": {
        "type": "Point",
        "coordinates": [
          -0.4435053,
          53.8229592
        ]
      },
      "properties": {
        "osm_type": "way",
        "osm_id": 1307970844,
        "operator": "Morrisons",
        "power": "plant",
        "plant_source": "solar"
      }
    },
    {
      "type": "Feature",
      "geometry": {
        "type": "Point",
        "coordinates": [
          0.7108108,
          52.3193033
        ]
      },
      "properties": {
        "osm_type": "way",
        "osm_id": 1308027016,
        "name": "Ingham North Solar Power Station",
        "capacity_mw": 14.2,
        "power": "plant",
        "plant_source": "solar"
      }
    },
    {
      "type": "Feature",
      "geometry": {
        "type": "Point",
        "coordinates": [
          -0.4241592,
          54.24817
        ]
      },
      "properties": {
        "osm_type": "way",
        "osm_id": 1311456670,
        "name": "Eastgate Solar Farm",
        "operator": "Voltalia UK Ltd",
        "capacity_mw": 32.0,
        "plant_source": "solar"
      }
    },
    {
      "type": "Feature",
      "geometry": {
        "type": "Point",
        "coordinates": [
          1.3655582,
          51.2045757
        ]
      },
      "properties": {
        "osm_type": "way",
        "osm_id": 1311726703,
        "power": "plant",
        "plant_source": "solar"
      }
    },
    {
      "type": "Feature",
      "geometry": {
        "type": "Point",
        "coordinates": [
          -6.519648,
          52.5398436
        ]
      },
      "properties": {
        "osm_type": "way",
        "osm_id": 1311893515,
        "name": "Macallian Solar Farm",
        "operator": "NTR",
        "capacity_mw": 15.0,
        "power": "plant",
        "plant_source": "solar"
      }
    },
    {
      "type": "Feature",
      "geometry": {
        "type": "Point",
        "coordinates": [
          -3.8769105,
          50.7468021
        ]
      },
      "properties": {
        "osm_type": "way",
        "osm_id": 1312185142,
        "name": "Two Post Lane Solar Farm",
        "operator": "Solar South West",
        "capacity_mw": 12.0,
        "power": "plant",
        "plant_source": "solar"
      }
    },
    {
      "type": "Feature",
      "geometry": {
        "type": "Point",
        "coordinates": [
          1.3399395,
          51.2108217
        ]
      },
      "properties": {
        "osm_type": "way",
        "osm_id": 1312262938,
        "power": "plant",
        "plant_source": "solar"
      }
    },
    {
      "type": "Feature",
      "geometry": {
        "type": "Point",
        "coordinates": [
          1.3494618,
          51.1944359
        ]
      },
      "properties": {
        "osm_type": "way",
        "osm_id": 1313059763,
        "power": "plant",
        "plant_source": "solar"
      }
    },
    {
      "type": "Feature",
      "geometry": {
        "type": "Point",
        "coordinates": [
          0.2061469,
          52.0729973
        ]
      },
      "properties": {
        "osm_type": "way",
        "osm_id": 1314424175,
        "power": "plant",
        "plant_source": "solar"
      }
    },
    {
      "type": "Feature",
      "geometry": {
        "type": "Point",
        "coordinates": [
          -2.77191,
          54.0110738
        ]
      },
      "properties": {
        "osm_type": "way",
        "osm_id": 1315970652,
        "name": "Lancaster University Solar Photovoltaic Farm",
        "power": "plant",
        "plant_source": "solar"
      }
    },
    {
      "type": "Feature",
      "geometry": {
        "type": "Point",
        "coordinates": [
          1.3286077,
          51.1494584
        ]
      },
      "properties": {
        "osm_type": "way",
        "osm_id": 1316453820,
        "power": "plant",
        "plant_source": "solar"
      }
    },
    {
      "type": "Feature",
      "geometry": {
        "type": "Point",
        "coordinates": [
          1.3003235,
          51.1256562
        ]
      },
      "properties": {
        "osm_type": "way",
        "osm_id": 1316468199,
        "power": "plant",
        "plant_source": "solar"
      }
    },
    {
      "type": "Feature",
      "geometry": {
        "type": "Point",
        "coordinates": [
          -3.395315,
          55.9408909
        ]
      },
      "properties": {
        "osm_type": "way",
        "osm_id": 1318969171,
        "power": "plant",
        "plant_source": "solar"
      }
    },
    {
      "type": "Feature",
      "geometry": {
        "type": "Point",
        "coordinates": [
          -3.3935239,
          55.9408785
        ]
      },
      "properties": {
        "osm_type": "way",
        "osm_id": 1318969388,
        "power": "plant",
        "plant_source": "solar"
      }
    },
    {
      "type": "Feature",
      "geometry": {
        "type": "Point",
        "coordinates": [
          -3.3938382,
          55.9408866
        ]
      },
      "properties": {
        "osm_type": "way",
        "osm_id": 1318969389,
        "power": "plant",
        "plant_source": "solar"
      }
    },
    {
      "type": "Feature",
      "geometry": {
        "type": "Point",
        "coordinates": [
          -3.3939961,
          55.9408739
        ]
      },
      "properties": {
        "osm_type": "way",
        "osm_id": 1318969390,
        "power": "plant",
        "plant_source": "solar"
      }
    },
    {
      "type": "Feature",
      "geometry": {
        "type": "Point",
        "coordinates": [
          -3.3941547,
          55.9408693
        ]
      },
      "properties": {
        "osm_type": "way",
        "osm_id": 1318969391,
        "power": "plant",
        "plant_source": "solar"
      }
    },
    {
      "type": "Feature",
      "geometry": {
        "type": "Point",
        "coordinates": [
          -3.3943085,
          55.9408655
        ]
      },
      "properties": {
        "osm_type": "way",
        "osm_id": 1318969392,
        "power": "plant",
        "plant_source": "solar"
      }
    },
    {
      "type": "Feature",
      "geometry": {
        "type": "Point",
        "coordinates": [
          -3.3946825,
          55.9408839
        ]
      },
      "properties": {
        "osm_type": "way",
        "osm_id": 1318969393,
        "power": "plant",
        "plant_source": "solar"
      }
    },
    {
      "type": "Feature",
      "geometry": {
        "type": "Point",
        "coordinates": [
          -0.4338849,
          54.3199463
        ]
      },
      "properties": {
        "osm_type": "way",
        "osm_id": 1319819652,
        "power": "plant",
        "plant_source": "solar"
      }
    },
    {
      "type": "Feature",
      "geometry": {
        "type": "Point",
        "coordinates": [
          -2.0061295,
          52.524474
        ]
      },
      "properties": {
        "osm_type": "way",
        "osm_id": 1320795627,
        "name": "St Andrew's C-of-E Rooftop Solar Array",
        "operator": "Big Solar Co-op",
        "capacity_mw": 0.0195,
        "power": "plant",
        "plant_source": "solar"
      }
    },
    {
      "type": "Feature",
      "geometry": {
        "type": "Point",
        "coordinates": [
          -0.4944577,
          51.3985383
        ]
      },
      "properties": {
        "osm_type": "way",
        "osm_id": 1321797206,
        "power": "plant",
        "plant_source": "solar"
      }
    },
    {
      "type": "Feature",
      "geometry": {
        "type": "Point",
        "coordinates": [
          -3.0191434,
          56.2003543
        ]
      },
      "properties": {
        "osm_type": "way",
        "osm_id": 1327094331,
        "power": "plant",
        "plant_source": "solar"
      }
    },
    {
      "type": "Feature",
      "geometry": {
        "type": "Point",
        "coordinates": [
          -0.7304424,
          51.2769113
        ]
      },
      "properties": {
        "osm_type": "way",
        "osm_id": 1327512375,
        "power": "plant",
        "plant_source": "solar"
      }
    },
    {
      "type": "Feature",
      "geometry": {
        "type": "Point",
        "coordinates": [
          -0.2399678,
          53.7743023
        ]
      },
      "properties": {
        "osm_type": "way",
        "osm_id": 1327964964,
        "power": "plant",
        "plant_source": "solar"
      }
    },
    {
      "type": "Feature",
      "geometry": {
        "type": "Point",
        "coordinates": [
          -0.241736,
          53.7712418
        ]
      },
      "properties": {
        "osm_type": "way",
        "osm_id": 1327964967,
        "power": "plant",
        "plant_source": "solar"
      }
    },
    {
      "type": "Feature",
      "geometry": {
        "type": "Point",
        "coordinates": [
          -0.2362798,
          53.7714922
        ]
      },
      "properties": {
        "osm_type": "way",
        "osm_id": 1327964968,
        "power": "plant",
        "plant_source": "solar"
      }
    },
    {
      "type": "Feature",
      "geometry": {
        "type": "Point",
        "coordinates": [
          -0.2408385,
          53.7690462
        ]
      },
      "properties": {
        "osm_type": "way",
        "osm_id": 1327964969,
        "power": "plant",
        "plant_source": "solar"
      }
    },
    {
      "type": "Feature",
      "geometry": {
        "type": "Point",
        "coordinates": [
          -4.4102976,
          53.4062588
        ]
      },
      "properties": {
        "osm_type": "way",
        "osm_id": 1328762819,
        "power": "plant",
        "plant_source": "solar"
      }
    },
    {
      "type": "Feature",
      "geometry": {
        "type": "Point",
        "coordinates": [
          -4.4095027,
          53.4094804
        ]
      },
      "properties": {
        "osm_type": "way",
        "osm_id": 1328762824,
        "power": "plant",
        "plant_source": "solar"
      }
    },
    {
      "type": "Feature",
      "geometry": {
        "type": "Point",
        "coordinates": [
          -4.4124139,
          53.4070864
        ]
      },
      "properties": {
        "osm_type": "way",
        "osm_id": 1328762825,
        "power": "plant",
        "plant_source": "solar"
      }
    },
    {
      "type": "Feature",
      "geometry": {
        "type": "Point",
        "coordinates": [
          -4.4111243,
          53.4116744
        ]
      },
      "properties": {
        "osm_type": "way",
        "osm_id": 1328762829,
        "power": "plant",
        "plant_source": "solar"
      }
    },
    {
      "type": "Feature",
      "geometry": {
        "type": "Point",
        "coordinates": [
          0.8598478,
          52.5735744
        ]
      },
      "properties": {
        "osm_type": "way",
        "osm_id": 1330336015,
        "power": "plant",
        "plant_source": "solar"
      }
    },
    {
      "type": "Feature",
      "geometry": {
        "type": "Point",
        "coordinates": [
          -0.0196661,
          52.4965707
        ]
      },
      "properties": {
        "osm_type": "way",
        "osm_id": 1332529595,
        "power": "plant",
        "plant_source": "solar"
      }
    },
    {
      "type": "Feature",
      "geometry": {
        "type": "Point",
        "coordinates": [
          -0.0267442,
          52.4997688
        ]
      },
      "properties": {
        "osm_type": "way",
        "osm_id": 1332529612,
        "power": "plant",
        "plant_source": "solar"
      }
    },
    {
      "type": "Feature",
      "geometry": {
        "type": "Point",
        "coordinates": [
          1.0980193,
          51.1393843
        ]
      },
      "properties": {
        "osm_type": "way",
        "osm_id": 1332635830,
        "power": "plant",
        "plant_source": "solar"
      }
    },
    {
      "type": "Feature",
      "geometry": {
        "type": "Point",
        "coordinates": [
          -4.4153981,
          53.4080098
        ]
      },
      "properties": {
        "osm_type": "way",
        "osm_id": 1332863408,
        "power": "plant",
        "plant_source": "solar"
      }
    },
    {
      "type": "Feature",
      "geometry": {
        "type": "Point",
        "coordinates": [
          -4.4168703,
          53.4070514
        ]
      },
      "properties": {
        "osm_type": "way",
        "osm_id": 1332863409,
        "power": "plant",
        "plant_source": "solar"
      }
    },
    {
      "type": "Feature",
      "geometry": {
        "type": "Point",
        "coordinates": [
          -4.4156693,
          53.4050905
        ]
      },
      "properties": {
        "osm_type": "way",
        "osm_id": 1332863410,
        "power": "plant",
        "plant_source": "solar"
      }
    },
    {
      "type": "Feature",
      "geometry": {
        "type": "Point",
        "coordinates": [
          -4.4088012,
          53.4041763
        ]
      },
      "properties": {
        "osm_type": "way",
        "osm_id": 1332863411,
        "power": "plant",
        "plant_source": "solar"
      }
    },
    {
      "type": "Feature",
      "geometry": {
        "type": "Point",
        "coordinates": [
          -4.4081093,
          53.4013606
        ]
      },
      "properties": {
        "osm_type": "way",
        "osm_id": 1332863412,
        "power": "plant",
        "plant_source": "solar"
      }
    },
    {
      "type": "Feature",
      "geometry": {
        "type": "Point",
        "coordinates": [
          -4.4171568,
          53.4023679
        ]
      },
      "properties": {
        "osm_type": "way",
        "osm_id": 1332863417,
        "name": "Porth Wen Solar Farm",
        "power": "plant",
        "plant_source": "solar"
      }
    },
    {
      "type": "Feature",
      "geometry": {
        "type": "Point",
        "coordinates": [
          -1.9438986,
          51.5992167
        ]
      },
      "properties": {
        "osm_type": "way",
        "osm_id": 1333249150,
        "power": "plant",
        "plant_source": "solar"
      }
    },
    {
      "type": "Feature",
      "geometry": {
        "type": "Point",
        "coordinates": [
          -1.9476168,
          51.5961526
        ]
      },
      "properties": {
        "osm_type": "way",
        "osm_id": 1333249165,
        "power": "plant",
        "plant_source": "solar"
      }
    },
    {
      "type": "Feature",
      "geometry": {
        "type": "Point",
        "coordinates": [
          0.8748319,
          52.098489
        ]
      },
      "properties": {
        "osm_type": "way",
        "osm_id": 1333510460,
        "power": "plant",
        "plant_source": "solar"
      }
    },
    {
      "type": "Feature",
      "geometry": {
        "type": "Point",
        "coordinates": [
          0.2611328,
          52.1427087
        ]
      },
      "properties": {
        "osm_type": "way",
        "osm_id": 1334493815,
        "operator": "Kingsway Solar",
        "power": "proposed",
        "plant_source": "solar"
      }
    },
    {
      "type": "Feature",
      "geometry": {
        "type": "Point",
        "coordinates": [
          0.308652,
          52.1555128
        ]
      },
      "properties": {
        "osm_type": "way",
        "osm_id": 1334536685,
        "operator": "Kingsway Solar",
        "power": "proposed",
        "plant_source": "solar"
      }
    },
    {
      "type": "Feature",
      "geometry": {
        "type": "Point",
        "coordinates": [
          0.3536991,
          52.1509363
        ]
      },
      "properties": {
        "osm_type": "way",
        "osm_id": 1334672505,
        "operator": "Kingsway Solar",
        "power": "proposed",
        "plant_source": "solar"
      }
    },
    {
      "type": "Feature",
      "geometry": {
        "type": "Point",
        "coordinates": [
          0.3844751,
          52.1487697
        ]
      },
      "properties": {
        "osm_type": "way",
        "osm_id": 1334672620,
        "operator": "Kingsway Solar",
        "power": "proposed",
        "plant_source": "solar"
      }
    },
    {
      "type": "Feature",
      "geometry": {
        "type": "Point",
        "coordinates": [
          0.1320873,
          51.8883096
        ]
      },
      "properties": {
        "osm_type": "way",
        "osm_id": 1337560383,
        "name": "Wickham Hall Estate Solar Photovoltaic Farm",
        "operator": "Endurance Energy Wickham Hall Limited",
        "plant_source": "solar"
      }
    },
    {
      "type": "Feature",
      "geometry": {
        "type": "Point",
        "coordinates": [
          -2.0490835,
          57.6923079
        ]
      },
      "properties": {
        "osm_type": "way",
        "osm_id": 1339346031,
        "power": "plant",
        "plant_source": "solar"
      }
    },
    {
      "type": "Feature",
      "geometry": {
        "type": "Point",
        "coordinates": [
          -2.1587317,
          53.3063336
        ]
      },
      "properties": {
        "osm_type": "way",
        "osm_id": 1342422725,
        "power": "plant",
        "plant_source": "solar"
      }
    },
    {
      "type": "Feature",
      "geometry": {
        "type": "Point",
        "coordinates": [
          1.0515603,
          51.1662092
        ]
      },
      "properties": {
        "osm_type": "way",
        "osm_id": 1343028537,
        "power": "plant",
        "plant_source": "solar"
      }
    },
    {
      "type": "Feature",
      "geometry": {
        "type": "Point",
        "coordinates": [
          1.0386645,
          51.1539733
        ]
      },
      "properties": {
        "osm_type": "way",
        "osm_id": 1343429341,
        "power": "plant",
        "plant_source": "solar"
      }
    },
    {
      "type": "Feature",
      "geometry": {
        "type": "Point",
        "coordinates": [
          -2.1017647,
          51.5733162
        ]
      },
      "properties": {
        "osm_type": "way",
        "osm_id": 1343764898,
        "power": "plant",
        "plant_source": "solar"
      }
    },
    {
      "type": "Feature",
      "geometry": {
        "type": "Point",
        "coordinates": [
          -2.7583662,
          54.3525151
        ]
      },
      "properties": {
        "osm_type": "way",
        "osm_id": 1346900532,
        "power": "plant",
        "plant_source": "solar"
      }
    },
    {
      "type": "Feature",
      "geometry": {
        "type": "Point",
        "coordinates": [
          -6.4270317,
          53.4145108
        ]
      },
      "properties": {
        "osm_type": "way",
        "osm_id": 1346946702,
        "name": "Damastown Solar Farm",
        "operator": "Guerbet",
        "capacity_mw": 2.4,
        "power": "plant",
        "plant_source": "solar"
      }
    },
    {
      "type": "Feature",
      "geometry": {
        "type": "Point",
        "coordinates": [
          -2.8971861,
          55.4215577
        ]
      },
      "properties": {
        "osm_type": "way",
        "osm_id": 1347909482,
        "power": "plant",
        "plant_source": "solar"
      }
    },
    {
      "type": "Feature",
      "geometry": {
        "type": "Point",
        "coordinates": [
          -2.8964092,
          55.4184159
        ]
      },
      "properties": {
        "osm_type": "way",
        "osm_id": 1347909494,
        "power": "plant",
        "plant_source": "solar"
      }
    },
    {
      "type": "Feature",
      "geometry": {
        "type": "Point",
        "coordinates": [
          -2.7201644,
          52.2275744
        ]
      },
      "properties": {
        "osm_type": "way",
        "osm_id": 1348036419,
        "power": "plant",
        "plant_source": "solar"
      }
    },
    {
      "type": "Feature",
      "geometry": {
        "type": "Point",
        "coordinates": [
          -4.9803778,
          50.5187744
        ]
      },
      "properties": {
        "osm_type": "way",
        "osm_id": 1349555828,
        "power": "plant",
        "plant_source": "solar"
      }
    },
    {
      "type": "Feature",
      "geometry": {
        "type": "Point",
        "coordinates": [
          -6.3291563,
          53.4708193
        ]
      },
      "properties": {
        "osm_type": "way",
        "osm_id": 1352118037,
        "name": "Kilsallaghan Solar Farm",
        "operator": "Statkraft",
        "capacity_mw": 30.0,
        "power": "plant",
        "plant_source": "solar"
      }
    },
    {
      "type": "Feature",
      "geometry": {
        "type": "Point",
        "coordinates": [
          0.2170811,
          52.0492424
        ]
      },
      "properties": {
        "osm_type": "way",
        "osm_id": 1352342855,
        "power": "plant",
        "plant_source": "solar"
      }
    },
    {
      "type": "Feature",
      "geometry": {
        "type": "Point",
        "coordinates": [
          0.9183436,
          51.2662296
        ]
      },
      "properties": {
        "osm_type": "way",
        "osm_id": 1353113939,
        "power": "plant",
        "plant_source": "solar"
      }
    },
    {
      "type": "Feature",
      "geometry": {
        "type": "Point",
        "coordinates": [
          0.8660934,
          51.2957459
        ]
      },
      "properties": {
        "osm_type": "way",
        "osm_id": 1353626217,
        "power": "plant",
        "plant_source": "solar"
      }
    },
    {
      "type": "Feature",
      "geometry": {
        "type": "Point",
        "coordinates": [
          -3.1701931,
          51.6979709
        ]
      },
      "properties": {
        "osm_type": "way",
        "osm_id": 1353838798,
        "name": "Darren Farm Solar Park",
        "operator": "SRE (Darran)",
        "capacity_mw": 2.6,
        "power": "plant",
        "plant_source": "solar"
      }
    },
    {
      "type": "Feature",
      "geometry": {
        "type": "Point",
        "coordinates": [
          -8.8963115,
          51.9514901
        ]
      },
      "properties": {
        "osm_type": "way",
        "osm_id": 1356218066,
        "name": "Knockglass Solar Farm",
        "capacity_mw": 7.0,
        "power": "plant",
        "plant_source": "solar"
      }
    },
    {
      "type": "Feature",
      "geometry": {
        "type": "Point",
        "coordinates": [
          -7.4814587,
          52.1458549
        ]
      },
      "properties": {
        "osm_type": "way",
        "osm_id": 1357547992,
        "name": "Rathnaskilloge Solar Farm - Curraheen Array",
        "operator": "Highfield Solar",
        "capacity_mw": 65.0,
        "power": "plant",
        "plant_source": "solar"
      }
    },
    {
      "type": "Feature",
      "geometry": {
        "type": "Point",
        "coordinates": [
          -1.0166168,
          53.7352473
        ]
      },
      "properties": {
        "osm_type": "way",
        "osm_id": 1358557630,
        "power": "plant",
        "plant_source": "solar"
      }
    },
    {
      "type": "Feature",
      "geometry": {
        "type": "Point",
        "coordinates": [
          -0.2673285,
          50.9954251
        ]
      },
      "properties": {
        "osm_type": "way",
        "osm_id": 1360362424,
        "name": "Solar Array",
        "power": "plant",
        "plant_source": "solar"
      }
    },
    {
      "type": "Feature",
      "geometry": {
        "type": "Point",
        "coordinates": [
          -7.5050543,
          54.3036289
        ]
      },
      "properties": {
        "osm_type": "way",
        "osm_id": 1360365375,
        "power": "plant",
        "plant_source": "solar"
      }
    },
    {
      "type": "Feature",
      "geometry": {
        "type": "Point",
        "coordinates": [
          -1.7504419,
          52.4614218
        ]
      },
      "properties": {
        "osm_type": "way",
        "osm_id": 1360955694,
        "capacity_mw": 6.8,
        "power": "plant",
        "plant_source": "solar"
      }
    },
    {
      "type": "Feature",
      "geometry": {
        "type": "Point",
        "coordinates": [
          -7.6281904,
          53.3387153
        ]
      },
      "properties": {
        "osm_type": "way",
        "osm_id": 1361565668,
        "power": "plant",
        "plant_source": "solar"
      }
    },
    {
      "type": "Feature",
      "geometry": {
        "type": "Point",
        "coordinates": [
          -6.3648035,
          55.761779
        ]
      },
      "properties": {
        "osm_type": "way",
        "osm_id": 1361736138,
        "power": "plant",
        "plant_source": "solar"
      }
    },
    {
      "type": "Feature",
      "geometry": {
        "type": "Point",
        "coordinates": [
          -2.1086301,
          52.3030855
        ]
      },
      "properties": {
        "osm_type": "way",
        "osm_id": 1362660446,
        "power": "plant",
        "plant_source": "solar"
      }
    },
    {
      "type": "Feature",
      "geometry": {
        "type": "Point",
        "coordinates": [
          -2.1508399,
          50.9971093
        ]
      },
      "properties": {
        "osm_type": "way",
        "osm_id": 1366985179,
        "power": "plant",
        "plant_source": "solar"
      }
    },
    {
      "type": "Feature",
      "geometry": {
        "type": "Point",
        "coordinates": [
          1.0826019,
          52.8648827
        ]
      },
      "properties": {
        "osm_type": "way",
        "osm_id": 1368452242,
        "power": "plant",
        "plant_source": "solar"
      }
    },
    {
      "type": "Feature",
      "geometry": {
        "type": "Point",
        "coordinates": [
          1.0758246,
          52.8570974
        ]
      },
      "properties": {
        "osm_type": "way",
        "osm_id": 1368491146,
        "power": "plant",
        "plant_source": "solar"
      }
    },
    {
      "type": "Feature",
      "geometry": {
        "type": "Point",
        "coordinates": [
          1.0751045,
          52.8565869
        ]
      },
      "properties": {
        "osm_type": "way",
        "osm_id": 1368491147,
        "power": "plant",
        "plant_source": "solar"
      }
    },
    {
      "type": "Feature",
      "geometry": {
        "type": "Point",
        "coordinates": [
          1.1527466,
          52.5546304
        ]
      },
      "properties": {
        "osm_type": "way",
        "osm_id": 1369362122,
        "power": "plant",
        "plant_source": "solar"
      }
    },
    {
      "type": "Feature",
      "geometry": {
        "type": "Point",
        "coordinates": [
          1.1519481,
          52.5543702
        ]
      },
      "properties": {
        "osm_type": "way",
        "osm_id": 1369362123,
        "power": "plant",
        "plant_source": "solar"
      }
    },
    {
      "type": "Feature",
      "geometry": {
        "type": "Point",
        "coordinates": [
          1.152464,
          52.5539996
        ]
      },
      "properties": {
        "osm_type": "way",
        "osm_id": 1369362124,
        "power": "plant",
        "plant_source": "solar"
      }
    },
    {
      "type": "Feature",
      "geometry": {
        "type": "Point",
        "coordinates": [
          -4.814635,
          50.4269453
        ]
      },
      "properties": {
        "osm_type": "way",
        "osm_id": 1370100562,
        "power": "plant",
        "plant_source": "solar"
      }
    },
    {
      "type": "Feature",
      "geometry": {
        "type": "Point",
        "coordinates": [
          -6.0400263,
          54.7887087
        ]
      },
      "properties": {
        "osm_type": "way",
        "osm_id": 1370819248,
        "power": "plant",
        "plant_source": "solar"
      }
    },
    {
      "type": "Feature",
      "geometry": {
        "type": "Point",
        "coordinates": [
          0.7123514,
          52.005357
        ]
      },
      "properties": {
        "osm_type": "way",
        "osm_id": 1371215613,
        "name": "Clay Hill Solar Farm",
        "operator": "EEC Power Systems Ltd",
        "capacity_mw": 0.3,
        "power": "plant",
        "plant_source": "solar"
      }
    },
    {
      "type": "Feature",
      "geometry": {
        "type": "Point",
        "coordinates": [
          -6.3024093,
          53.4204251
        ]
      },
      "properties": {
        "osm_type": "way",
        "osm_id": 1375864837,
        "name": "Dublin Airport Solar Farm",
        "capacity_mw": 9.0,
        "power": "plant",
        "plant_source": "solar"
      }
    },
    {
      "type": "Feature",
      "geometry": {
        "type": "Point",
        "coordinates": [
          1.2098194,
          52.7758333
        ]
      },
      "properties": {
        "osm_type": "way",
        "osm_id": 1376393304,
        "power": "plant",
        "plant_source": "solar"
      }
    },
    {
      "type": "Feature",
      "geometry": {
        "type": "Point",
        "coordinates": [
          0.2387555,
          52.5730662
        ]
      },
      "properties": {
        "osm_type": "way",
        "osm_id": 1377008799,
        "power": "plant",
        "plant_source": "solar"
      }
    },
    {
      "type": "Feature",
      "geometry": {
        "type": "Point",
        "coordinates": [
          -3.8656289,
          56.0092656
        ]
      },
      "properties": {
        "osm_type": "way",
        "osm_id": 1377484913,
        "power": "plant",
        "plant_source": "solar"
      }
    },
    {
      "type": "Feature",
      "geometry": {
        "type": "Point",
        "coordinates": [
          -3.8642218,
          56.0091649
        ]
      },
      "properties": {
        "osm_type": "way",
        "osm_id": 1377484914,
        "power": "plant",
        "plant_source": "solar"
      }
    },
    {
      "type": "Feature",
      "geometry": {
        "type": "Point",
        "coordinates": [
          -4.4148108,
          55.925322
        ]
      },
      "properties": {
        "osm_type": "way",
        "osm_id": 1378169806,
        "power": "plant",
        "plant_source": "solar"
      }
    },
    {
      "type": "Feature",
      "geometry": {
        "type": "Point",
        "coordinates": [
          -4.4147659,
          55.9253147
        ]
      },
      "properties": {
        "osm_type": "way",
        "osm_id": 1378169807,
        "power": "plant",
        "plant_source": "solar"
      }
    },
    {
      "type": "Feature",
      "geometry": {
        "type": "Point",
        "coordinates": [
          -2.9135254,
          53.7852482
        ]
      },
      "properties": {
        "osm_type": "way",
        "osm_id": 1379412758,
        "power": "plant",
        "plant_source": "solar"
      }
    },
    {
      "type": "Feature",
      "geometry": {
        "type": "Point",
        "coordinates": [
          -1.8441677,
          54.4983802
        ]
      },
      "properties": {
        "osm_type": "way",
        "osm_id": 1381488307,
        "power": "plant",
        "plant_source": "solar"
      }
    },
    {
      "type": "Feature",
      "geometry": {
        "type": "Point",
        "coordinates": [
          0.867983,
          52.7571315
        ]
      },
      "properties": {
        "osm_type": "way",
        "osm_id": 1386322748,
        "power": "plant",
        "plant_source": "solar"
      }
    },
    {
      "type": "Feature",
      "geometry": {
        "type": "Point",
        "coordinates": [
          -0.8577468,
          53.2575834
        ]
      },
      "properties": {
        "osm_type": "way",
        "osm_id": 1388381825,
        "power": "plant",
        "plant_source": "solar"
      }
    },
    {
      "type": "Feature",
      "geometry": {
        "type": "Point",
        "coordinates": [
          -2.4000379,
          51.0792437
        ]
      },
      "properties": {
        "osm_type": "way",
        "osm_id": 1389362077,
        "power": "plant",
        "plant_source": "solar"
      }
    },
    {
      "type": "Feature",
      "geometry": {
        "type": "Point",
        "coordinates": [
          -1.222953,
          53.9033491
        ]
      },
      "properties": {
        "osm_type": "way",
        "osm_id": 1389470769,
        "power": "plant",
        "plant_source": "solar"
      }
    },
    {
      "type": "Feature",
      "geometry": {
        "type": "Point",
        "coordinates": [
          -1.2009521,
          53.904024
        ]
      },
      "properties": {
        "osm_type": "way",
        "osm_id": 1389470775,
        "power": "plant",
        "plant_source": "solar"
      }
    },
    {
      "type": "Feature",
      "geometry": {
        "type": "Point",
        "coordinates": [
          -1.6243063,
          51.7798994
        ]
      },
      "properties": {
        "osm_type": "way",
        "osm_id": 1389570755,
        "power": "plant",
        "plant_source": "solar"
      }
    },
    {
      "type": "Feature",
      "geometry": {
        "type": "Point",
        "coordinates": [
          -3.5700986,
          51.9510902
        ]
      },
      "properties": {
        "osm_type": "way",
        "osm_id": 1389863044,
        "name": "Solar Panels",
        "power": "plant",
        "plant_source": "solar"
      }
    },
    {
      "type": "Feature",
      "geometry": {
        "type": "Point",
        "coordinates": [
          -3.5749091,
          51.9476689
        ]
      },
      "properties": {
        "osm_type": "way",
        "osm_id": 1389863046,
        "name": "Solar Panels",
        "power": "plant",
        "plant_source": "solar"
      }
    },
    {
      "type": "Feature",
      "geometry": {
        "type": "Point",
        "coordinates": [
          0.7536297,
          52.7665832
        ]
      },
      "properties": {
        "osm_type": "way",
        "osm_id": 1391230777,
        "power": "plant",
        "plant_source": "solar"
      }
    },
    {
      "type": "Feature",
      "geometry": {
        "type": "Point",
        "coordinates": [
          -0.4098811,
          53.9915568
        ]
      },
      "properties": {
        "osm_type": "way",
        "osm_id": 1391444372,
        "name": "Driffield Solar Farm",
        "operator": "BayWa r.e. UK Limited",
        "capacity_mw": 48.0,
        "power": "plant",
        "plant_source": "solar"
      }
    },
    {
      "type": "Feature",
      "geometry": {
        "type": "Point",
        "coordinates": [
          1.2178597,
          52.7250881
        ]
      },
      "properties": {
        "osm_type": "way",
        "osm_id": 1393103473,
        "power": "plant",
        "plant_source": "solar"
      }
    },
    {
      "type": "Feature",
      "geometry": {
        "type": "Point",
        "coordinates": [
          -8.6681307,
          51.9080367
        ]
      },
      "properties": {
        "osm_type": "way",
        "osm_id": 1409921392,
        "operator": "Amarenco Solar Inniscarra Limited",
        "capacity_mw": 8.0,
        "power": "plant",
        "plant_source": "solar"
      }
    },
    {
      "type": "Feature",
      "geometry": {
        "type": "Point",
        "coordinates": [
          0.1250166,
          51.9420158
        ]
      },
      "properties": {
        "osm_type": "way",
        "osm_id": 1410683001,
        "name": "Berden Hall Solar Farm",
        "plant_source": "solar"
      }
    },
    {
      "type": "Feature",
      "geometry": {
        "type": "Point",
        "coordinates": [
          -2.5888398,
          56.5987245
        ]
      },
      "properties": {
        "osm_type": "way",
        "osm_id": 1410913998,
        "name": "Parkhill Farm Solar Farm",
        "operator": "Novus Renewable Services Limited",
        "capacity_mw": 9.9,
        "plant_source": "solar"
      }
    },
    {
      "type": "Feature",
      "geometry": {
        "type": "Point",
        "coordinates": [
          0.1228599,
          51.892186
        ]
      },
      "properties": {
        "osm_type": "way",
        "osm_id": 1411121635,
        "name": "Wickham Hall Estate Solar Photovoltaic Farm",
        "operator": "Endurance Energy Wickham Hall Limited",
        "plant_source": "solar"
      }
    },
    {
      "type": "Feature",
      "geometry": {
        "type": "Point",
        "coordinates": [
          0.1212103,
          51.8923192
        ]
      },
      "properties": {
        "osm_type": "way",
        "osm_id": 1411121636,
        "name": "Wickham Hall Estate Solar Photovoltaic Farm",
        "operator": "Endurance Energy Wickham Hall Limited",
        "plant_source": "solar"
      }
    },
    {
      "type": "Feature",
      "geometry": {
        "type": "Point",
        "coordinates": [
          0.1181989,
          51.8909428
        ]
      },
      "properties": {
        "osm_type": "way",
        "osm_id": 1411121637,
        "name": "Wickham Hall Estate Solar Photovoltaic Farm",
        "operator": "Endurance Energy Wickham Hall Limited",
        "plant_source": "solar"
      }
    },
    {
      "type": "Feature",
      "geometry": {
        "type": "Point",
        "coordinates": [
          0.121901,
          51.8871842
        ]
      },
      "properties": {
        "osm_type": "way",
        "osm_id": 1411121638,
        "name": "Wickham Hall Estate Solar Photovoltaic Farm",
        "operator": "Endurance Energy Wickham Hall Limited",
        "plant_source": "solar"
      }
    },
    {
      "type": "Feature",
      "geometry": {
        "type": "Point",
        "coordinates": [
          0.3845275,
          51.8634694
        ]
      },
      "properties": {
        "osm_type": "way",
        "osm_id": 1411125810,
        "name": "Dunmow Solar Farm",
        "operator": "Thrive Renewables",
        "capacity_mw": 14.0,
        "power": "plant",
        "plant_source": "solar"
      }
    },
    {
      "type": "Feature",
      "geometry": {
        "type": "Point",
        "coordinates": [
          0.2655699,
          51.8819173
        ]
      },
      "properties": {
        "osm_type": "way",
        "osm_id": 1411139683,
        "name": "Stansted Solar Project",
        "operator": "Manchester Airport Group Plc",
        "capacity_mw": 14.3,
        "power": "plant",
        "plant_source": "solar"
      }
    },
    {
      "type": "Feature",
      "geometry": {
        "type": "Point",
        "coordinates": [
          0.1890662,
          52.7254285
        ]
      },
      "properties": {
        "osm_type": "way",
        "osm_id": 1411193344,
        "name": "Walpole Bank Solar Farm",
        "operator": "DIF Capital Partners / Green Investment Group",
        "capacity_mw": 40.0,
        "power": "plant",
        "plant_source": "solar"
      }
    },
    {
      "type": "Feature",
      "geometry": {
        "type": "Point",
        "coordinates": [
          -1.4772861,
          52.1848968
        ]
      },
      "properties": {
        "osm_type": "way",
        "osm_id": 1412158221,
        "name": "JLR Gaydon Solar Farm",
        "operator": "JLR",
        "capacity_mw": 20.1,
        "power": "plant",
        "plant_source": "solar"
      }
    },
    {
      "type": "Feature",
      "geometry": {
        "type": "Point",
        "coordinates": [
          -1.8291314,
          52.4617348
        ]
      },
      "properties": {
        "osm_type": "way",
        "osm_id": 1412244900,
        "power": "plant",
        "plant_source": "solar"
      }
    },
    {
      "type": "Feature",
      "geometry": {
        "type": "Point",
        "coordinates": [
          -2.4138338,
          53.858921
        ]
      },
      "properties": {
        "osm_type": "way",
        "osm_id": 1414969216,
        "power": "plant",
        "plant_source": "solar"
      }
    },
    {
      "type": "Feature",
      "geometry": {
        "type": "Point",
        "coordinates": [
          -0.3870163,
          53.2609114
        ]
      },
      "properties": {
        "osm_type": "way",
        "osm_id": 1414980400,
        "power": "plant",
        "plant_source": "solar"
      }
    },
    {
      "type": "Feature",
      "geometry": {
        "type": "Point",
        "coordinates": [
          0.8843724,
          52.3084878
        ]
      },
      "properties": {
        "osm_type": "way",
        "osm_id": 1415417192,
        "power": "plant",
        "plant_source": "solar"
      }
    },
    {
      "type": "Feature",
      "geometry": {
        "type": "Point",
        "coordinates": [
          -0.8023237,
          52.1936683
        ]
      },
      "properties": {
        "osm_type": "way",
        "osm_id": 1416351725,
        "power": "plant",
        "plant_source": "solar"
      }
    },
    {
      "type": "Feature",
      "geometry": {
        "type": "Point",
        "coordinates": [
          -0.4390749,
          53.7741946
        ]
      },
      "properties": {
        "osm_type": "way",
        "osm_id": 1418302775,
        "power": "plant",
        "plant_source": "solar"
      }
    },
    {
      "type": "Feature",
      "geometry": {
        "type": "Point",
        "coordinates": [
          -0.44809,
          53.7745113
        ]
      },
      "properties": {
        "osm_type": "way",
        "osm_id": 1418302776,
        "power": "plant",
        "plant_source": "solar"
      }
    },
    {
      "type": "Feature",
      "geometry": {
        "type": "Point",
        "coordinates": [
          -3.4290088,
          51.5318015
        ]
      },
      "properties": {
        "osm_type": "way",
        "osm_id": 1418429266,
        "name": "Whitehall Farm Solar",
        "operator": "Mccarthy Contractors (Bridgend) Limited",
        "capacity_mw": 1.3,
        "power": "plant",
        "plant_source": "solar"
      }
    },
    {
      "type": "Feature",
      "geometry": {
        "type": "Point",
        "coordinates": [
          -6.0341119,
          54.6958568
        ]
      },
      "properties": {
        "osm_type": "way",
        "osm_id": 1418685995,
        "power": "plant",
        "plant_source": "solar"
      }
    },
    {
      "type": "Feature",
      "geometry": {
        "type": "Point",
        "coordinates": [
          -7.4705341,
          52.1700213
        ]
      },
      "properties": {
        "osm_type": "way",
        "osm_id": 1419193221,
        "name": "Rathnaskilloge Solar Farm - Glen West Array",
        "operator": "Highfield Solar",
        "capacity_mw": 65.0,
        "power": "plant",
        "plant_source": "solar"
      }
    },
    {
      "type": "Feature",
      "geometry": {
        "type": "Point",
        "coordinates": [
          -7.4636647,
          52.1685037
        ]
      },
      "properties": {
        "osm_type": "way",
        "osm_id": 1419351580,
        "name": "Rathnaskilloge Solar Farm - Glen East Array",
        "operator": "Highfield Solar",
        "capacity_mw": 65.0,
        "power": "plant",
        "plant_source": "solar"
      }
    },
    {
      "type": "Feature",
      "geometry": {
        "type": "Point",
        "coordinates": [
          -0.4428241,
          51.3859973
        ]
      },
      "properties": {
        "osm_type": "way",
        "osm_id": 1420234908,
        "power": "plant",
        "plant_source": "solar"
      }
    },
    {
      "type": "Feature",
      "geometry": {
        "type": "Point",
        "coordinates": [
          -0.442547,
          51.3855146
        ]
      },
      "properties": {
        "osm_type": "way",
        "osm_id": 1420234909,
        "power": "plant",
        "plant_source": "solar"
      }
    },
    {
      "type": "Feature",
      "geometry": {
        "type": "Point",
        "coordinates": [
          -2.1795425,
          57.1274136
        ]
      },
      "properties": {
        "osm_type": "way",
        "osm_id": 1422163999,
        "power": "plant",
        "plant_source": "solar"
      }
    },
    {
      "type": "Feature",
      "geometry": {
        "type": "Point",
        "coordinates": [
          1.0157968,
          52.6885384
        ]
      },
      "properties": {
        "osm_type": "way",
        "osm_id": 1422678261,
        "power": "plant",
        "plant_source": "solar"
      }
    },
    {
      "type": "Feature",
      "geometry": {
        "type": "Point",
        "coordinates": [
          1.0160642,
          52.6886505
        ]
      },
      "properties": {
        "osm_type": "way",
        "osm_id": 1422678262,
        "power": "plant",
        "plant_source": "solar"
      }
    },
    {
      "type": "Feature",
      "geometry": {
        "type": "Point",
        "coordinates": [
          -1.0519577,
          52.9293407
        ]
      },
      "properties": {
        "osm_type": "way",
        "osm_id": 1422687046,
        "power": "plant",
        "plant_source": "solar"
      }
    },
    {
      "type": "Feature",
      "geometry": {
        "type": "Point",
        "coordinates": [
          -1.0523902,
          52.9292935
        ]
      },
      "properties": {
        "osm_type": "way",
        "osm_id": 1422687047,
        "power": "plant",
        "plant_source": "solar"
      }
    },
    {
      "type": "Feature",
      "geometry": {
        "type": "Point",
        "coordinates": [
          -2.388058,
          53.8361193
        ]
      },
      "properties": {
        "osm_type": "way",
        "osm_id": 1423655136,
        "power": "plant",
        "plant_source": "solar"
      }
    },
    {
      "type": "Feature",
      "geometry": {
        "type": "Point",
        "coordinates": [
          0.5910087,
          52.0587046
        ]
      },
      "properties": {
        "osm_type": "way",
        "osm_id": 1423938303,
        "name": "Knowl Green Solar Park",
        "operator": "British Solar Renewables",
        "capacity_mw": 49.99,
        "plant_source": "solar"
      }
    },
    {
      "type": "Feature",
      "geometry": {
        "type": "Point",
        "coordinates": [
          -1.6747767,
          55.0386371
        ]
      },
      "properties": {
        "osm_type": "way",
        "osm_id": 1424942430,
        "power": "plant",
        "plant_source": "solar"
      }
    },
    {
      "type": "Feature",
      "geometry": {
        "type": "Point",
        "coordinates": [
          -5.3511706,
          50.195262
        ]
      },
      "properties": {
        "osm_type": "way",
        "osm_id": 1426503800,
        "power": "plant",
        "plant_source": "solar"
      }
    },
    {
      "type": "Feature",
      "geometry": {
        "type": "Point",
        "coordinates": [
          -7.6219431,
          54.3344721
        ]
      },
      "properties": {
        "osm_type": "way",
        "osm_id": 1427574037,
        "power": "plant",
        "plant_source": "solar"
      }
    },
    {
      "type": "Feature",
      "geometry": {
        "type": "Point",
        "coordinates": [
          -0.3277512,
          52.411366
        ]
      },
      "properties": {
        "osm_type": "way",
        "osm_id": 1427602255,
        "power": "plant",
        "plant_source": "solar"
      }
    },
    {
      "type": "Feature",
      "geometry": {
        "type": "Point",
        "coordinates": [
          -6.2682407,
          52.6503987
        ]
      },
      "properties": {
        "osm_type": "way",
        "osm_id": 1429775457,
        "name": "Gorey Solar Farm",
        "operator": "NTR",
        "capacity_mw": 7.0,
        "power": "plant",
        "plant_source": "solar"
      }
    },
    {
      "type": "Feature",
      "geometry": {
        "type": "Point",
        "coordinates": [
          -0.5442963,
          51.1189189
        ]
      },
      "properties": {
        "osm_type": "way",
        "osm_id": 1430715269,
        "name": "Dunsfold Park Solar Farm",
        "operator": "Dunsfold Park Ltd",
        "capacity_mw": 2.0,
        "power": "plant",
        "plant_source": "solar"
      }
    },
    {
      "type": "Feature",
      "geometry": {
        "type": "Point",
        "coordinates": [
          -6.7593178,
          53.8454241
        ]
      },
      "properties": {
        "osm_type": "way",
        "osm_id": 1432075314,
        "power": "plant",
        "plant_source": "solar"
      }
    },
    {
      "type": "Feature",
      "geometry": {
        "type": "Point",
        "coordinates": [
          -8.1589254,
          51.842935
        ]
      },
      "properties": {
        "osm_type": "way",
        "osm_id": 1432108929,
        "name": "Lurrig Solar Farm",
        "operator": "IQ Solar Limited",
        "power": "plant",
        "plant_source": "solar"
      }
    },
    {
      "type": "Feature",
      "geometry": {
        "type": "Point",
        "coordinates": [
          -0.4198354,
          52.134938
        ]
      },
      "properties": {
        "osm_type": "way",
        "osm_id": 1432316735,
        "power": "plant",
        "plant_source": "solar"
      }
    },
    {
      "type": "Feature",
      "geometry": {
        "type": "Point",
        "coordinates": [
          -2.2733801,
          53.6059321
        ]
      },
      "properties": {
        "osm_type": "way",
        "osm_id": 1433218486,
        "power": "plant",
        "plant_source": "solar"
      }
    },
    {
      "type": "Feature",
      "geometry": {
        "type": "Point",
        "coordinates": [
          -0.9396418,
          53.9905067
        ]
      },
      "properties": {
        "osm_type": "way",
        "osm_id": 1433323246,
        "power": "plant",
        "plant_source": "solar"
      }
    },
    {
      "type": "Feature",
      "geometry": {
        "type": "Point",
        "coordinates": [
          -0.9971171,
          53.8131623
        ]
      },
      "properties": {
        "osm_type": "way",
        "osm_id": 1434677283,
        "power": "plant",
        "plant_source": "solar"
      }
    },
    {
      "type": "Feature",
      "geometry": {
        "type": "Point",
        "coordinates": [
          0.9781797,
          52.0786726
        ]
      },
      "properties": {
        "osm_type": "way",
        "osm_id": 1435220844,
        "name": "Elmsett Airfield Solar Farm",
        "power": "plant",
        "plant_source": "solar"
      }
    },
    {
      "type": "Feature",
      "geometry": {
        "type": "Point",
        "coordinates": [
          -1.968088,
          53.6693826
        ]
      },
      "properties": {
        "osm_type": "way",
        "osm_id": 1435618714,
        "power": "plant",
        "plant_source": "solar"
      }
    },
    {
      "type": "Feature",
      "geometry": {
        "type": "Point",
        "coordinates": [
          -1.2074606,
          50.9426246
        ]
      },
      "properties": {
        "osm_type": "way",
        "osm_id": 1437059800,
        "power": "plant",
        "plant_source": "solar"
      }
    },
    {
      "type": "Feature",
      "geometry": {
        "type": "Point",
        "coordinates": [
          -1.2083918,
          50.9409589
        ]
      },
      "properties": {
        "osm_type": "way",
        "osm_id": 1437059801,
        "power": "plant",
        "plant_source": "solar"
      }
    },
    {
      "type": "Feature",
      "geometry": {
        "type": "Point",
        "coordinates": [
          -3.9137145,
          51.63018
        ]
      },
      "properties": {
        "osm_type": "way",
        "osm_id": 1442564905,
        "name": "Carn Nicholas Farm",
        "operator": "Innova Renewables Limited",
        "capacity_mw": 10.0,
        "power": "plant",
        "plant_source": "solar"
      }
    },
    {
      "type": "Feature",
      "geometry": {
        "type": "Point",
        "coordinates": [
          -0.8982514,
          51.963364
        ]
      },
      "properties": {
        "osm_type": "way",
        "osm_id": 1442566461,
        "name": "Fox Covert Solar Farm",
        "operator": "Low Carbon",
        "capacity_mw": 22.0,
        "power": "plant",
        "plant_source": "solar"
      }
    },
    {
      "type": "Feature",
      "geometry": {
        "type": "Point",
        "coordinates": [
          -2.6283087,
          52.053375
        ]
      },
      "properties": {
        "osm_type": "way",
        "osm_id": 1442570954,
        "name": "Larport Solar Farm",
        "operator": "Conrad Energy",
        "capacity_mw": 45.0,
        "power": "plant",
        "plant_source": "solar"
      }
    },
    {
      "type": "Feature",
      "geometry": {
        "type": "Point",
        "coordinates": [
          -2.9775342,
          51.1582806
        ]
      },
      "properties": {
        "osm_type": "way",
        "osm_id": 1442571367,
        "name": "Horsey Levels Solar Farm",
        "operator": "Enviromena Asset Management UK Limited",
        "capacity_mw": 24.0,
        "power": "plant",
        "plant_source": "solar"
      }
    },
    {
      "type": "Feature",
      "geometry": {
        "type": "Point",
        "coordinates": [
          0.6643358,
          52.0780412
        ]
      },
      "properties": {
        "osm_type": "way",
        "osm_id": 1442572375,
        "name": "Pentlow Hill",
        "operator": "Nextpower SPV 11 Limited",
        "capacity_mw": 24.0,
        "power": "plant",
        "plant_source": "solar"
      }
    },
    {
      "type": "Feature",
      "geometry": {
        "type": "Point",
        "coordinates": [
          0.6603873,
          51.704961
        ]
      },
      "properties": {
        "osm_type": "way",
        "osm_id": 1442572653,
        "name": "Maldon Wycke Solar Power Station",
        "operator": "Low Carbon UK",
        "capacity_mw": 25.0,
        "power": "plant",
        "plant_source": "solar"
      }
    },
    {
      "type": "Feature",
      "geometry": {
        "type": "Point",
        "coordinates": [
          0.5760848,
          52.5538796
        ]
      },
      "properties": {
        "osm_type": "way",
        "osm_id": 1442574500,
        "name": "Hall Farm, West End Northwold Solar Power Station",
        "operator": "Ampyr Solar Europe",
        "capacity_mw": 10.0,
        "power": "plant",
        "plant_source": "solar"
      }
    },
    {
      "type": "Feature",
      "geometry": {
        "type": "Point",
        "coordinates": [
          -1.3807736,
          54.1154341
        ]
      },
      "properties": {
        "osm_type": "way",
        "osm_id": 1443842260,
        "power": "plant",
        "plant_source": "solar"
      }
    },
    {
      "type": "Feature",
      "geometry": {
        "type": "Point",
        "coordinates": [
          -1.307729,
          53.1397733
        ]
      },
      "properties": {
        "osm_type": "way",
        "osm_id": 1444331803,
        "name": "Whiteborough Solar Park",
        "operator": "Big Solar Co-op",
        "capacity_mw": 2.05,
        "power": "construction",
        "plant_source": "solar"
      }
    },
    {
      "type": "Feature",
      "geometry": {
        "type": "Point",
        "coordinates": [
          -0.9566687,
          53.6808333
        ]
      },
      "properties": {
        "osm_type": "way",
        "osm_id": 1446273643,
        "name": "Rawcliffe Bridge Solar Farm",
        "plant_source": "solar"
      }
    },
    {
      "type": "Feature",
      "geometry": {
        "type": "Point",
        "coordinates": [
          -0.2023653,
          51.1505954
        ]
      },
      "properties": {
        "osm_type": "way",
        "osm_id": 1446765160,
        "power": "plant",
        "plant_source": "solar"
      }
    },
    {
      "type": "Feature",
      "geometry": {
        "type": "Point",
        "coordinates": [
          -1.2515303,
          50.6785697
        ]
      },
      "properties": {
        "osm_type": "way",
        "osm_id": 1446948920,
        "name": "Fieldscale",
        "capacity_mw": 10.0,
        "power": "plant",
        "plant_source": "solar"
      }
    },
    {
      "type": "Feature",
      "geometry": {
        "type": "Point",
        "coordinates": [
          -4.5673633,
          55.8444986
        ]
      },
      "properties": {
        "osm_type": "way",
        "osm_id": 1447228341,
        "power": "plant",
        "plant_source": "solar"
      }
    },
    {
      "type": "Feature",
      "geometry": {
        "type": "Point",
        "coordinates": [
          -6.4637714,
          53.5631268
        ]
      },
      "properties": {
        "osm_type": "way",
        "osm_id": 1447365997,
        "power": "plant",
        "plant_source": "solar"
      }
    },
    {
      "type": "Feature",
      "geometry": {
        "type": "Point",
        "coordinates": [
          -1.0656791,
          53.1291826
        ]
      },
      "properties": {
        "osm_type": "way",
        "osm_id": 1448043442,
        "name": "Inkersall Solar farm",
        "operator": "Goldbeck Solar",
        "capacity_mw": 49.9,
        "power": "plant",
        "plant_source": "solar"
      }
    },
    {
      "type": "Feature",
      "geometry": {
        "type": "Point",
        "coordinates": [
          -0.0685602,
          53.4439032
        ]
      },
      "properties": {
        "osm_type": "way",
        "osm_id": 1448275542,
        "name": "proposed North Ray Solar",
        "capacity_mw": 98.0,
        "plant_source": "solar"
      }
    },
    {
      "type": "Feature",
      "geometry": {
        "type": "Point",
        "coordinates": [
          -3.0536336,
          53.2198717
        ]
      },
      "properties": {
        "osm_type": "way",
        "osm_id": 1450009925,
        "power": "plant",
        "plant_source": "solar"
      }
    },
    {
      "type": "Feature",
      "geometry": {
        "type": "Point",
        "coordinates": [
          -1.4531198,
          52.7198053
        ]
      },
      "properties": {
        "osm_type": "way",
        "osm_id": 1450360134,
        "power": "plant",
        "plant_source": "solar"
      }
    },
    {
      "type": "Feature",
      "geometry": {
        "type": "Point",
        "coordinates": [
          -3.3248489,
          56.3466063
        ]
      },
      "properties": {
        "osm_type": "way",
        "osm_id": 1451092444,
        "name": "Cordon Solar Farm",
        "power": "plant",
        "plant_source": "solar"
      }
    },
    {
      "type": "Feature",
      "geometry": {
        "type": "Point",
        "coordinates": [
          -1.3718936,
          52.659106
        ]
      },
      "properties": {
        "osm_type": "way",
        "osm_id": 1451374587,
        "power": "plant",
        "plant_source": "solar"
      }
    },
    {
      "type": "Feature",
      "geometry": {
        "type": "Point",
        "coordinates": [
          -1.3828095,
          52.6553818
        ]
      },
      "properties": {
        "osm_type": "way",
        "osm_id": 1451374588,
        "power": "plant",
        "plant_source": "solar"
      }
    },
    {
      "type": "Feature",
      "geometry": {
        "type": "Point",
        "coordinates": [
          -1.3738421,
          52.6531131
        ]
      },
      "properties": {
        "osm_type": "way",
        "osm_id": 1451374589,
        "power": "plant",
        "plant_source": "solar"
      }
    },
    {
      "type": "Feature",
      "geometry": {
        "type": "Point",
        "coordinates": [
          -1.3689688,
          52.6568946
        ]
      },
      "properties": {
        "osm_type": "way",
        "osm_id": 1451374590,
        "power": "plant",
        "plant_source": "solar"
      }
    },
    {
      "type": "Feature",
      "geometry": {
        "type": "Point",
        "coordinates": [
          0.5607131,
          52.6712554
        ]
      },
      "properties": {
        "osm_type": "way",
        "osm_id": 1451831837,
        "power": "plant",
        "plant_source": "solar"
      }
    },
    {
      "type": "Feature",
      "geometry": {
        "type": "Point",
        "coordinates": [
          -0.4380652,
          54.0198091
        ]
      },
      "properties": {
        "osm_type": "way",
        "osm_id": 1452016520,
        "power": "plant",
        "plant_source": "solar"
      }
    },
    {
      "type": "Feature",
      "geometry": {
        "type": "Point",
        "coordinates": [
          -7.257284,
          54.5145036
        ]
      },
      "properties": {
        "osm_type": "way",
        "osm_id": 1453335237,
        "power": "plant",
        "plant_source": "solar"
      }
    },
    {
      "type": "Feature",
      "geometry": {
        "type": "Point",
        "coordinates": [
          0.4401056,
          51.1692014
        ]
      },
      "properties": {
        "osm_type": "way",
        "osm_id": 1453947185,
        "name": "Paddock Solar Park",
        "operator": "Voltalia",
        "capacity_mw": 49.9,
        "power": "plant",
        "plant_source": "solar"
      }
    },
    {
      "type": "Feature",
      "geometry": {
        "type": "Point",
        "coordinates": [
          -9.7755607,
          52.1130531
        ]
      },
      "properties": {
        "osm_type": "way",
        "osm_id": 1456647336,
        "power": "plant",
        "plant_source": "solar"
      }
    },
    {
      "type": "Feature",
      "geometry": {
        "type": "Point",
        "coordinates": [
          -9.776452,
          52.1098686
        ]
      },
      "properties": {
        "osm_type": "way",
        "osm_id": 1456647337,
        "power": "plant",
        "plant_source": "solar"
      }
    },
    {
      "type": "Feature",
      "geometry": {
        "type": "Point",
        "coordinates": [
          -1.2256247,
          54.7034889
        ]
      },
      "properties": {
        "osm_type": "way",
        "osm_id": 1460208708,
        "capacity_mw": 1.0,
        "power": "plant",
        "plant_source": "solar"
      }
    },
    {
      "type": "Feature",
      "geometry": {
        "type": "Point",
        "coordinates": [
          1.4280175,
          52.7461939
        ]
      },
      "properties": {
        "osm_type": "way",
        "osm_id": 1460373001,
        "power": "plant",
        "plant_source": "solar"
      }
    },
    {
      "type": "Feature",
      "geometry": {
        "type": "Point",
        "coordinates": [
          1.383975,
          52.8958901
        ]
      },
      "properties": {
        "osm_type": "way",
        "osm_id": 1461333379,
        "power": "plant",
        "plant_source": "solar"
      }
    },
    {
      "type": "Feature",
      "geometry": {
        "type": "Point",
        "coordinates": [
          0.0274005,
          53.7121535
        ]
      },
      "properties": {
        "osm_type": "way",
        "osm_id": 1464188412,
        "power": "plant",
        "plant_source": "solar"
      }
    },
    {
      "type": "Feature",
      "geometry": {
        "type": "Point",
        "coordinates": [
          0.7641304,
          52.2244706
        ]
      },
      "properties": {
        "osm_type": "way",
        "osm_id": 1464223424,
        "power": "plant",
        "plant_source": "solar"
      }
    },
    {
      "type": "Feature",
      "geometry": {
        "type": "Point",
        "coordinates": [
          -3.0698604,
          56.463276
        ]
      },
      "properties": {
        "osm_type": "way",
        "osm_id": 1464317759,
        "name": "Bullionfield Solar Farm",
        "capacity_mw": 2.6,
        "power": "plant",
        "plant_source": "solar"
      }
    },
    {
      "type": "Feature",
      "geometry": {
        "type": "Point",
        "coordinates": [
          -1.4543785,
          52.5590818
        ]
      },
      "properties": {
        "osm_type": "way",
        "osm_id": 1465335629,
        "name": "Solar Farm",
        "power": "plant",
        "plant_source": "solar"
      }
    },
    {
      "type": "Feature",
      "geometry": {
        "type": "Point",
        "coordinates": [
          0.601536,
          51.0836055
        ]
      },
      "properties": {
        "osm_type": "way",
        "osm_id": 1466495627,
        "power": "plant",
        "plant_source": "solar"
      }
    },
    {
      "type": "Feature",
      "geometry": {
        "type": "Point",
        "coordinates": [
          0.7080145,
          51.130441
        ]
      },
      "properties": {
        "osm_type": "way",
        "osm_id": 1467113715,
        "power": "plant",
        "plant_source": "solar"
      }
    },
    {
      "type": "Feature",
      "geometry": {
        "type": "Point",
        "coordinates": [
          -1.3234156,
          54.1676722
        ]
      },
      "properties": {
        "osm_type": "way",
        "osm_id": 1468586686,
        "power": "plant",
        "plant_source": "solar"
      }
    },
    {
      "type": "Feature",
      "geometry": {
        "type": "Point",
        "coordinates": [
          0.1993502,
          51.8905688
        ]
      },
      "properties": {
        "osm_type": "way",
        "osm_id": 1468751029,
        "name": "Proposed Solar Farm",
        "plant_source": "solar"
      }
    },
    {
      "type": "Feature",
      "geometry": {
        "type": "Point",
        "coordinates": [
          0.2001545,
          51.887198
        ]
      },
      "properties": {
        "osm_type": "way",
        "osm_id": 1468751030,
        "name": "Proposed Solar Farm",
        "plant_source": "solar"
      }
    },
    {
      "type": "Feature",
      "geometry": {
        "type": "Point",
        "coordinates": [
          0.2032551,
          51.8835263
        ]
      },
      "properties": {
        "osm_type": "way",
        "osm_id": 1468751032,
        "name": "Proposed Solar Farm",
        "plant_source": "solar"
      }
    },
    {
      "type": "Feature",
      "geometry": {
        "type": "Point",
        "coordinates": [
          -4.1744098,
          55.6223157
        ]
      },
      "properties": {
        "osm_type": "way",
        "osm_id": 1469215316,
        "power": "plant",
        "plant_source": "solar"
      }
    },
    {
      "type": "Feature",
      "geometry": {
        "type": "Point",
        "coordinates": [
          -4.602026,
          55.8971579
        ]
      },
      "properties": {
        "osm_type": "way",
        "osm_id": 1469590603,
        "power": "plant",
        "plant_source": "solar"
      }
    },
    {
      "type": "Feature",
      "geometry": {
        "type": "Point",
        "coordinates": [
          -4.3368016,
          52.9114552
        ]
      },
      "properties": {
        "osm_type": "way",
        "osm_id": 1473217615,
        "power": "plant",
        "plant_source": "solar"
      }
    },
    {
      "type": "Feature",
      "geometry": {
        "type": "Point",
        "coordinates": [
          -4.3363977,
          52.9115477
        ]
      },
      "properties": {
        "osm_type": "way",
        "osm_id": 1473217616,
        "power": "plant",
        "plant_source": "solar"
      }
    },
    {
      "type": "Feature",
      "geometry": {
        "type": "Point",
        "coordinates": [
          -7.3647457,
          52.7956288
        ]
      },
      "properties": {
        "osm_type": "way",
        "osm_id": 1473368746,
        "name": "Tirl\u00e1n Solar Farm",
        "operator": "Powercomm",
        "capacity_mw": 8.0,
        "power": "plant",
        "plant_source": "solar"
      }
    },
    {
      "type": "Feature",
      "geometry": {
        "type": "Point",
        "coordinates": [
          0.4868327,
          51.0416688
        ]
      },
      "properties": {
        "osm_type": "way",
        "osm_id": 1473681512,
        "power": "plant",
        "plant_source": "solar"
      }
    },
    {
      "type": "Feature",
      "geometry": {
        "type": "Point",
        "coordinates": [
          0.4882436,
          51.0423517
        ]
      },
      "properties": {
        "osm_type": "way",
        "osm_id": 1473681513,
        "power": "plant",
        "plant_source": "solar"
      }
    },
    {
      "type": "Feature",
      "geometry": {
        "type": "Point",
        "coordinates": [
          -2.1766354,
          50.8135787
        ]
      },
      "properties": {
        "osm_type": "way",
        "osm_id": 1475269937,
        "power": "plant",
        "plant_source": "solar"
      }
    },
    {
      "type": "Feature",
      "geometry": {
        "type": "Point",
        "coordinates": [
          -2.0487935,
          50.7771887
        ]
      },
      "properties": {
        "osm_type": "way",
        "osm_id": 1475269939,
        "power": "plant",
        "plant_source": "solar"
      }
    },
    {
      "type": "Feature",
      "geometry": {
        "type": "Point",
        "coordinates": [
          -1.978768,
          51.7667777
        ]
      },
      "properties": {
        "osm_type": "way",
        "osm_id": 1475439074,
        "power": "plant",
        "plant_source": "solar"
      }
    },
    {
      "type": "Feature",
      "geometry": {
        "type": "Point",
        "coordinates": [
          -0.7393232,
          54.0991806
        ]
      },
      "properties": {
        "osm_type": "way",
        "osm_id": 1475489773,
        "power": "plant",
        "plant_source": "solar"
      }
    },
    {
      "type": "Feature",
      "geometry": {
        "type": "Point",
        "coordinates": [
          -0.8253768,
          54.0275449
        ]
      },
      "properties": {
        "osm_type": "way",
        "osm_id": 1475567296,
        "power": "plant",
        "plant_source": "solar"
      }
    },
    {
      "type": "Feature",
      "geometry": {
        "type": "Point",
        "coordinates": [
          -0.8257669,
          54.028832
        ]
      },
      "properties": {
        "osm_type": "way",
        "osm_id": 1475567303,
        "power": "plant",
        "plant_source": "solar"
      }
    },
    {
      "type": "Feature",
      "geometry": {
        "type": "Point",
        "coordinates": [
          -0.6909369,
          50.8315156
        ]
      },
      "properties": {
        "osm_type": "way",
        "osm_id": 1475992895,
        "power": "plant",
        "plant_source": "solar"
      }
    },
    {
      "type": "Feature",
      "geometry": {
        "type": "Point",
        "coordinates": [
          -1.55908,
          50.7682882
        ]
      },
      "properties": {
        "osm_type": "way",
        "osm_id": 1476959012,
        "power": "plant",
        "plant_source": "solar"
      }
    },
    {
      "type": "Feature",
      "geometry": {
        "type": "Point",
        "coordinates": [
          -0.6556123,
          50.8495757
        ]
      },
      "properties": {
        "osm_type": "way",
        "osm_id": 1478430925,
        "power": "plant",
        "plant_source": "solar"
      }
    },
    {
      "type": "Feature",
      "geometry": {
        "type": "Point",
        "coordinates": [
          -0.9483606,
          52.5705387
        ]
      },
      "properties": {
        "osm_type": "way",
        "osm_id": 1479038941,
        "power": "plant",
        "plant_source": "solar"
      }
    },
    {
      "type": "Feature",
      "geometry": {
        "type": "Point",
        "coordinates": [
          -1.4293978,
          50.9173378
        ]
      },
      "properties": {
        "osm_type": "way",
        "osm_id": 1481206446,
        "name": "Freemantle and Shirley Community Centre Rooftop Solar Array",
        "operator": "Big Solar Co-op",
        "capacity_mw": 0.027,
        "power": "plant",
        "plant_source": "solar"
      }
    },
    {
      "type": "Feature",
      "geometry": {
        "type": "Point",
        "coordinates": [
          0.4317185,
          51.1617422
        ]
      },
      "properties": {
        "osm_type": "way",
        "osm_id": 1482502844,
        "power": "plant",
        "plant_source": "solar"
      }
    },
    {
      "type": "Feature",
      "geometry": {
        "type": "Point",
        "coordinates": [
          -2.0789167,
          57.3144103
        ]
      },
      "properties": {
        "osm_type": "way",
        "osm_id": 1483333224,
        "name": "Kincraig Solar Farm",
        "operator": "European Energy UK Limited",
        "capacity_mw": 20.6,
        "power": "plant",
        "plant_source": "solar"
      }
    },
    {
      "type": "Feature",
      "geometry": {
        "type": "Point",
        "coordinates": [
          -0.8399558,
          53.9104615
        ]
      },
      "properties": {
        "osm_type": "way",
        "osm_id": 1483342059,
        "name": "Soay Solar Farm",
        "operator": "Statkraft Markets GmbH",
        "capacity_mw": 49.9,
        "plant_source": "solar"
      }
    },
    {
      "type": "Feature",
      "geometry": {
        "type": "Point",
        "coordinates": [
          0.7994189,
          51.8590882
        ]
      },
      "properties": {
        "osm_type": "way",
        "osm_id": 1483395784,
        "name": "Birch Solar Farm",
        "operator": "Low Carbon Investment Management Ltd",
        "capacity_mw": 39.0,
        "power": "plant",
        "plant_source": "solar"
      }
    },
    {
      "type": "Feature",
      "geometry": {
        "type": "Point",
        "coordinates": [
          -2.5966772,
          50.9088662
        ]
      },
      "properties": {
        "osm_type": "way",
        "osm_id": 1483412359,
        "name": "Clifton Farm",
        "operator": "Voltalia UK",
        "capacity_mw": 35.0,
        "power": "plant",
        "plant_source": "solar"
      }
    },
    {
      "type": "Feature",
      "geometry": {
        "type": "Point",
        "coordinates": [
          -2.3678523,
          57.1148114
        ]
      },
      "properties": {
        "osm_type": "way",
        "osm_id": 1483661713,
        "name": "Cullerlie Solar Farm",
        "operator": "Elgin Energy",
        "capacity_mw": 13.0,
        "power": "plant",
        "plant_source": "solar"
      }
    },
    {
      "type": "Feature",
      "geometry": {
        "type": "Point",
        "coordinates": [
          0.2996992,
          52.0117793
        ]
      },
      "properties": {
        "osm_type": "way",
        "osm_id": 1484089630,
        "name": "Long Meadow Solar Farm",
        "operator": "Low Carbon Investment Management Ltd",
        "capacity_mw": 19.0,
        "power": "plant",
        "plant_source": "solar"
      }
    },
    {
      "type": "Feature",
      "geometry": {
        "type": "Point",
        "coordinates": [
          -0.7480271,
          53.7401943
        ]
      },
      "properties": {
        "osm_type": "way",
        "osm_id": 1486275510,
        "power": "plant",
        "plant_source": "solar"
      }
    },
    {
      "type": "Feature",
      "geometry": {
        "type": "Point",
        "coordinates": [
          -1.7932898,
          53.594499
        ]
      },
      "properties": {
        "osm_type": "way",
        "osm_id": 1488397174,
        "power": "plant",
        "plant_source": "solar"
      }
    },
    {
      "type": "Feature",
      "geometry": {
        "type": "Point",
        "coordinates": [
          0.7665043,
          51.1905946
        ]
      },
      "properties": {
        "osm_type": "way",
        "osm_id": 1488648961,
        "power": "plant",
        "plant_source": "solar"
      }
    },
    {
      "type": "Feature",
      "geometry": {
        "type": "Point",
        "coordinates": [
          0.7363785,
          51.1676627
        ]
      },
      "properties": {
        "osm_type": "way",
        "osm_id": 1489200394,
        "power": "plant",
        "plant_source": "solar"
      }
    },
    {
      "type": "Feature",
      "geometry": {
        "type": "Point",
        "coordinates": [
          -0.2606158,
          50.9586318
        ]
      },
      "properties": {
        "osm_type": "way",
        "osm_id": 1489614128,
        "power": "plant",
        "plant_source": "solar"
      }
    },
    {
      "type": "Feature",
      "geometry": {
        "type": "Point",
        "coordinates": [
          -2.1725008,
          51.5042797
        ]
      },
      "properties": {
        "osm_type": "way",
        "osm_id": 1490958655,
        "name": "Leigh Delamere Solar farm",
        "operator": "Eden Renewables",
        "capacity_mw": 49.9,
        "plant_source": "solar"
      }
    },
    {
      "type": "Feature",
      "geometry": {
        "type": "Point",
        "coordinates": [
          -1.4939685,
          51.763219
        ]
      },
      "properties": {
        "osm_type": "way",
        "osm_id": 1490968279,
        "name": "Ducklington Solar Farm",
        "operator": "Innova",
        "capacity_mw": 27.5,
        "power": "plant",
        "plant_source": "solar"
      }
    },
    {
      "type": "Feature",
      "geometry": {
        "type": "Point",
        "coordinates": [
          -1.9040144,
          57.591642
        ]
      },
      "properties": {
        "osm_type": "way",
        "osm_id": 1490977291,
        "name": "Bilbo Solar Farm",
        "operator": "Ethical Power",
        "capacity_mw": 36.6,
        "power": "plant",
        "plant_source": "solar"
      }
    },
    {
      "type": "Feature",
      "geometry": {
        "type": "Point",
        "coordinates": [
          -1.5769994,
          54.5668182
        ]
      },
      "properties": {
        "osm_type": "way",
        "osm_id": 1491041215,
        "name": "Burtree Lane Solar farm",
        "operator": "Aura Power",
        "capacity_mw": 40.0,
        "plant_source": "solar"
      }
    },
    {
      "type": "Feature",
      "geometry": {
        "type": "Point",
        "coordinates": [
          1.2135118,
          52.562483
        ]
      },
      "properties": {
        "osm_type": "way",
        "osm_id": 1491212351,
        "name": "Bracon Ash Solar Farm",
        "operator": "Luminous Energy",
        "capacity_mw": 28.5,
        "power": "plant",
        "plant_source": "solar"
      }
    },
    {
      "type": "Feature",
      "geometry": {
        "type": "Point",
        "coordinates": [
          -0.5947997,
          51.4280285
        ]
      },
      "properties": {
        "osm_type": "way",
        "osm_id": 1491237801,
        "power": "plant",
        "plant_source": "solar"
      }
    },
    {
      "type": "Feature",
      "geometry": {
        "type": "Point",
        "coordinates": [
          0.3190515,
          52.7814579
        ]
      },
      "properties": {
        "osm_type": "way",
        "osm_id": 1492016799,
        "power": "plant",
        "plant_source": "solar"
      }
    },
    {
      "type": "Feature",
      "geometry": {
        "type": "Point",
        "coordinates": [
          -3.4052689,
          51.3951266
        ]
      },
      "properties": {
        "osm_type": "way",
        "osm_id": 1492970935,
        "name": "West Hall Solar Farm",
        "capacity_mw": 7.0,
        "power": "plant",
        "plant_source": "solar"
      }
    },
    {
      "type": "Feature",
      "geometry": {
        "type": "Point",
        "coordinates": [
          -1.6785751,
          54.3783858
        ]
      },
      "properties": {
        "osm_type": "way",
        "osm_id": 1493640956,
        "power": "plant",
        "plant_source": "solar"
      }
    },
    {
      "type": "Feature",
      "geometry": {
        "type": "Point",
        "coordinates": [
          0.1099441,
          52.7076201
        ]
      },
      "properties": {
        "osm_type": "way",
        "osm_id": 1494703896,
        "power": "plant",
        "plant_source": "solar"
      }
    },
    {
      "type": "Feature",
      "geometry": {
        "type": "Point",
        "coordinates": [
          0.1105638,
          52.7075155
        ]
      },
      "properties": {
        "osm_type": "way",
        "osm_id": 1494703897,
        "power": "plant",
        "plant_source": "solar"
      }
    },
    {
      "type": "Feature",
      "geometry": {
        "type": "Point",
        "coordinates": [
          0.11654,
          52.7087637
        ]
      },
      "properties": {
        "osm_type": "way",
        "osm_id": 1494703906,
        "power": "plant",
        "plant_source": "solar"
      }
    },
    {
      "type": "Feature",
      "geometry": {
        "type": "Point",
        "coordinates": [
          0.6923239,
          52.0271189
        ]
      },
      "properties": {
        "osm_type": "way",
        "osm_id": 1494764052,
        "power": "plant",
        "plant_source": "solar"
      }
    },
    {
      "type": "Feature",
      "geometry": {
        "type": "Point",
        "coordinates": [
          -8.1979261,
          52.8554491
        ]
      },
      "properties": {
        "osm_type": "way",
        "osm_id": 1496213354,
        "name": "Arrabawn Co-Op Solar Farm",
        "operator": "Arrabawn Co-Operative Society Limited",
        "capacity_mw": 5.6,
        "power": "plant",
        "plant_source": "solar"
      }
    },
    {
      "type": "Feature",
      "geometry": {
        "type": "Point",
        "coordinates": [
          1.2180667,
          51.8616423
        ]
      },
      "properties": {
        "osm_type": "way",
        "osm_id": 1496766425,
        "power": "plant",
        "plant_source": "solar"
      }
    },
    {
      "type": "Feature",
      "geometry": {
        "type": "Point",
        "coordinates": [
          -2.7446201,
          51.030627
        ]
      },
      "properties": {
        "osm_type": "way",
        "osm_id": 1497023209,
        "power": "plant",
        "plant_source": "solar"
      }
    },
    {
      "type": "Feature",
      "geometry": {
        "type": "Point",
        "coordinates": [
          -2.63611,
          50.8099877
        ]
      },
      "properties": {
        "osm_type": "way",
        "osm_id": 1497097482,
        "name": "Rampisham Woods",
        "operator": "British Solar Renewables",
        "power": "plant",
        "plant_source": "solar"
      }
    },
    {
      "type": "Feature",
      "geometry": {
        "type": "Point",
        "coordinates": [
          -3.1912489,
          55.8613863
        ]
      },
      "properties": {
        "osm_type": "way",
        "osm_id": 1497175634,
        "power": "plant",
        "plant_source": "solar"
      }
    },
    {
      "type": "Feature",
      "geometry": {
        "type": "Point",
        "coordinates": [
          -0.9669596,
          54.0418027
        ]
      },
      "properties": {
        "osm_type": "way",
        "osm_id": 1498853544,
        "power": "plant",
        "plant_source": "solar"
      }
    },
    {
      "type": "Feature",
      "geometry": {
        "type": "Point",
        "coordinates": [
          -1.4396107,
          51.5841841
        ]
      },
      "properties": {
        "osm_type": "way",
        "osm_id": 1499010320,
        "power": "plant",
        "plant_source": "solar"
      }
    },
    {
      "type": "Feature",
      "geometry": {
        "type": "Point",
        "coordinates": [
          -0.9850309,
          53.8646775
        ]
      },
      "properties": {
        "osm_type": "way",
        "osm_id": 1499353543,
        "power": "plant",
        "plant_source": "solar"
      }
    },
    {
      "type": "Feature",
      "geometry": {
        "type": "Point",
        "coordinates": [
          1.6661796,
          52.4039496
        ]
      },
      "properties": {
        "osm_type": "way",
        "osm_id": 1499665686,
        "capacity_mw": 0.1,
        "power": "plant",
        "plant_source": "solar"
      }
    },
    {
      "type": "Feature",
      "geometry": {
        "type": "Point",
        "coordinates": [
          1.6799487,
          52.3907688
        ]
      },
      "properties": {
        "osm_type": "way",
        "osm_id": 1499665851,
        "capacity_mw": 0.1,
        "power": "plant",
        "plant_source": "solar"
      }
    },
    {
      "type": "Feature",
      "geometry": {
        "type": "Point",
        "coordinates": [
          1.6845489,
          52.3693133
        ]
      },
      "properties": {
        "osm_type": "way",
        "osm_id": 1499666852,
        "capacity_mw": 0.1,
        "power": "plant",
        "plant_source": "solar"
      }
    },
    {
      "type": "Feature",
      "geometry": {
        "type": "Point",
        "coordinates": [
          -6.3676693,
          53.48914
        ]
      },
      "properties": {
        "osm_type": "way",
        "osm_id": 1500790592,
        "name": "Bullstown Solar Farm",
        "operator": "ESB Generation and Wholesale Markets",
        "capacity_mw": 8.42,
        "power": "plant",
        "plant_source": "solar"
      }
    },
    {
      "type": "Feature",
      "geometry": {
        "type": "Point",
        "coordinates": [
          -7.1522055,
          52.2569249
        ]
      },
      "properties": {
        "osm_type": "way",
        "osm_id": 1500947403,
        "power": "plant",
        "plant_source": "solar"
      }
    },
    {
      "type": "Feature",
      "geometry": {
        "type": "Point",
        "coordinates": [
          0.147331,
          52.2502713
        ]
      },
      "properties": {
        "osm_type": "way",
        "osm_id": 1501251438,
        "power": "plant",
        "plant_source": "solar"
      }
    },
    {
      "type": "Feature",
      "geometry": {
        "type": "Point",
        "coordinates": [
          -0.3058765,
          50.9449633
        ]
      },
      "properties": {
        "osm_type": "way",
        "osm_id": 1501781583,
        "power": "plant",
        "plant_source": "solar"
      }
    },
    {
      "type": "Feature",
      "geometry": {
        "type": "Point",
        "coordinates": [
          0.5259882,
          51.1788273
        ]
      },
      "properties": {
        "osm_type": "way",
        "osm_id": 1503402500,
        "power": "plant",
        "plant_source": "solar"
      }
    },
    {
      "type": "Feature",
      "geometry": {
        "type": "Point",
        "coordinates": [
          0.5263038,
          51.1819891
        ]
      },
      "properties": {
        "osm_type": "way",
        "osm_id": 1503402517,
        "power": "plant",
        "plant_source": "solar"
      }
    },
    {
      "type": "Feature",
      "geometry": {
        "type": "Point",
        "coordinates": [
          -2.0431354,
          51.2844309
        ]
      },
      "properties": {
        "osm_type": "way",
        "osm_id": 1504096662,
        "power": "plant",
        "plant_source": "solar"
      }
    },
    {
      "type": "Feature",
      "geometry": {
        "type": "Point",
        "coordinates": [
          -2.7625741,
          50.8879703
        ]
      },
      "properties": {
        "osm_type": "way",
        "osm_id": 1507500490,
        "power": "plant",
        "plant_source": "solar"
      }
    },
    {
      "type": "Feature",
      "geometry": {
        "type": "Point",
        "coordinates": [
          -1.0713853,
          51.3419775
        ]
      },
      "properties": {
        "osm_type": "way",
        "osm_id": 1508341534,
        "plant_source": "solar"
      }
    },
    {
      "type": "Feature",
      "geometry": {
        "type": "Point",
        "coordinates": [
          -1.2081977,
          53.7339756
        ]
      },
      "properties": {
        "osm_type": "way",
        "osm_id": 1508893175,
        "power": "plant",
        "plant_source": "solar"
      }
    },
    {
      "type": "Feature",
      "geometry": {
        "type": "Point",
        "coordinates": [
          -3.5448074,
          51.7397459
        ]
      },
      "properties": {
        "osm_type": "way",
        "osm_id": 1509451220,
        "name": "Rhigos Road Solar Farm",
        "operator": "Enviromena",
        "capacity_mw": 10.0,
        "plant_source": "solar"
      }
    },
    {
      "type": "Feature",
      "geometry": {
        "type": "Point",
        "coordinates": [
          -2.6857469,
          52.3735636
        ]
      },
      "properties": {
        "osm_type": "way",
        "osm_id": 1509455706,
        "name": "Rock Farm Solar Farm",
        "operator": "Enviromena",
        "capacity_mw": 40.0,
        "plant_source": "solar"
      }
    },
    {
      "type": "Feature",
      "geometry": {
        "type": "Point",
        "coordinates": [
          -1.6802806,
          52.1229002
        ]
      },
      "properties": {
        "osm_type": "way",
        "osm_id": 1509536389,
        "name": "Crimscote Solar Farm",
        "operator": "Regener8 Power",
        "capacity_mw": 45.0,
        "power": "plant",
        "plant_source": "solar"
      }
    },
    {
      "type": "Feature",
      "geometry": {
        "type": "Point",
        "coordinates": [
          -3.7391363,
          50.5276069
        ]
      },
      "properties": {
        "osm_type": "way",
        "osm_id": 1509746204,
        "capacity_mw": 0.62751,
        "power": "plant",
        "plant_source": "solar"
      }
    },
    {
      "type": "Feature",
      "geometry": {
        "type": "Point",
        "coordinates": [
          -4.9417676,
          50.3698298
        ]
      },
      "properties": {
        "osm_type": "way",
        "osm_id": 1509778903,
        "name": "Fraddon Solar Farm",
        "operator": "RWE",
        "capacity_mw": 49.9,
        "plant_source": "solar"
      }
    },
    {
      "type": "Feature",
      "geometry": {
        "type": "Point",
        "coordinates": [
          -2.0994187,
          51.9742322
        ]
      },
      "properties": {
        "osm_type": "way",
        "osm_id": 1509799218,
        "name": "Claydon Farm - Solar Farm & Battery Storage",
        "operator": "RWE",
        "capacity_mw": 49.9,
        "plant_source": "solar"
      }
    },
    {
      "type": "Feature",
      "geometry": {
        "type": "Point",
        "coordinates": [
          -0.4193052,
          53.8593226
        ]
      },
      "properties": {
        "osm_type": "way",
        "osm_id": 1510451750,
        "power": "plant",
        "plant_source": "solar"
      }
    },
    {
      "type": "Feature",
      "geometry": {
        "type": "Point",
        "coordinates": [
          -1.8494877,
          52.1154171
        ]
      },
      "properties": {
        "osm_type": "way",
        "osm_id": 1510482813,
        "name": "Littleton Solar Farm",
        "operator": "SSE",
        "capacity_mw": 31.0,
        "power": "plant",
        "plant_source": "solar"
      }
    },
    {
      "type": "Feature",
      "geometry": {
        "type": "Point",
        "coordinates": [
          0.0484871,
          52.5015431
        ]
      },
      "properties": {
        "osm_type": "way",
        "osm_id": 1511115994,
        "power": "plant",
        "plant_source": "solar"
      }
    },
    {
      "type": "Feature",
      "geometry": {
        "type": "Point",
        "coordinates": [
          -1.3795004,
          54.582872
        ]
      },
      "properties": {
        "osm_type": "way",
        "osm_id": 1512141912,
        "name": "California Farm - Solar Farm & Battery Storage",
        "operator": "Infinis",
        "plant_source": "solar"
      }
    },
    {
      "type": "Feature",
      "geometry": {
        "type": "Point",
        "coordinates": [
          -2.2884982,
          50.6727795
        ]
      },
      "properties": {
        "osm_type": "way",
        "osm_id": 1514581693,
        "name": "North Fossil Solar Farm",
        "operator": "Spring",
        "capacity_mw": 40.0,
        "power": "plant",
        "plant_source": "solar"
      }
    },
    {
      "type": "Feature",
      "geometry": {
        "type": "Point",
        "coordinates": [
          -1.1382302,
          52.3647586
        ]
      },
      "properties": {
        "osm_type": "way",
        "osm_id": 1514710552,
        "name": "Crick Road Solar Farm",
        "operator": "Lightrock Power / Bluefield Solar Income Fund",
        "capacity_mw": 49.9,
        "power": "plant",
        "plant_source": "solar"
      }
    },
    {
      "type": "Feature",
      "geometry": {
        "type": "Point",
        "coordinates": [
          -0.9518563,
          51.3026885
        ]
      },
      "properties": {
        "osm_type": "way",
        "osm_id": 1516058102,
        "name": "Bunkers Hill Solar farm",
        "operator": "Vantage RE",
        "capacity_mw": 49.9,
        "power": "plant",
        "plant_source": "solar"
      }
    },
    {
      "type": "Feature",
      "geometry": {
        "type": "Point",
        "coordinates": [
          -2.9475792,
          50.8728477
        ]
      },
      "properties": {
        "osm_type": "way",
        "osm_id": 1516409254,
        "power": "plant",
        "plant_source": "solar"
      }
    },
    {
      "type": "Feature",
      "geometry": {
        "type": "Point",
        "coordinates": [
          -2.5268911,
          50.895127
        ]
      },
      "properties": {
        "osm_type": "way",
        "osm_id": 1517051486,
        "name": "Higher Stockbridge Solar Farm",
        "operator": "Voltalia",
        "capacity_mw": 35.0,
        "power": "plant",
        "plant_source": "solar"
      }
    },
    {
      "type": "Feature",
      "geometry": {
        "type": "Point",
        "coordinates": [
          -2.4462658,
          53.1291673
        ]
      },
      "properties": {
        "osm_type": "way",
        "osm_id": 1517522765,
        "name": "Moss Farm and Drury Lane Solar Farm",
        "operator": "NextEnergy Capital",
        "capacity_mw": 25.0,
        "plant_source": "solar"
      }
    },
    {
      "type": "Feature",
      "geometry": {
        "type": "Point",
        "coordinates": [
          -1.4012015,
          51.0152719
        ]
      },
      "properties": {
        "osm_type": "way",
        "osm_id": 1518800770,
        "name": "Xela Energy Hursley",
        "operator": "IBM Hursley",
        "power": "plant",
        "plant_source": "solar"
      }
    },
    {
      "type": "Feature",
      "geometry": {
        "type": "Point",
        "coordinates": [
          -3.669332,
          56.0116514
        ]
      },
      "properties": {
        "osm_type": "way",
        "osm_id": 1521245706,
        "name": "Kinneil Solar Farm",
        "power": "plant",
        "plant_source": "solar"
      }
    },
    {
      "type": "Feature",
      "geometry": {
        "type": "Point",
        "coordinates": [
          -7.4342033,
          52.1914515
        ]
      },
      "properties": {
        "osm_type": "way",
        "osm_id": 1523441205,
        "operator": "Elgin Energy",
        "capacity_mw": 4.0,
        "power": "plant",
        "plant_source": "solar"
      }
    },
    {
      "type": "Feature",
      "geometry": {
        "type": "Point",
        "coordinates": [
          1.0443006,
          52.716646
        ]
      },
      "properties": {
        "osm_type": "way",
        "osm_id": 1524464764,
        "name": "Three Bridges Solar Farm and BESS",
        "operator": "Pathfinder Clean Energy UK",
        "capacity_mw": 15.0,
        "power": "plant",
        "plant_source": "solar"
      }
    },
    {
      "type": "Feature",
      "geometry": {
        "type": "Point",
        "coordinates": [
          -3.9403159,
          51.6930334
        ]
      },
      "properties": {
        "osm_type": "way",
        "osm_id": 1524881880,
        "name": "Afon Llan Solar Park",
        "operator": "PS Renewables",
        "capacity_mw": 10.6,
        "power": "plant",
        "plant_source": "solar"
      }
    },
    {
      "type": "Feature",
      "geometry": {
        "type": "Point",
        "coordinates": [
          -1.5299803,
          51.1094592
        ]
      },
      "properties": {
        "osm_type": "way",
        "osm_id": 1524904550,
        "name": "Gander Down Solar Farm",
        "capacity_mw": 7.0,
        "power": "plant",
        "plant_source": "solar"
      }
    },
    {
      "type": "Feature",
      "geometry": {
        "type": "Point",
        "coordinates": [
          -2.6765495,
          51.462862
        ]
      },
      "properties": {
        "osm_type": "way",
        "osm_id": 1525072016,
        "name": "Markham Brook Solar Farm",
        "capacity_mw": 5.0,
        "plant_source": "solar"
      }
    },
    {
      "type": "Feature",
      "geometry": {
        "type": "Point",
        "coordinates": [
          -0.8955543,
          51.7488542
        ]
      },
      "properties": {
        "osm_type": "relation",
        "osm_id": 4476342,
        "name": "Bumpers Solar Farm",
        "capacity_mw": 22.68,
        "power": "plant",
        "plant_source": "solar"
      }
    },
    {
      "type": "Feature",
      "geometry": {
        "type": "Point",
        "coordinates": [
          -1.128391,
          52.7958938
        ]
      },
      "properties": {
        "osm_type": "relation",
        "osm_id": 4487446,
        "name": "Wymeswold Airfield Solar Farm",
        "operator": "Lark Energy",
        "capacity_mw": 34.0,
        "power": "plant",
        "plant_source": "solar"
      }
    },
    {
      "type": "Feature",
      "geometry": {
        "type": "Point",
        "coordinates": [
          -1.0782676,
          50.8842509
        ]
      },
      "properties": {
        "osm_type": "relation",
        "osm_id": 4487491,
        "name": "Southwick Estate Solar Park",
        "operator": "Hive Energy",
        "capacity_mw": 40.0,
        "power": "plant",
        "plant_source": "solar"
      }
    },
    {
      "type": "Feature",
      "geometry": {
        "type": "Point",
        "coordinates": [
          -0.9347961,
          51.746964
        ]
      },
      "properties": {
        "osm_type": "relation",
        "osm_id": 4516780,
        "name": "Towersey Solar Farm",
        "operator": "Luminous Energy",
        "capacity_mw": 4.3,
        "power": "plant",
        "plant_source": "solar"
      }
    },
    {
      "type": "Feature",
      "geometry": {
        "type": "Point",
        "coordinates": [
          -0.9710914,
          51.8454415
        ]
      },
      "properties": {
        "osm_type": "relation",
        "osm_id": 4603573,
        "name": "Westcott solar farm",
        "capacity_mw": 1.25,
        "power": "plant",
        "plant_source": "solar"
      }
    },
    {
      "type": "Feature",
      "geometry": {
        "type": "Point",
        "coordinates": [
          -3.7982335,
          50.42528
        ]
      },
      "properties": {
        "osm_type": "relation",
        "osm_id": 5182719,
        "name": "Marley Thatch Solar Farm",
        "capacity_mw": 6.3,
        "power": "plant",
        "plant_source": "solar"
      }
    },
    {
      "type": "Feature",
      "geometry": {
        "type": "Point",
        "coordinates": [
          0.0644796,
          52.1645167
        ]
      },
      "properties": {
        "osm_type": "relation",
        "osm_id": 5488556,
        "name": "Cantelupe Solar Farm",
        "operator": "BELECTRIC",
        "capacity_mw": 5.0,
        "power": "plant",
        "plant_source": "solar"
      }
    },
    {
      "type": "Feature",
      "geometry": {
        "type": "Point",
        "coordinates": [
          -2.4456536,
          51.5273783
        ]
      },
      "properties": {
        "osm_type": "relation",
        "osm_id": 6171003,
        "name": "Says Court Solar Farm",
        "operator": "Lightsource BP",
        "capacity_mw": 19.8,
        "power": "plant",
        "plant_source": "solar"
      }
    },
    {
      "type": "Feature",
      "geometry": {
        "type": "Point",
        "coordinates": [
          1.3573024,
          52.7549941
        ]
      },
      "properties": {
        "osm_type": "relation",
        "osm_id": 6331464,
        "name": "Scottow Solar Power Station",
        "operator": "Greencoat Solar",
        "capacity_mw": 50.0,
        "power": "plant",
        "plant_source": "solar"
      }
    },
    {
      "type": "Feature",
      "geometry": {
        "type": "Point",
        "coordinates": [
          -5.1393342,
          50.1761384
        ]
      },
      "properties": {
        "osm_type": "relation",
        "osm_id": 7541789,
        "name": "Roskrow Farm",
        "operator": "Roskrow Solar",
        "capacity_mw": 8.9,
        "power": "plant",
        "plant_source": "solar"
      }
    },
    {
      "type": "Feature",
      "geometry": {
        "type": "Point",
        "coordinates": [
          -2.0540524,
          53.4547649
        ]
      },
      "properties": {
        "osm_type": "relation",
        "osm_id": 7564453,
        "name": "Godley Water Treatment Works",
        "operator": "United Utilities",
        "capacity_mw": 3.0,
        "power": "plant",
        "plant_source": "solar"
      }
    },
    {
      "type": "Feature",
      "geometry": {
        "type": "Point",
        "coordinates": [
          -2.5342173,
          51.1448307
        ]
      },
      "properties": {
        "osm_type": "relation",
        "osm_id": 7564605,
        "name": "Pylle Southern",
        "capacity_mw": 5.0,
        "power": "plant",
        "plant_source": "solar"
      }
    },
    {
      "type": "Feature",
      "geometry": {
        "type": "Point",
        "coordinates": [
          -1.4999352,
          52.7509971
        ]
      },
      "properties": {
        "osm_type": "relation",
        "osm_id": 7787637,
        "name": "Prestop Park Farm",
        "operator": "Lightsource BP",
        "capacity_mw": 15.8,
        "power": "plant",
        "plant_source": "solar"
      }
    },
    {
      "type": "Feature",
      "geometry": {
        "type": "Point",
        "coordinates": [
          -1.8566916,
          50.7957093
        ]
      },
      "properties": {
        "osm_type": "relation",
        "osm_id": 7868829,
        "name": "Chapel Lane Solar Farm",
        "operator": "Eco Sustainable Solutions",
        "capacity_mw": 51.3,
        "power": "plant",
        "plant_source": "solar"
      }
    },
    {
      "type": "Feature",
      "geometry": {
        "type": "Point",
        "coordinates": [
          -2.2192729,
          50.688754
        ]
      },
      "properties": {
        "osm_type": "relation",
        "osm_id": 7868947,
        "name": "Woolbridge Solar Farm",
        "operator": "Good Energy",
        "capacity_mw": 5.0,
        "power": "plant",
        "plant_source": "solar"
      }
    },
    {
      "type": "Feature",
      "geometry": {
        "type": "Point",
        "coordinates": [
          0.2930953,
          52.1746902
        ]
      },
      "properties": {
        "osm_type": "relation",
        "osm_id": 7872578,
        "name": "Great Wilbraham Solar Farm",
        "operator": "Inazin Energy Limited / Low Carbon",
        "capacity_mw": 38.1,
        "power": "plant",
        "plant_source": "solar"
      }
    },
    {
      "type": "Feature",
      "geometry": {
        "type": "Point",
        "coordinates": [
          -2.6711724,
          51.1036662
        ]
      },
      "properties": {
        "osm_type": "relation",
        "osm_id": 7873194,
        "name": "Park Wood",
        "capacity_mw": 5.0,
        "power": "plant",
        "plant_source": "solar"
      }
    },
    {
      "type": "Feature",
      "geometry": {
        "type": "Point",
        "coordinates": [
          -2.6945111,
          51.0797213
        ]
      },
      "properties": {
        "osm_type": "relation",
        "osm_id": 7873195,
        "name": "Higher Hill Farm",
        "operator": "Solar Power Generation",
        "capacity_mw": 6.5,
        "power": "plant",
        "plant_source": "solar"
      }
    },
    {
      "type": "Feature",
      "geometry": {
        "type": "Point",
        "coordinates": [
          -3.1282456,
          50.9253526
        ]
      },
      "properties": {
        "osm_type": "relation",
        "osm_id": 7873224,
        "name": "Culmhead Solar Farm",
        "operator": "Ingenious Renewable Enterprises Energy Ltd.",
        "capacity_mw": 7.5,
        "power": "plant",
        "plant_source": "solar"
      }
    },
    {
      "type": "Feature",
      "geometry": {
        "type": "Point",
        "coordinates": [
          -3.368247,
          50.6360571
        ]
      },
      "properties": {
        "osm_type": "relation",
        "osm_id": 7873288,
        "name": "Liverton Solar Farm",
        "capacity_mw": 4.8,
        "power": "plant",
        "plant_source": "solar"
      }
    },
    {
      "type": "Feature",
      "geometry": {
        "type": "Point",
        "coordinates": [
          -3.3923225,
          50.6576271
        ]
      },
      "properties": {
        "osm_type": "relation",
        "osm_id": 7873289,
        "name": "Coombe Solar Farm",
        "capacity_mw": 8.0,
        "power": "plant",
        "plant_source": "solar"
      }
    },
    {
      "type": "Feature",
      "geometry": {
        "type": "Point",
        "coordinates": [
          -4.7386561,
          50.4831054
        ]
      },
      "properties": {
        "osm_type": "relation",
        "osm_id": 7873444,
        "name": "Lower Bodiniel Farm",
        "capacity_mw": 5.0,
        "power": "plant",
        "plant_source": "solar"
      }
    },
    {
      "type": "Feature",
      "geometry": {
        "type": "Point",
        "coordinates": [
          -4.8758161,
          50.3513944
        ]
      },
      "properties": {
        "osm_type": "relation",
        "osm_id": 7873445,
        "name": "Carloggas Farm Solar Park",
        "capacity_mw": 8.3,
        "power": "plant",
        "plant_source": "solar"
      }
    },
    {
      "type": "Feature",
      "geometry": {
        "type": "Point",
        "coordinates": [
          -4.8977968,
          50.3609134
        ]
      },
      "properties": {
        "osm_type": "relation",
        "osm_id": 7873446,
        "name": "Kernick Mica Dam Solar Farm",
        "operator": "Imerys",
        "capacity_mw": 12.0,
        "power": "plant",
        "plant_source": "solar"
      }
    },
    {
      "type": "Feature",
      "geometry": {
        "type": "Point",
        "coordinates": [
          -4.3648231,
          50.423679
        ]
      },
      "properties": {
        "osm_type": "relation",
        "osm_id": 7873452,
        "name": "Trequite Farm solar park",
        "operator": "Elgin Energy EsCo",
        "capacity_mw": 9.9,
        "power": "plant",
        "plant_source": "solar"
      }
    },
    {
      "type": "Feature",
      "geometry": {
        "type": "Point",
        "coordinates": [
          -1.8627298,
          50.8561319
        ]
      },
      "properties": {
        "osm_type": "relation",
        "osm_id": 7877225,
        "name": "Homeland Solar Farm",
        "capacity_mw": 13.2,
        "power": "plant",
        "plant_source": "solar"
      }
    },
    {
      "type": "Feature",
      "geometry": {
        "type": "Point",
        "coordinates": [
          -1.9004584,
          50.8631044
        ]
      },
      "properties": {
        "osm_type": "relation",
        "osm_id": 7877226,
        "name": "Wedgehill Solar Farm",
        "capacity_mw": 13.0,
        "power": "plant",
        "plant_source": "solar"
      }
    },
    {
      "type": "Feature",
      "geometry": {
        "type": "Point",
        "coordinates": [
          -2.3173616,
          51.0536696
        ]
      },
      "properties": {
        "osm_type": "relation",
        "osm_id": 7877227,
        "name": "Manor Farm (Dorset) Solar Park",
        "operator": "INRG Solar",
        "capacity_mw": 5.0,
        "power": "plant",
        "plant_source": "solar"
      }
    },
    {
      "type": "Feature",
      "geometry": {
        "type": "Point",
        "coordinates": [
          -2.3150857,
          51.196882
        ]
      },
      "properties": {
        "osm_type": "relation",
        "osm_id": 7877228,
        "name": "West Woodlands",
        "operator": "Sunsave 24/ Vogt solar",
        "capacity_mw": 5.0,
        "power": "plant",
        "plant_source": "solar"
      }
    },
    {
      "type": "Feature",
      "geometry": {
        "type": "Point",
        "coordinates": [
          -2.3853823,
          51.197909
        ]
      },
      "properties": {
        "osm_type": "relation",
        "osm_id": 7877229,
        "name": "Holwell Hill",
        "operator": "Lightsource BP",
        "capacity_mw": 6.0,
        "power": "plant",
        "plant_source": "solar"
      }
    },
    {
      "type": "Feature",
      "geometry": {
        "type": "Point",
        "coordinates": [
          -2.1891573,
          51.2743729
        ]
      },
      "properties": {
        "osm_type": "relation",
        "osm_id": 7877230,
        "name": "Blenches Mill Solar Farm",
        "operator": "NextEnergy Solar Fund",
        "capacity_mw": 6.1,
        "power": "plant",
        "plant_source": "solar"
      }
    },
    {
      "type": "Feature",
      "geometry": {
        "type": "Point",
        "coordinates": [
          -1.9800134,
          51.4502151
        ]
      },
      "properties": {
        "osm_type": "relation",
        "osm_id": 7877231,
        "name": "High Penn Solar Park",
        "operator": "Hive Energy",
        "capacity_mw": 9.6,
        "power": "plant",
        "plant_source": "solar"
      }
    },
    {
      "type": "Feature",
      "geometry": {
        "type": "Point",
        "coordinates": [
          -4.9219916,
          51.8241743
        ]
      },
      "properties": {
        "osm_type": "relation",
        "osm_id": 7879998,
        "name": "Crundale/Fenton Home Farm Extension",
        "capacity_mw": 5.9,
        "power": "plant",
        "plant_source": "solar"
      }
    },
    {
      "type": "Feature",
      "geometry": {
        "type": "Point",
        "coordinates": [
          -4.9195214,
          51.8173055
        ]
      },
      "properties": {
        "osm_type": "relation",
        "osm_id": 7879999,
        "name": "Fenton Home Farm Solar Park",
        "capacity_mw": 30.375,
        "power": "plant",
        "plant_source": "solar"
      }
    },
    {
      "type": "Feature",
      "geometry": {
        "type": "Point",
        "coordinates": [
          -5.0337254,
          51.7505443
        ]
      },
      "properties": {
        "osm_type": "relation",
        "osm_id": 7880014,
        "name": "Tiers Cross Solar Farm",
        "capacity_mw": 24.0,
        "power": "plant",
        "plant_source": "solar"
      }
    },
    {
      "type": "Feature",
      "geometry": {
        "type": "Point",
        "coordinates": [
          -4.9511271,
          51.8494802
        ]
      },
      "properties": {
        "osm_type": "relation",
        "osm_id": 7880015,
        "name": "Rudbaxton Solar Park",
        "capacity_mw": 10.8,
        "power": "plant",
        "plant_source": "solar"
      }
    },
    {
      "type": "Feature",
      "geometry": {
        "type": "Point",
        "coordinates": [
          -2.9227013,
          50.7845217
        ]
      },
      "properties": {
        "osm_type": "relation",
        "osm_id": 7880258,
        "name": "Stonebarrow Solar Farm",
        "capacity_mw": 8.0,
        "power": "plant",
        "plant_source": "solar"
      }
    },
    {
      "type": "Feature",
      "geometry": {
        "type": "Point",
        "coordinates": [
          -2.9242114,
          50.7886794
        ]
      },
      "properties": {
        "osm_type": "relation",
        "osm_id": 7880260,
        "name": "Beechgrove Solar Farm",
        "capacity_mw": 4.0,
        "power": "plant",
        "plant_source": "solar"
      }
    },
    {
      "type": "Feature",
      "geometry": {
        "type": "Point",
        "coordinates": [
          -4.0056293,
          50.3876202
        ]
      },
      "properties": {
        "osm_type": "relation",
        "osm_id": 7885568,
        "name": "Langage Solar Farm",
        "capacity_mw": 5.0,
        "power": "plant",
        "plant_source": "solar"
      }
    },
    {
      "type": "Feature",
      "geometry": {
        "type": "Point",
        "coordinates": [
          -1.0703521,
          52.803253
        ]
      },
      "properties": {
        "osm_type": "relation",
        "osm_id": 7886587,
        "name": "Wymeswold",
        "capacity_mw": 6.1,
        "power": "plant",
        "plant_source": "solar"
      }
    },
    {
      "type": "Feature",
      "geometry": {
        "type": "Point",
        "coordinates": [
          -2.7252572,
          52.6319411
        ]
      },
      "properties": {
        "osm_type": "relation",
        "osm_id": 7886592,
        "name": "Condover Airfield",
        "capacity_mw": 12.3,
        "power": "plant",
        "plant_source": "solar"
      }
    },
    {
      "type": "Feature",
      "geometry": {
        "type": "Point",
        "coordinates": [
          -1.4533352,
          50.7000803
        ]
      },
      "properties": {
        "osm_type": "relation",
        "osm_id": 7961305,
        "name": "Lee Farm Solar Farm",
        "capacity_mw": 5.0,
        "plant_source": "solar"
      }
    },
    {
      "type": "Feature",
      "geometry": {
        "type": "Point",
        "coordinates": [
          1.346132,
          51.3145141
        ]
      },
      "properties": {
        "osm_type": "relation",
        "osm_id": 8003186,
        "name": "Ebbsfleet Solar Farm",
        "operator": "ibvogt",
        "capacity_mw": 9.9,
        "power": "plant",
        "plant_source": "solar"
      }
    },
    {
      "type": "Feature",
      "geometry": {
        "type": "Point",
        "coordinates": [
          -2.1774414,
          51.3823276
        ]
      },
      "properties": {
        "osm_type": "relation",
        "osm_id": 8156808,
        "name": "Norrington Common Solar Farm",
        "capacity_mw": 11.1,
        "power": "plant",
        "plant_source": "solar"
      }
    },
    {
      "type": "Feature",
      "geometry": {
        "type": "Point",
        "coordinates": [
          -2.8245509,
          54.0272778
        ]
      },
      "properties": {
        "osm_type": "relation",
        "osm_id": 8239461,
        "name": "Arna Wood Solar Farm",
        "operator": "BE Renewables",
        "capacity_mw": 6.2,
        "power": "plant",
        "plant_source": "solar"
      }
    },
    {
      "type": "Feature",
      "geometry": {
        "type": "Point",
        "coordinates": [
          -3.2403549,
          54.137771
        ]
      },
      "properties": {
        "osm_type": "relation",
        "osm_id": 8296087,
        "name": "Sowerby Lodge Solar Farm",
        "capacity_mw": 5.0,
        "power": "plant",
        "plant_source": "solar"
      }
    },
    {
      "type": "Feature",
      "geometry": {
        "type": "Point",
        "coordinates": [
          1.3183826,
          51.2755363
        ]
      },
      "properties": {
        "osm_type": "relation",
        "osm_id": 8440253,
        "name": "Woodnesborough Solar Farm",
        "capacity_mw": 5.0,
        "power": "plant",
        "plant_source": "solar"
      }
    },
    {
      "type": "Feature",
      "geometry": {
        "type": "Point",
        "coordinates": [
          -3.5861443,
          51.7417788
        ]
      },
      "properties": {
        "osm_type": "relation",
        "osm_id": 8844218,
        "name": "Hendre Fawr Farm",
        "operator": "INRG Solar",
        "capacity_mw": 11.6,
        "power": "plant",
        "plant_source": "solar"
      }
    },
    {
      "type": "Feature",
      "geometry": {
        "type": "Point",
        "coordinates": [
          -1.8397377,
          50.906652
        ]
      },
      "properties": {
        "osm_type": "relation",
        "osm_id": 9106671,
        "name": "Cross Roads Plantation Solar Farm",
        "operator": "Good Energy Group plc",
        "capacity_mw": 5.0,
        "power": "plant",
        "plant_source": "solar"
      }
    },
    {
      "type": "Feature",
      "geometry": {
        "type": "Point",
        "coordinates": [
          -3.130311,
          50.9340208
        ]
      },
      "properties": {
        "osm_type": "relation",
        "osm_id": 9198524,
        "name": "Trickey Warren Solar Farm",
        "operator": "Anesco",
        "capacity_mw": 4.75,
        "power": "plant",
        "plant_source": "solar"
      }
    },
    {
      "type": "Feature",
      "geometry": {
        "type": "Point",
        "coordinates": [
          -0.6955536,
          52.2811058
        ]
      },
      "properties": {
        "osm_type": "relation",
        "osm_id": 9209721,
        "power": "plant",
        "plant_source": "solar"
      }
    },
    {
      "type": "Feature",
      "geometry": {
        "type": "Point",
        "coordinates": [
          -2.3125999,
          50.9138478
        ]
      },
      "properties": {
        "osm_type": "relation",
        "osm_id": 9225946,
        "name": "Rudge Hill Solar Farm",
        "operator": "Lightsource BP",
        "capacity_mw": 1.5,
        "power": "plant",
        "plant_source": "solar"
      }
    },
    {
      "type": "Feature",
      "geometry": {
        "type": "Point",
        "coordinates": [
          -3.3821791,
          50.6480495
        ]
      },
      "properties": {
        "osm_type": "relation",
        "osm_id": 9225947,
        "name": "Bystock Solar Farm",
        "operator": "Lightsource Renewable Energy",
        "capacity_mw": 4.1,
        "power": "plant",
        "plant_source": "solar"
      }
    },
    {
      "type": "Feature",
      "geometry": {
        "type": "Point",
        "coordinates": [
          -3.534265,
          50.5909115
        ]
      },
      "properties": {
        "osm_type": "relation",
        "osm_id": 9243705,
        "name": "Sawmills Solar Farm",
        "operator": "Foresight",
        "capacity_mw": 6.5,
        "power": "plant",
        "plant_source": "solar"
      }
    },
    {
      "type": "Feature",
      "geometry": {
        "type": "Point",
        "coordinates": [
          -4.5964795,
          50.3914308
        ]
      },
      "properties": {
        "osm_type": "relation",
        "osm_id": 9291186,
        "name": "Langunnett Solar Power Plant",
        "operator": "Lightsource BP",
        "capacity_mw": 6.2,
        "power": "plant",
        "plant_source": "solar"
      }
    },
    {
      "type": "Feature",
      "geometry": {
        "type": "Point",
        "coordinates": [
          -1.7964934,
          51.6423358
        ]
      },
      "properties": {
        "osm_type": "relation",
        "osm_id": 9291197,
        "name": "Water Eaton Farm/Port Farm",
        "operator": "Foresight/Vogt Solar",
        "capacity_mw": 34.8,
        "power": "plant",
        "plant_source": "solar"
      }
    },
    {
      "type": "Feature",
      "geometry": {
        "type": "Point",
        "coordinates": [
          -4.8968759,
          51.6990366
        ]
      },
      "properties": {
        "osm_type": "relation",
        "osm_id": 9291234,
        "name": "West Farm Solar Park",
        "operator": "Lightsource BP",
        "power": "plant",
        "plant_source": "solar"
      }
    },
    {
      "type": "Feature",
      "geometry": {
        "type": "Point",
        "coordinates": [
          -0.0049363,
          52.0815037
        ]
      },
      "properties": {
        "osm_type": "relation",
        "osm_id": 9291287,
        "name": "Bury Lane Solar Farm",
        "operator": "Lightsource BP",
        "capacity_mw": 22.0,
        "power": "plant",
        "plant_source": "solar"
      }
    },
    {
      "type": "Feature",
      "geometry": {
        "type": "Point",
        "coordinates": [
          -0.7980349,
          52.448535
        ]
      },
      "properties": {
        "osm_type": "relation",
        "osm_id": 9338387,
        "name": "Gaultney Solar Farm",
        "capacity_mw": 20.5,
        "power": "plant",
        "plant_source": "solar"
      }
    },
    {
      "type": "Feature",
      "geometry": {
        "type": "Point",
        "coordinates": [
          -4.8311431,
          50.3365129
        ]
      },
      "properties": {
        "osm_type": "relation",
        "osm_id": 9361639,
        "name": "Manor Farm",
        "capacity_mw": 4.7,
        "power": "plant",
        "plant_source": "solar"
      }
    },
    {
      "type": "Feature",
      "geometry": {
        "type": "Point",
        "coordinates": [
          -2.9704603,
          51.1205102
        ]
      },
      "properties": {
        "osm_type": "relation",
        "osm_id": 9378074,
        "name": "Summerway Drove",
        "capacity_mw": 2.0,
        "power": "plant",
        "plant_source": "solar"
      }
    },
    {
      "type": "Feature",
      "geometry": {
        "type": "Point",
        "coordinates": [
          0.6143255,
          51.4541867
        ]
      },
      "properties": {
        "osm_type": "relation",
        "osm_id": 9385050,
        "name": "Malmaynes Hall Farm",
        "operator": "Congen",
        "capacity_mw": 12.0,
        "power": "plant",
        "plant_source": "solar"
      }
    },
    {
      "type": "Feature",
      "geometry": {
        "type": "Point",
        "coordinates": [
          -1.8025342,
          52.0208765
        ]
      },
      "properties": {
        "osm_type": "relation",
        "osm_id": 9396362,
        "name": "Springhill (Northwick)",
        "capacity_mw": 5.0,
        "power": "plant",
        "plant_source": "solar"
      }
    },
    {
      "type": "Feature",
      "geometry": {
        "type": "Point",
        "coordinates": [
          -4.6168566,
          52.0365995
        ]
      },
      "properties": {
        "osm_type": "relation",
        "osm_id": 9401501,
        "name": "Rhosygilwen",
        "capacity_mw": 1.0,
        "power": "plant",
        "plant_source": "solar"
      }
    },
    {
      "type": "Feature",
      "geometry": {
        "type": "Point",
        "coordinates": [
          -5.1864453,
          50.1520741
        ]
      },
      "properties": {
        "osm_type": "relation",
        "osm_id": 9402035,
        "name": "Little Trevease",
        "capacity_mw": 5.3,
        "power": "plant",
        "plant_source": "solar"
      }
    },
    {
      "type": "Feature",
      "geometry": {
        "type": "Point",
        "coordinates": [
          -2.091676,
          51.3734725
        ]
      },
      "properties": {
        "osm_type": "relation",
        "osm_id": 9432845,
        "name": "Sandridge Solar Farm",
        "operator": "Foresight",
        "capacity_mw": 49.6,
        "power": "plant",
        "plant_source": "solar"
      }
    },
    {
      "type": "Feature",
      "geometry": {
        "type": "Point",
        "coordinates": [
          -1.4458351,
          52.2156151
        ]
      },
      "properties": {
        "osm_type": "relation",
        "osm_id": 9439063,
        "name": "Southam Solar Farm",
        "operator": "Big60million Ltd",
        "capacity_mw": 10.4,
        "power": "plant",
        "plant_source": "solar"
      }
    },
    {
      "type": "Feature",
      "geometry": {
        "type": "Point",
        "coordinates": [
          0.5257116,
          52.1359106
        ]
      },
      "properties": {
        "osm_type": "relation",
        "osm_id": 9443503,
        "name": "Broxted Solar Farm",
        "capacity_mw": 31.6,
        "power": "plant",
        "plant_source": "solar"
      }
    },
    {
      "type": "Feature",
      "geometry": {
        "type": "Point",
        "coordinates": [
          -2.0974767,
          51.6246125
        ]
      },
      "properties": {
        "osm_type": "relation",
        "osm_id": 9455264,
        "name": "Marsh Farm Solar Farm",
        "capacity_mw": 14.0,
        "power": "plant",
        "plant_source": "solar"
      }
    },
    {
      "type": "Feature",
      "geometry": {
        "type": "Point",
        "coordinates": [
          -2.3943382,
          51.494551
        ]
      },
      "properties": {
        "osm_type": "relation",
        "osm_id": 9455288,
        "name": "Ring 'o' Bells Solar Farm",
        "capacity_mw": 5.0,
        "power": "plant",
        "plant_source": "solar"
      }
    },
    {
      "type": "Feature",
      "geometry": {
        "type": "Point",
        "coordinates": [
          0.9837387,
          52.4303654
        ]
      },
      "properties": {
        "osm_type": "relation",
        "osm_id": 9455338,
        "name": "Kenninghall Solar / Hazeldick Solar",
        "operator": "Lark Energy Services",
        "capacity_mw": 8.0,
        "power": "plant",
        "plant_source": "solar"
      }
    },
    {
      "type": "Feature",
      "geometry": {
        "type": "Point",
        "coordinates": [
          -0.9265255,
          52.1053258
        ]
      },
      "properties": {
        "osm_type": "relation",
        "osm_id": 9455352,
        "name": "Homestead Solar Farm",
        "capacity_mw": 17.0,
        "power": "plant",
        "plant_source": "solar"
      }
    },
    {
      "type": "Feature",
      "geometry": {
        "type": "Point",
        "coordinates": [
          -0.8086833,
          52.1471141
        ]
      },
      "properties": {
        "osm_type": "relation",
        "osm_id": 9455366,
        "name": "Salcey Solar Farm",
        "capacity_mw": 5.0,
        "power": "plant",
        "plant_source": "solar"
      }
    },
    {
      "type": "Feature",
      "geometry": {
        "type": "Point",
        "coordinates": [
          -0.7938472,
          50.7625614
        ]
      },
      "properties": {
        "osm_type": "relation",
        "osm_id": 9455550,
        "name": "Bakers Farm",
        "capacity_mw": 12.0,
        "power": "plant",
        "plant_source": "solar"
      }
    },
    {
      "type": "Feature",
      "geometry": {
        "type": "Point",
        "coordinates": [
          -0.7967888,
          50.7514384
        ]
      },
      "properties": {
        "osm_type": "relation",
        "osm_id": 9455566,
        "name": "Ferry Farm I",
        "capacity_mw": 10.0,
        "power": "plant",
        "plant_source": "solar"
      }
    },
    {
      "type": "Feature",
      "geometry": {
        "type": "Point",
        "coordinates": [
          -5.1818832,
          50.1584156
        ]
      },
      "properties": {
        "osm_type": "relation",
        "osm_id": 9455580,
        "name": "Nancrossa Farm",
        "capacity_mw": 6.0,
        "power": "plant",
        "plant_source": "solar"
      }
    },
    {
      "type": "Feature",
      "geometry": {
        "type": "Point",
        "coordinates": [
          -0.3536387,
          52.9770351
        ]
      },
      "properties": {
        "osm_type": "relation",
        "osm_id": 9455967,
        "name": "Grange Farm (Burton Pedwardine)",
        "operator": "Lark Energy",
        "capacity_mw": 15.0,
        "power": "plant",
        "plant_source": "solar"
      }
    },
    {
      "type": "Feature",
      "geometry": {
        "type": "Point",
        "coordinates": [
          -0.1072038,
          52.9256385
        ]
      },
      "properties": {
        "osm_type": "relation",
        "osm_id": 9456023,
        "name": "Nowhere Farm",
        "operator": "Estover Energy",
        "capacity_mw": 8.1,
        "power": "plant",
        "plant_source": "solar"
      }
    },
    {
      "type": "Feature",
      "geometry": {
        "type": "Point",
        "coordinates": [
          -0.4169092,
          53.2432977
        ]
      },
      "properties": {
        "osm_type": "relation",
        "osm_id": 9456291,
        "name": "Fiskerton Solar Farm",
        "capacity_mw": 34.0,
        "power": "plant",
        "plant_source": "solar"
      }
    },
    {
      "type": "Feature",
      "geometry": {
        "type": "Point",
        "coordinates": [
          -4.0296586,
          51.7861077
        ]
      },
      "properties": {
        "osm_type": "relation",
        "osm_id": 9456298,
        "name": "Pen y Cae Solar Farm",
        "capacity_mw": 6.9,
        "power": "plant",
        "plant_source": "solar"
      }
    },
    {
      "type": "Feature",
      "geometry": {
        "type": "Point",
        "coordinates": [
          -3.950437,
          51.700874
        ]
      },
      "properties": {
        "osm_type": "relation",
        "osm_id": 9457091,
        "name": "Abergelli Glas Solar Farm",
        "capacity_mw": 7.7,
        "power": "plant",
        "plant_source": "solar"
      }
    },
    {
      "type": "Feature",
      "geometry": {
        "type": "Point",
        "coordinates": [
          -1.2762685,
          50.6705719
        ]
      },
      "properties": {
        "osm_type": "relation",
        "osm_id": 9457155,
        "name": "Stone Farm Solar Park",
        "power": "plant",
        "plant_source": "solar"
      }
    },
    {
      "type": "Feature",
      "geometry": {
        "type": "Point",
        "coordinates": [
          -4.0264893,
          50.410401
        ]
      },
      "properties": {
        "osm_type": "relation",
        "osm_id": 9458147,
        "name": "Newnham Estate Solar Farm",
        "capacity_mw": 14.0,
        "power": "plant",
        "plant_source": "solar"
      }
    },
    {
      "type": "Feature",
      "geometry": {
        "type": "Point",
        "coordinates": [
          -5.1134788,
          50.287311
        ]
      },
      "properties": {
        "osm_type": "relation",
        "osm_id": 9458181,
        "name": "Causilgey Solar Farm",
        "capacity_mw": 4.4,
        "power": "plant",
        "plant_source": "solar"
      }
    },
    {
      "type": "Feature",
      "geometry": {
        "type": "Point",
        "coordinates": [
          -4.3506422,
          50.5422562
        ]
      },
      "properties": {
        "osm_type": "relation",
        "osm_id": 9458182,
        "name": "Trefinnick Farm",
        "operator": "MTS Trefinnick Solar Ltd",
        "capacity_mw": 5.0,
        "power": "plant",
        "plant_source": "solar"
      }
    },
    {
      "type": "Feature",
      "geometry": {
        "type": "Point",
        "coordinates": [
          -0.0290918,
          52.11931
        ]
      },
      "properties": {
        "osm_type": "relation",
        "osm_id": 9458205,
        "name": "Hoback Solar Farm",
        "capacity_mw": 13.1,
        "power": "plant",
        "plant_source": "solar"
      }
    },
    {
      "type": "Feature",
      "geometry": {
        "type": "Point",
        "coordinates": [
          -6.2506575,
          54.7418722
        ]
      },
      "properties": {
        "osm_type": "relation",
        "osm_id": 9459449,
        "name": "Millar Farm Solar",
        "operator": "Lightsource BP",
        "capacity_mw": 6.0,
        "power": "plant",
        "plant_source": "solar"
      }
    },
    {
      "type": "Feature",
      "geometry": {
        "type": "Point",
        "coordinates": [
          -1.3912763,
          51.008465
        ]
      },
      "properties": {
        "osm_type": "relation",
        "osm_id": 9460754,
        "name": "Field House Solar Farm",
        "operator": "Foresight Solar Fund Ltd.",
        "capacity_mw": 6.4,
        "power": "plant",
        "plant_source": "solar"
      }
    },
    {
      "type": "Feature",
      "geometry": {
        "type": "Point",
        "coordinates": [
          -1.2192061,
          50.9137472
        ]
      },
      "properties": {
        "osm_type": "relation",
        "osm_id": 9461026,
        "name": "Raglington Farm",
        "operator": "NextEnery Solar Fund (NESF)",
        "capacity_mw": 5.9,
        "power": "plant",
        "plant_source": "solar"
      }
    },
    {
      "type": "Feature",
      "geometry": {
        "type": "Point",
        "coordinates": [
          0.4542187,
          50.8750369
        ]
      },
      "properties": {
        "osm_type": "relation",
        "osm_id": 9461069,
        "name": "St Francis Solar Farm",
        "operator": "Lightsource BP",
        "capacity_mw": 4.0,
        "power": "plant",
        "plant_source": "solar"
      }
    },
    {
      "type": "Feature",
      "geometry": {
        "type": "Point",
        "coordinates": [
          -1.7184645,
          51.5938684
        ]
      },
      "properties": {
        "osm_type": "relation",
        "osm_id": 9461090,
        "name": "Sevor Farm",
        "capacity_mw": 9.3,
        "power": "plant",
        "plant_source": "solar"
      }
    },
    {
      "type": "Feature",
      "geometry": {
        "type": "Point",
        "coordinates": [
          -1.1956402,
          50.830071
        ]
      },
      "properties": {
        "osm_type": "relation",
        "osm_id": 9461308,
        "name": "Newlands Solar Farm",
        "operator": "Lightsource BP",
        "capacity_mw": 20.5,
        "power": "plant",
        "plant_source": "solar"
      }
    },
    {
      "type": "Feature",
      "geometry": {
        "type": "Point",
        "coordinates": [
          -1.356964,
          50.8078818
        ]
      },
      "properties": {
        "osm_type": "relation",
        "osm_id": 9461356,
        "name": "Cadland Solar Park",
        "operator": "Cadland Estate",
        "capacity_mw": 8.4,
        "power": "plant",
        "plant_source": "solar"
      }
    },
    {
      "type": "Feature",
      "geometry": {
        "type": "Point",
        "coordinates": [
          1.145373,
          51.2816588
        ]
      },
      "properties": {
        "osm_type": "relation",
        "osm_id": 9461514,
        "name": "Swanton Solar Farm",
        "capacity_mw": 14.96,
        "power": "plant",
        "plant_source": "solar"
      }
    },
    {
      "type": "Feature",
      "geometry": {
        "type": "Point",
        "coordinates": [
          -2.4529686,
          51.0554585
        ]
      },
      "properties": {
        "osm_type": "relation",
        "osm_id": 9462347,
        "name": "Hook Valley Solar Park",
        "operator": "British Solar Renewables (formerly know as Solar Power Generation)",
        "capacity_mw": 17.0,
        "power": "plant",
        "plant_source": "solar"
      }
    },
    {
      "type": "Feature",
      "geometry": {
        "type": "Point",
        "coordinates": [
          -2.4119067,
          51.0421961
        ]
      },
      "properties": {
        "osm_type": "relation",
        "osm_id": 9462348,
        "name": "Higher Hatherleigh Solar Farm",
        "operator": "Hive Energy",
        "capacity_mw": 5.0,
        "power": "plant",
        "plant_source": "solar"
      }
    },
    {
      "type": "Feature",
      "geometry": {
        "type": "Point",
        "coordinates": [
          -2.7881322,
          51.0433567
        ]
      },
      "properties": {
        "osm_type": "relation",
        "osm_id": 9462866,
        "name": "Tengore Lane Solar Farm",
        "operator": "Foresight",
        "capacity_mw": 3.6,
        "power": "plant",
        "plant_source": "solar"
      }
    },
    {
      "type": "Feature",
      "geometry": {
        "type": "Point",
        "coordinates": [
          -1.2251204,
          51.8441431
        ]
      },
      "properties": {
        "osm_type": "relation",
        "osm_id": 9463132,
        "name": "Rowles Farm Solar Park",
        "operator": "United Photovoltaics",
        "capacity_mw": 13.0,
        "power": "plant",
        "plant_source": "solar"
      }
    },
    {
      "type": "Feature",
      "geometry": {
        "type": "Point",
        "coordinates": [
          1.1027795,
          51.3478667
        ]
      },
      "properties": {
        "osm_type": "relation",
        "osm_id": 9465915,
        "name": "Owl's Hatch Solar Farm",
        "operator": "British Solar Renewables",
        "capacity_mw": 49.99,
        "power": "plant",
        "plant_source": "solar"
      }
    },
    {
      "type": "Feature",
      "geometry": {
        "type": "Point",
        "coordinates": [
          1.3707191,
          51.3526305
        ]
      },
      "properties": {
        "osm_type": "relation",
        "osm_id": 9465975,
        "name": "Westwood Solar Farm",
        "operator": "Lightsource BP",
        "capacity_mw": 9.2,
        "power": "plant",
        "plant_source": "solar"
      }
    },
    {
      "type": "Feature",
      "geometry": {
        "type": "Point",
        "coordinates": [
          -2.8214038,
          51.2300004
        ]
      },
      "properties": {
        "osm_type": "relation",
        "osm_id": 9469654,
        "name": "Wedmore Community Power",
        "capacity_mw": 1.0,
        "power": "plant",
        "plant_source": "solar"
      }
    },
    {
      "type": "Feature",
      "geometry": {
        "type": "Point",
        "coordinates": [
          -2.7636765,
          51.2261733
        ]
      },
      "properties": {
        "osm_type": "relation",
        "osm_id": 9469655,
        "name": "Hawkers Farm",
        "operator": "Greenfields (A)",
        "capacity_mw": 9.5,
        "power": "plant",
        "plant_source": "solar"
      }
    },
    {
      "type": "Feature",
      "geometry": {
        "type": "Point",
        "coordinates": [
          0.809439,
          51.0658642
        ]
      },
      "properties": {
        "osm_type": "relation",
        "osm_id": 9489337,
        "name": "Kenardington Place Solar Farm",
        "capacity_mw": 7.0,
        "power": "plant",
        "plant_source": "solar"
      }
    },
    {
      "type": "Feature",
      "geometry": {
        "type": "Point",
        "coordinates": [
          -1.1101208,
          53.2400015
        ]
      },
      "properties": {
        "osm_type": "relation",
        "osm_id": 9493014,
        "name": "Welbeck/Hazel Gap Solar Farm",
        "capacity_mw": 16.0,
        "power": "plant",
        "plant_source": "solar"
      }
    },
    {
      "type": "Feature",
      "geometry": {
        "type": "Point",
        "coordinates": [
          -4.4061077,
          53.233732
        ]
      },
      "properties": {
        "osm_type": "relation",
        "osm_id": 9493113,
        "name": "Bryn yr Odyn Solar Farm",
        "capacity_mw": 15.0,
        "power": "plant",
        "plant_source": "solar"
      }
    },
    {
      "type": "Feature",
      "geometry": {
        "type": "Point",
        "coordinates": [
          -2.0367086,
          51.3069391
        ]
      },
      "properties": {
        "osm_type": "relation",
        "osm_id": 9493803,
        "name": "Lower End",
        "capacity_mw": 4.9,
        "power": "plant",
        "plant_source": "solar"
      }
    },
    {
      "type": "Feature",
      "geometry": {
        "type": "Point",
        "coordinates": [
          0.7894794,
          52.3386249
        ]
      },
      "properties": {
        "osm_type": "relation",
        "osm_id": 9516279,
        "name": "Honington Solar Power Station",
        "capacity_mw": 13.6,
        "power": "plant",
        "plant_source": "solar"
      }
    },
    {
      "type": "Feature",
      "geometry": {
        "type": "Point",
        "coordinates": [
          -0.0063164,
          51.5222633
        ]
      },
      "properties": {
        "osm_type": "relation",
        "osm_id": 9537177,
        "name": "Bywaters Materials Recovery Facility Solar Array",
        "operator": "Bywaters",
        "capacity_mw": 1.0,
        "power": "plant",
        "plant_source": "solar"
      }
    },
    {
      "type": "Feature",
      "geometry": {
        "type": "Point",
        "coordinates": [
          -0.4073814,
          51.4959441
        ]
      },
      "properties": {
        "osm_type": "relation",
        "osm_id": 9537182,
        "name": "Western International Market",
        "operator": "London Borough of Hounslow",
        "capacity_mw": 1.7,
        "power": "plant",
        "plant_source": "solar"
      }
    },
    {
      "type": "Feature",
      "geometry": {
        "type": "Point",
        "coordinates": [
          -0.002005,
          51.6790646
        ]
      },
      "properties": {
        "osm_type": "relation",
        "osm_id": 9537217,
        "name": "Waltham Point Distribution Centre",
        "operator": "Sainsbury's",
        "capacity_mw": 1.8,
        "power": "plant",
        "plant_source": "solar"
      }
    },
    {
      "type": "Feature",
      "geometry": {
        "type": "Point",
        "coordinates": [
          0.3404944,
          51.3054795
        ]
      },
      "properties": {
        "osm_type": "relation",
        "osm_id": 9537390,
        "operator": "Trina Solar",
        "capacity_mw": 4.7,
        "power": "plant",
        "plant_source": "solar"
      }
    },
    {
      "type": "Feature",
      "geometry": {
        "type": "Point",
        "coordinates": [
          0.190866,
          50.8389217
        ]
      },
      "properties": {
        "osm_type": "relation",
        "osm_id": 9537556,
        "name": "Wilbees Farm",
        "capacity_mw": 5.0,
        "power": "plant",
        "plant_source": "solar"
      }
    },
    {
      "type": "Feature",
      "geometry": {
        "type": "Point",
        "coordinates": [
          -1.0901549,
          50.8094782
        ]
      },
      "properties": {
        "osm_type": "relation",
        "osm_id": 9537954,
        "name": "MMD Shipping Services",
        "capacity_mw": 1.2,
        "power": "plant",
        "plant_source": "solar"
      }
    },
    {
      "type": "Feature",
      "geometry": {
        "type": "Point",
        "coordinates": [
          -1.151298,
          51.0824142
        ]
      },
      "properties": {
        "osm_type": "relation",
        "osm_id": 9539071,
        "name": "Bishops Sutton Solar Farm",
        "operator": "Lightsource BP",
        "capacity_mw": 12.0,
        "power": "plant",
        "plant_source": "solar"
      }
    },
    {
      "type": "Feature",
      "geometry": {
        "type": "Point",
        "coordinates": [
          -2.2099016,
          51.2834724
        ]
      },
      "properties": {
        "osm_type": "relation",
        "osm_id": 9539129,
        "name": "Brook Hall Farm Solar Farm",
        "operator": "South West Solar Parks",
        "capacity_mw": 4.7,
        "power": "plant",
        "plant_source": "solar"
      }
    },
    {
      "type": "Feature",
      "geometry": {
        "type": "Point",
        "coordinates": [
          -2.2214752,
          51.2963532
        ]
      },
      "properties": {
        "osm_type": "relation",
        "osm_id": 9539147,
        "capacity_mw": 5.0,
        "power": "plant",
        "plant_source": "solar"
      }
    },
    {
      "type": "Feature",
      "geometry": {
        "type": "Point",
        "coordinates": [
          -2.2324373,
          51.3451283
        ]
      },
      "properties": {
        "osm_type": "relation",
        "osm_id": 9539161,
        "name": "Kingston Farm",
        "operator": "BOA Property / AEE Renewables UK",
        "capacity_mw": 5.0,
        "power": "plant",
        "plant_source": "solar"
      }
    },
    {
      "type": "Feature",
      "geometry": {
        "type": "Point",
        "coordinates": [
          -2.0928432,
          51.3643847
        ]
      },
      "properties": {
        "osm_type": "relation",
        "osm_id": 9539171,
        "name": "Craysmarsh Solar Farm",
        "operator": "Lightsource BP",
        "capacity_mw": 1.8,
        "power": "plant",
        "plant_source": "solar"
      }
    },
    {
      "type": "Feature",
      "geometry": {
        "type": "Point",
        "coordinates": [
          -1.9188738,
          51.7249728
        ]
      },
      "properties": {
        "osm_type": "relation",
        "osm_id": 9539912,
        "name": "Crucis Park",
        "operator": "Solar Planning Limited",
        "capacity_mw": 12.5,
        "power": "plant",
        "plant_source": "solar"
      }
    },
    {
      "type": "Feature",
      "geometry": {
        "type": "Point",
        "coordinates": [
          1.0063514,
          51.8594851
        ]
      },
      "properties": {
        "osm_type": "relation",
        "osm_id": 9542484,
        "name": "Blue Gates Farm",
        "operator": "M H Leyland Ltd",
        "capacity_mw": 10.5,
        "power": "plant",
        "plant_source": "solar"
      }
    },
    {
      "type": "Feature",
      "geometry": {
        "type": "Point",
        "coordinates": [
          1.2985298,
          52.0492971
        ]
      },
      "properties": {
        "osm_type": "relation",
        "osm_id": 9542497,
        "name": "Foxburrow Farm Solar Power Station",
        "operator": "UK Sustainable Energy",
        "capacity_mw": 8.0,
        "power": "plant",
        "plant_source": "solar"
      }
    },
    {
      "type": "Feature",
      "geometry": {
        "type": "Point",
        "coordinates": [
          1.5940122,
          52.4381067
        ]
      },
      "properties": {
        "osm_type": "relation",
        "osm_id": 9542569,
        "name": "Promens Solar",
        "capacity_mw": 1.7,
        "power": "plant",
        "plant_source": "solar"
      }
    },
    {
      "type": "Feature",
      "geometry": {
        "type": "Point",
        "coordinates": [
          -1.422077,
          50.6947517
        ]
      },
      "properties": {
        "osm_type": "relation",
        "osm_id": 9559715,
        "name": "Homestead Solar Park",
        "capacity_mw": 10.7,
        "power": "plant",
        "plant_source": "solar"
      }
    },
    {
      "type": "Feature",
      "geometry": {
        "type": "Point",
        "coordinates": [
          -5.3653443,
          50.2116395
        ]
      },
      "properties": {
        "osm_type": "relation",
        "osm_id": 9561079,
        "name": "Hope Solar Farm",
        "capacity_mw": 7.3,
        "power": "plant",
        "plant_source": "solar"
      }
    },
    {
      "type": "Feature",
      "geometry": {
        "type": "Point",
        "coordinates": [
          -5.129861,
          50.1297968
        ]
      },
      "properties": {
        "osm_type": "relation",
        "osm_id": 9562377,
        "name": "Higher Tregarne Solar Farm",
        "operator": "John Laing Environmental Assets",
        "capacity_mw": 5.0,
        "power": "plant",
        "plant_source": "solar"
      }
    },
    {
      "type": "Feature",
      "geometry": {
        "type": "Point",
        "coordinates": [
          -4.4037648,
          50.789491
        ]
      },
      "properties": {
        "osm_type": "relation",
        "osm_id": 9566527,
        "name": "Crinacott Solar Farm",
        "capacity_mw": 6.7,
        "power": "plant",
        "plant_source": "solar"
      }
    },
    {
      "type": "Feature",
      "geometry": {
        "type": "Point",
        "coordinates": [
          -4.7333937,
          50.4838776
        ]
      },
      "properties": {
        "osm_type": "relation",
        "osm_id": 9566699,
        "name": "Bodmin 2 Solar Farm",
        "capacity_mw": 5.3,
        "power": "plant",
        "plant_source": "solar"
      }
    },
    {
      "type": "Feature",
      "geometry": {
        "type": "Point",
        "coordinates": [
          -4.4047478,
          50.7018023
        ]
      },
      "properties": {
        "osm_type": "relation",
        "osm_id": 9566738,
        "name": "Parabel North Beer Solar Farm",
        "operator": "35 Degrees",
        "capacity_mw": 6.8,
        "power": "plant",
        "plant_source": "solar"
      }
    },
    {
      "type": "Feature",
      "geometry": {
        "type": "Point",
        "coordinates": [
          -4.3728736,
          50.8060631
        ]
      },
      "properties": {
        "osm_type": "relation",
        "osm_id": 9574534,
        "name": "Great Knowle Solar Farm",
        "capacity_mw": 3.0,
        "power": "plant",
        "plant_source": "solar"
      }
    },
    {
      "type": "Feature",
      "geometry": {
        "type": "Point",
        "coordinates": [
          -4.0336991,
          50.9224454
        ]
      },
      "properties": {
        "osm_type": "relation",
        "osm_id": 9574598,
        "name": "Beaford Brook Solar Park",
        "operator": "Wessex Solar Energy",
        "capacity_mw": 5.2,
        "power": "plant",
        "plant_source": "solar"
      }
    },
    {
      "type": "Feature",
      "geometry": {
        "type": "Point",
        "coordinates": [
          -1.6686614,
          51.195392
        ]
      },
      "properties": {
        "osm_type": "relation",
        "osm_id": 9580854,
        "name": "Park House Corner Solar Farm",
        "capacity_mw": 12.0,
        "power": "plant",
        "plant_source": "solar"
      }
    },
    {
      "type": "Feature",
      "geometry": {
        "type": "Point",
        "coordinates": [
          -1.8623551,
          50.7756304
        ]
      },
      "properties": {
        "osm_type": "relation",
        "osm_id": 9580879,
        "name": "Hale Solar Farm",
        "capacity_mw": 8.0,
        "power": "plant",
        "plant_source": "solar"
      }
    },
    {
      "type": "Feature",
      "geometry": {
        "type": "Point",
        "coordinates": [
          -2.1031026,
          50.7507368
        ]
      },
      "properties": {
        "osm_type": "relation",
        "osm_id": 9580918,
        "name": "Dolmans Hill Solar Farm",
        "capacity_mw": 5.0,
        "power": "plant",
        "plant_source": "solar"
      }
    },
    {
      "type": "Feature",
      "geometry": {
        "type": "Point",
        "coordinates": [
          -4.7955349,
          51.7482937
        ]
      },
      "properties": {
        "osm_type": "relation",
        "osm_id": 9589255,
        "name": "Yerbeston Gate Solar Farm",
        "capacity_mw": 6.1,
        "power": "plant",
        "plant_source": "solar"
      }
    },
    {
      "type": "Feature",
      "geometry": {
        "type": "Point",
        "coordinates": [
          -2.5048936,
          51.5042187
        ]
      },
      "properties": {
        "osm_type": "relation",
        "osm_id": 9605289,
        "name": "Moorend Solar Farm",
        "operator": "South Gloucestershire Council",
        "capacity_mw": 0.749,
        "power": "plant",
        "plant_source": "solar"
      }
    },
    {
      "type": "Feature",
      "geometry": {
        "type": "Point",
        "coordinates": [
          0.027084,
          51.4924199
        ]
      },
      "properties": {
        "osm_type": "relation",
        "osm_id": 9617062,
        "name": "Sainsbury's Thameside Distribution Centre",
        "capacity_mw": 1.0,
        "power": "plant",
        "plant_source": "solar"
      }
    },
    {
      "type": "Feature",
      "geometry": {
        "type": "Point",
        "coordinates": [
          0.8636036,
          51.1279184
        ]
      },
      "properties": {
        "osm_type": "relation",
        "osm_id": 9830901,
        "power": "plant",
        "plant_source": "solar"
      }
    },
    {
      "type": "Feature",
      "geometry": {
        "type": "Point",
        "coordinates": [
          -1.4734675,
          54.9095531
        ]
      },
      "properties": {
        "osm_type": "relation",
        "osm_id": 9897310,
        "name": "Hylton Plantation",
        "capacity_mw": 4.8,
        "power": "plant",
        "plant_source": "solar"
      }
    },
    {
      "type": "Feature",
      "geometry": {
        "type": "Point",
        "coordinates": [
          -5.1550421,
          50.2841028
        ]
      },
      "properties": {
        "osm_type": "relation",
        "osm_id": 9919785,
        "name": "Roscarnick Farm Solar Farm",
        "operator": "Roscarnick Farm",
        "capacity_mw": 0.12,
        "power": "plant",
        "plant_source": "solar"
      }
    },
    {
      "type": "Feature",
      "geometry": {
        "type": "Point",
        "coordinates": [
          -2.7257599,
          52.9961569
        ]
      },
      "properties": {
        "osm_type": "relation",
        "osm_id": 9938532,
        "name": "Fields Farm (Agden)",
        "operator": "BP Lightsource",
        "capacity_mw": 5.0,
        "power": "plant",
        "plant_source": "solar"
      }
    },
    {
      "type": "Feature",
      "geometry": {
        "type": "Point",
        "coordinates": [
          -6.265651,
          54.4020527
        ]
      },
      "properties": {
        "osm_type": "relation",
        "osm_id": 9969128,
        "name": "Laurelhill",
        "operator": "BNRG Northern Power",
        "capacity_mw": 8.5,
        "power": "plant",
        "plant_source": "solar"
      }
    },
    {
      "type": "Feature",
      "geometry": {
        "type": "Point",
        "coordinates": [
          -1.8962951,
          51.6042003
        ]
      },
      "properties": {
        "osm_type": "relation",
        "osm_id": 9982794,
        "name": "Bentham Solar Farm",
        "operator": "Hive Energy",
        "capacity_mw": 8.0,
        "power": "plant",
        "plant_source": "solar"
      }
    },
    {
      "type": "Feature",
      "geometry": {
        "type": "Point",
        "coordinates": [
          -2.4774795,
          51.6007372
        ]
      },
      "properties": {
        "osm_type": "relation",
        "osm_id": 9982795,
        "name": "Tower Hill solar farm",
        "capacity_mw": 8.1,
        "power": "plant",
        "plant_source": "solar"
      }
    },
    {
      "type": "Feature",
      "geometry": {
        "type": "Point",
        "coordinates": [
          -1.0290548,
          53.5398251
        ]
      },
      "properties": {
        "osm_type": "relation",
        "osm_id": 9991808,
        "name": "Ikea Distribution Centre - resubmission",
        "operator": "IKEA Properties Investments Ltd",
        "capacity_mw": 1.7,
        "power": "plant",
        "plant_source": "solar"
      }
    },
    {
      "type": "Feature",
      "geometry": {
        "type": "Point",
        "coordinates": [
          -1.0358653,
          53.5340425
        ]
      },
      "properties": {
        "osm_type": "relation",
        "osm_id": 9991809,
        "name": "Next Distribution Centre Doncaster",
        "operator": "Next/ Eneco",
        "capacity_mw": 2.5,
        "power": "plant",
        "plant_source": "solar"
      }
    },
    {
      "type": "Feature",
      "geometry": {
        "type": "Point",
        "coordinates": [
          1.1467308,
          51.0929841
        ]
      },
      "properties": {
        "osm_type": "relation",
        "osm_id": 9994509,
        "power": "plant",
        "plant_source": "solar"
      }
    },
    {
      "type": "Feature",
      "geometry": {
        "type": "Point",
        "coordinates": [
          -1.2151683,
          53.1618788
        ]
      },
      "properties": {
        "osm_type": "relation",
        "osm_id": 10000538,
        "capacity_mw": 5.0,
        "power": "plant",
        "plant_source": "solar"
      }
    },
    {
      "type": "Feature",
      "geometry": {
        "type": "Point",
        "coordinates": [
          -1.4633,
          52.9630153
        ]
      },
      "properties": {
        "osm_type": "relation",
        "osm_id": 10029821,
        "name": "Solar Farm",
        "power": "plant",
        "plant_source": "solar"
      }
    },
    {
      "type": "Feature",
      "geometry": {
        "type": "Point",
        "coordinates": [
          -1.910944,
          52.1002553
        ]
      },
      "properties": {
        "osm_type": "relation",
        "osm_id": 10034398,
        "name": "Sytchwythy Fields Solar Farm",
        "capacity_mw": 1.4,
        "power": "plant",
        "plant_source": "solar"
      }
    },
    {
      "type": "Feature",
      "geometry": {
        "type": "Point",
        "coordinates": [
          -4.2966494,
          50.8003674
        ]
      },
      "properties": {
        "osm_type": "relation",
        "osm_id": 10039645,
        "name": "Foxcombe Farm Solar Farm",
        "capacity_mw": 5.0,
        "power": "plant",
        "plant_source": "solar"
      }
    },
    {
      "type": "Feature",
      "geometry": {
        "type": "Point",
        "coordinates": [
          -4.4353531,
          50.8174135
        ]
      },
      "properties": {
        "osm_type": "relation",
        "osm_id": 10040379,
        "name": "Pitworthy Farm Solar Farm",
        "capacity_mw": 15.6,
        "power": "plant",
        "plant_source": "solar"
      }
    },
    {
      "type": "Feature",
      "geometry": {
        "type": "Point",
        "coordinates": [
          -2.2341299,
          51.2852289
        ]
      },
      "properties": {
        "osm_type": "relation",
        "osm_id": 10042027,
        "capacity_mw": 6.8,
        "power": "plant",
        "plant_source": "solar"
      }
    },
    {
      "type": "Feature",
      "geometry": {
        "type": "Point",
        "coordinates": [
          -4.6205875,
          52.0920803
        ]
      },
      "properties": {
        "osm_type": "relation",
        "osm_id": 10048420,
        "name": "Crugmore Farm",
        "operator": "John Laing Environmental Assets",
        "capacity_mw": 6.4,
        "power": "plant",
        "plant_source": "solar"
      }
    },
    {
      "type": "Feature",
      "geometry": {
        "type": "Point",
        "coordinates": [
          -4.6895474,
          50.420415
        ]
      },
      "properties": {
        "osm_type": "relation",
        "osm_id": 10048636,
        "name": "Rew Farm Solar Farm",
        "operator": "Lightsource BP",
        "capacity_mw": 6.1,
        "power": "plant",
        "plant_source": "solar"
      }
    },
    {
      "type": "Feature",
      "geometry": {
        "type": "Point",
        "coordinates": [
          -1.1539903,
          52.0530485
        ]
      },
      "properties": {
        "osm_type": "relation",
        "osm_id": 10048777,
        "name": "Hall Farm",
        "operator": "United Photovoltaics",
        "capacity_mw": 5.1,
        "power": "plant",
        "plant_source": "solar"
      }
    },
    {
      "type": "Feature",
      "geometry": {
        "type": "Point",
        "coordinates": [
          0.3951055,
          51.8855212
        ]
      },
      "properties": {
        "osm_type": "relation",
        "osm_id": 10048778,
        "name": "Tooleys Farm",
        "operator": "Lightsource BP",
        "capacity_mw": 5.3,
        "power": "plant",
        "plant_source": "solar"
      }
    },
    {
      "type": "Feature",
      "geometry": {
        "type": "Point",
        "coordinates": [
          -2.7752662,
          53.9850014
        ]
      },
      "properties": {
        "osm_type": "relation",
        "osm_id": 10070403,
        "operator": "Drinkwater Mushrooms",
        "capacity_mw": 0.05,
        "power": "plant",
        "plant_source": "solar"
      }
    },
    {
      "type": "Feature",
      "geometry": {
        "type": "Point",
        "coordinates": [
          -2.7764496,
          53.9836217
        ]
      },
      "properties": {
        "osm_type": "relation",
        "osm_id": 10070404,
        "operator": "Drinkwater Mushrooms",
        "capacity_mw": 0.4,
        "power": "plant",
        "plant_source": "solar"
      }
    },
    {
      "type": "Feature",
      "geometry": {
        "type": "Point",
        "coordinates": [
          -3.6816484,
          51.0184152
        ]
      },
      "properties": {
        "osm_type": "relation",
        "osm_id": 10088594,
        "name": "Bommertown Solar Farm",
        "operator": "Steadfast Molland Solar Ltd",
        "capacity_mw": 5.0,
        "power": "plant",
        "plant_source": "solar"
      }
    },
    {
      "type": "Feature",
      "geometry": {
        "type": "Point",
        "coordinates": [
          -3.2371146,
          51.4697197
        ]
      },
      "properties": {
        "osm_type": "relation",
        "osm_id": 10088595,
        "name": "Woden Park",
        "operator": "Caerau Solar IQ",
        "capacity_mw": 5.0,
        "power": "plant",
        "plant_source": "solar"
      }
    },
    {
      "type": "Feature",
      "geometry": {
        "type": "Point",
        "coordinates": [
          1.1134332,
          52.6890228
        ]
      },
      "properties": {
        "osm_type": "relation",
        "osm_id": 10088596,
        "name": "The Old Airfield",
        "operator": "Lumicity",
        "capacity_mw": 5.0,
        "power": "plant",
        "plant_source": "solar"
      }
    },
    {
      "type": "Feature",
      "geometry": {
        "type": "Point",
        "coordinates": [
          -1.7432261,
          51.6195343
        ]
      },
      "properties": {
        "osm_type": "relation",
        "osm_id": 10088597,
        "name": "Stanton Solar Park",
        "operator": "Quercus Renewable Holding 2",
        "capacity_mw": 5.0,
        "power": "plant",
        "plant_source": "solar"
      }
    },
    {
      "type": "Feature",
      "geometry": {
        "type": "Point",
        "coordinates": [
          -2.8145206,
          54.0587584
        ]
      },
      "properties": {
        "osm_type": "relation",
        "osm_id": 10091612,
        "capacity_mw": 0.03,
        "power": "plant",
        "plant_source": "solar"
      }
    },
    {
      "type": "Feature",
      "geometry": {
        "type": "Point",
        "coordinates": [
          -0.4688408,
          51.8560253
        ]
      },
      "properties": {
        "osm_type": "relation",
        "osm_id": 10094391,
        "name": "Caddington Solar Farm (Phase 2)",
        "operator": "Emsrayne Limited",
        "capacity_mw": 8.0,
        "power": "plant",
        "plant_source": "solar"
      }
    },
    {
      "type": "Feature",
      "geometry": {
        "type": "Point",
        "coordinates": [
          -2.5429917,
          54.131017
        ]
      },
      "properties": {
        "osm_type": "relation",
        "osm_id": 10099314,
        "name": "Ravens Close",
        "operator": "NESF (formerly Tau Solar)",
        "capacity_mw": 5.0,
        "power": "plant",
        "plant_source": "solar"
      }
    },
    {
      "type": "Feature",
      "geometry": {
        "type": "Point",
        "coordinates": [
          -3.2371641,
          51.4187871
        ]
      },
      "properties": {
        "osm_type": "relation",
        "osm_id": 10099445,
        "name": "Biglis Farm",
        "operator": "Conergy West Sussex",
        "capacity_mw": 5.0,
        "power": "plant",
        "plant_source": "solar"
      }
    },
    {
      "type": "Feature",
      "geometry": {
        "type": "Point",
        "coordinates": [
          -1.2121171,
          53.2516225
        ]
      },
      "properties": {
        "osm_type": "relation",
        "osm_id": 10099446,
        "name": "Creswell Solar Park",
        "operator": "Sovereign Energy Partners",
        "capacity_mw": 5.0,
        "power": "plant",
        "plant_source": "solar"
      }
    },
    {
      "type": "Feature",
      "geometry": {
        "type": "Point",
        "coordinates": [
          -1.7369312,
          54.8474773
        ]
      },
      "properties": {
        "osm_type": "relation",
        "osm_id": 10099482,
        "name": "Green Croft Solar Farm",
        "operator": "Anesco",
        "capacity_mw": 5.0,
        "power": "plant",
        "plant_source": "solar"
      }
    },
    {
      "type": "Feature",
      "geometry": {
        "type": "Point",
        "coordinates": [
          -3.7659234,
          50.2943455
        ]
      },
      "properties": {
        "osm_type": "relation",
        "osm_id": 10107607,
        "name": "Lower Slade Farm Solar Farm",
        "capacity_mw": 4.1,
        "power": "plant",
        "plant_source": "solar"
      }
    },
    {
      "type": "Feature",
      "geometry": {
        "type": "Point",
        "coordinates": [
          -2.7639536,
          54.0092449
        ]
      },
      "properties": {
        "osm_type": "relation",
        "osm_id": 10123550,
        "operator": "Drinkwater Mushrooms",
        "power": "plant",
        "plant_source": "solar"
      }
    },
    {
      "type": "Feature",
      "geometry": {
        "type": "Point",
        "coordinates": [
          0.8928057,
          51.1264787
        ]
      },
      "properties": {
        "osm_type": "relation",
        "osm_id": 10186738,
        "power": "plant",
        "plant_source": "solar"
      }
    },
    {
      "type": "Feature",
      "geometry": {
        "type": "Point",
        "coordinates": [
          0.8901887,
          51.1269884
        ]
      },
      "properties": {
        "osm_type": "relation",
        "osm_id": 10186739,
        "power": "plant",
        "plant_source": "solar"
      }
    },
    {
      "type": "Feature",
      "geometry": {
        "type": "Point",
        "coordinates": [
          -0.8487447,
          51.2052408
        ]
      },
      "properties": {
        "osm_type": "relation",
        "osm_id": 10210475,
        "name": "Marsh House",
        "capacity_mw": 5.5,
        "power": "plant",
        "plant_source": "solar"
      }
    },
    {
      "type": "Feature",
      "geometry": {
        "type": "Point",
        "coordinates": [
          1.196443,
          52.918965
        ]
      },
      "properties": {
        "osm_type": "relation",
        "osm_id": 10211677,
        "name": "Hall Farm Solar Power Station",
        "capacity_mw": 10.2,
        "power": "plant",
        "plant_source": "solar"
      }
    },
    {
      "type": "Feature",
      "geometry": {
        "type": "Point",
        "coordinates": [
          -3.3050863,
          51.0381637
        ]
      },
      "properties": {
        "osm_type": "relation",
        "osm_id": 10221434,
        "name": "Sandys Moor Road",
        "capacity_mw": 2.9,
        "power": "plant",
        "plant_source": "solar"
      }
    },
    {
      "type": "Feature",
      "geometry": {
        "type": "Point",
        "coordinates": [
          -3.6473619,
          50.3583562
        ]
      },
      "properties": {
        "osm_type": "relation",
        "osm_id": 10221442,
        "name": "Blackawton",
        "capacity_mw": 3.0,
        "power": "plant",
        "plant_source": "solar"
      }
    },
    {
      "type": "Feature",
      "geometry": {
        "type": "Point",
        "coordinates": [
          -1.2099771,
          50.944639
        ]
      },
      "properties": {
        "osm_type": "relation",
        "osm_id": 10221632,
        "name": "Bishop's Waltham",
        "capacity_mw": 12.0,
        "power": "plant",
        "plant_source": "solar"
      }
    },
    {
      "type": "Feature",
      "geometry": {
        "type": "Point",
        "coordinates": [
          -4.1220443,
          50.9843923
        ]
      },
      "properties": {
        "osm_type": "relation",
        "osm_id": 10221732,
        "name": "Knockworthy Farm",
        "capacity_mw": 3.5,
        "power": "plant",
        "plant_source": "solar"
      }
    },
    {
      "type": "Feature",
      "geometry": {
        "type": "Point",
        "coordinates": [
          -0.9873587,
          53.4466341
        ]
      },
      "properties": {
        "osm_type": "relation",
        "osm_id": 10298563,
        "name": "Misson Solar Farm",
        "operator": "Novus",
        "capacity_mw": 5.0,
        "power": "plant",
        "plant_source": "solar"
      }
    },
    {
      "type": "Feature",
      "geometry": {
        "type": "Point",
        "coordinates": [
          -3.0153554,
          52.8996758
        ]
      },
      "properties": {
        "osm_type": "relation",
        "osm_id": 10298564,
        "name": "Ebnal Lodge",
        "operator": "Greencoat Capital",
        "capacity_mw": 5.0,
        "power": "plant",
        "plant_source": "solar"
      }
    },
    {
      "type": "Feature",
      "geometry": {
        "type": "Point",
        "coordinates": [
          -4.2492408,
          50.3524152
        ]
      },
      "properties": {
        "osm_type": "relation",
        "osm_id": 10302697,
        "name": "Anthony Estate Solar Farm - resubmission",
        "operator": "St Anthony 101 PV Park Ltd",
        "capacity_mw": 4.7,
        "power": "plant",
        "plant_source": "solar"
      }
    },
    {
      "type": "Feature",
      "geometry": {
        "type": "Point",
        "coordinates": [
          -3.4631814,
          50.772977
        ]
      },
      "properties": {
        "osm_type": "relation",
        "osm_id": 10303994,
        "name": "Francis Court Solar Farm",
        "operator": "Lightsource BP",
        "capacity_mw": 4.0,
        "power": "plant",
        "plant_source": "solar"
      }
    },
    {
      "type": "Feature",
      "geometry": {
        "type": "Point",
        "coordinates": [
          -2.9877126,
          50.8737337
        ]
      },
      "properties": {
        "osm_type": "relation",
        "osm_id": 10303995,
        "name": "Wambrook Farm",
        "operator": "Sunsave 19 (Wambrook)/ Vogt Solar",
        "capacity_mw": 4.1,
        "power": "plant",
        "plant_source": "solar"
      }
    },
    {
      "type": "Feature",
      "geometry": {
        "type": "Point",
        "coordinates": [
          -2.6558852,
          51.5583141
        ]
      },
      "properties": {
        "osm_type": "relation",
        "osm_id": 10304120,
        "capacity_mw": 3.5,
        "power": "plant",
        "plant_source": "solar"
      }
    },
    {
      "type": "Feature",
      "geometry": {
        "type": "Point",
        "coordinates": [
          -2.5040902,
          53.1096246
        ]
      },
      "properties": {
        "osm_type": "relation",
        "osm_id": 10304521,
        "capacity_mw": 3.4,
        "power": "plant",
        "plant_source": "solar"
      }
    },
    {
      "type": "Feature",
      "geometry": {
        "type": "Point",
        "coordinates": [
          1.2514973,
          52.6445686
        ]
      },
      "properties": {
        "osm_type": "relation",
        "osm_id": 10305176,
        "name": "Briar Solar Farm",
        "operator": "NR16/ RenEnergy",
        "capacity_mw": 1.9,
        "power": "plant",
        "plant_source": "solar"
      }
    },
    {
      "type": "Feature",
      "geometry": {
        "type": "Point",
        "coordinates": [
          -0.0114045,
          52.0190115
        ]
      },
      "properties": {
        "osm_type": "relation",
        "osm_id": 10305610,
        "name": "Hatch Penn Farm",
        "capacity_mw": 1.0,
        "power": "plant",
        "plant_source": "solar"
      }
    },
    {
      "type": "Feature",
      "geometry": {
        "type": "Point",
        "coordinates": [
          -2.982595,
          51.1750449
        ]
      },
      "properties": {
        "osm_type": "relation",
        "osm_id": 10694712,
        "name": "Puriton Landfill Solar Farm",
        "operator": "SBC Renewables",
        "capacity_mw": 11.4,
        "power": "plant",
        "plant_source": "solar"
      }
    },
    {
      "type": "Feature",
      "geometry": {
        "type": "Point",
        "coordinates": [
          -0.0675005,
          52.2047967
        ]
      },
      "properties": {
        "osm_type": "relation",
        "osm_id": 10750648,
        "name": "Skylark Meadow Solar Park",
        "capacity_mw": 5.0,
        "power": "plant",
        "plant_source": "solar"
      }
    },
    {
      "type": "Feature",
      "geometry": {
        "type": "Point",
        "coordinates": [
          -2.7603055,
          54.3572906
        ]
      },
      "properties": {
        "osm_type": "relation",
        "osm_id": 10844204,
        "operator": "Burneside Community Energy",
        "capacity_mw": 0.25,
        "power": "plant",
        "plant_source": "solar"
      }
    },
    {
      "type": "Feature",
      "geometry": {
        "type": "Point",
        "coordinates": [
          -2.7609987,
          54.3560607
        ]
      },
      "properties": {
        "osm_type": "relation",
        "osm_id": 10844205,
        "operator": "Burneside Community Energy",
        "capacity_mw": 0.459,
        "power": "plant",
        "plant_source": "solar"
      }
    },
    {
      "type": "Feature",
      "geometry": {
        "type": "Point",
        "coordinates": [
          -2.7356443,
          54.3111171
        ]
      },
      "properties": {
        "osm_type": "relation",
        "osm_id": 10844212,
        "operator": "Community Energy Cumbria",
        "capacity_mw": 0.0297,
        "power": "plant",
        "plant_source": "solar"
      }
    },
    {
      "type": "Feature",
      "geometry": {
        "type": "Point",
        "coordinates": [
          -3.9613692,
          51.6865449
        ]
      },
      "properties": {
        "osm_type": "relation",
        "osm_id": 11036975,
        "name": "Brynwhilach Solar Farm",
        "capacity_mw": 10.0,
        "power": "plant",
        "plant_source": "solar"
      }
    },
    {
      "type": "Feature",
      "geometry": {
        "type": "Point",
        "coordinates": [
          -1.0563296,
          51.6704336
        ]
      },
      "properties": {
        "osm_type": "relation",
        "osm_id": 11037303,
        "name": "Easington Farm",
        "capacity_mw": 21.3,
        "power": "plant",
        "plant_source": "solar"
      }
    },
    {
      "type": "Feature",
      "geometry": {
        "type": "Point",
        "coordinates": [
          -2.7126125,
          56.5755716
        ]
      },
      "properties": {
        "osm_type": "relation",
        "osm_id": 11037445,
        "name": "New Mains Of Guynd Farm",
        "capacity_mw": 10.0,
        "power": "plant",
        "plant_source": "solar"
      }
    },
    {
      "type": "Feature",
      "geometry": {
        "type": "Point",
        "coordinates": [
          -1.0000348,
          53.3123423
        ]
      },
      "properties": {
        "osm_type": "relation",
        "osm_id": 11040637,
        "capacity_mw": 27.0,
        "power": "plant",
        "plant_source": "solar"
      }
    },
    {
      "type": "Feature",
      "geometry": {
        "type": "Point",
        "coordinates": [
          -4.3559557,
          50.401736
        ]
      },
      "properties": {
        "osm_type": "relation",
        "osm_id": 11043959,
        "name": "Bake Farm",
        "capacity_mw": 5.0,
        "power": "plant",
        "plant_source": "solar"
      }
    },
    {
      "type": "Feature",
      "geometry": {
        "type": "Point",
        "coordinates": [
          -4.8418486,
          50.3237856
        ]
      },
      "properties": {
        "osm_type": "relation",
        "osm_id": 11060086,
        "name": "Ninnis Farm",
        "capacity_mw": 5.0,
        "power": "plant",
        "plant_source": "solar"
      }
    },
    {
      "type": "Feature",
      "geometry": {
        "type": "Point",
        "coordinates": [
          -1.6446604,
          51.7612671
        ]
      },
      "properties": {
        "osm_type": "relation",
        "osm_id": 11066504,
        "name": "Kencot Hill Solar Farm",
        "capacity_mw": 37.0,
        "power": "plant",
        "plant_source": "solar"
      }
    },
    {
      "type": "Feature",
      "geometry": {
        "type": "Point",
        "coordinates": [
          -0.7201982,
          50.8088316
        ]
      },
      "properties": {
        "osm_type": "relation",
        "osm_id": 11067266,
        "name": "Merston",
        "capacity_mw": 10.0,
        "power": "plant",
        "plant_source": "solar"
      }
    },
    {
      "type": "Feature",
      "geometry": {
        "type": "Point",
        "coordinates": [
          -4.338582,
          52.9096283
        ]
      },
      "properties": {
        "osm_type": "relation",
        "osm_id": 11074088,
        "name": "Fferm Bryn Bachau",
        "capacity_mw": 4.4,
        "power": "plant",
        "plant_source": "solar"
      }
    },
    {
      "type": "Feature",
      "geometry": {
        "type": "Point",
        "coordinates": [
          -3.2139776,
          55.97539
        ]
      },
      "properties": {
        "osm_type": "relation",
        "osm_id": 11250334,
        "name": "Wardie Primary School",
        "operator": "Edinburgh Community Solar Co-operative",
        "capacity_mw": 0.0299,
        "power": "plant",
        "plant_source": "solar"
      }
    },
    {
      "type": "Feature",
      "geometry": {
        "type": "Point",
        "coordinates": [
          -3.1172999,
          55.9567918
        ]
      },
      "properties": {
        "osm_type": "relation",
        "osm_id": 11250335,
        "name": "Tumbles at Portobello",
        "operator": "Edinburgh Community Solar Co-operative",
        "capacity_mw": 0.1248,
        "power": "plant",
        "plant_source": "solar"
      }
    },
    {
      "type": "Feature",
      "geometry": {
        "type": "Point",
        "coordinates": [
          -3.2631993,
          55.9203393
        ]
      },
      "properties": {
        "osm_type": "relation",
        "osm_id": 11250336,
        "name": "Redhall School",
        "operator": "Edinburgh Community Solar Co-operative",
        "capacity_mw": 0.04492,
        "power": "plant",
        "plant_source": "solar"
      }
    },
    {
      "type": "Feature",
      "geometry": {
        "type": "Point",
        "coordinates": [
          -3.3833594,
          55.9223595
        ]
      },
      "properties": {
        "osm_type": "relation",
        "osm_id": 11250337,
        "name": "Ratho Primary School",
        "operator": "Edinburgh Community Solar Co-operative",
        "capacity_mw": 0.06994,
        "power": "plant",
        "plant_source": "solar"
      }
    },
    {
      "type": "Feature",
      "geometry": {
        "type": "Point",
        "coordinates": [
          -3.1567658,
          55.9676537
        ]
      },
      "properties": {
        "osm_type": "relation",
        "osm_id": 11250338,
        "name": "Prospect Bank School",
        "operator": "Edinburgh Community Solar Co-operative",
        "capacity_mw": 0.03484,
        "power": "plant",
        "plant_source": "solar"
      }
    },
    {
      "type": "Feature",
      "geometry": {
        "type": "Point",
        "coordinates": [
          -3.2522005,
          55.9671289
        ]
      },
      "properties": {
        "osm_type": "relation",
        "osm_id": 11250339,
        "name": "Oaklands School",
        "operator": "Edinburgh Community Solar Co-operative",
        "capacity_mw": 0.1248,
        "power": "plant",
        "plant_source": "solar"
      }
    },
    {
      "type": "Feature",
      "geometry": {
        "type": "Point",
        "coordinates": [
          -3.2960901,
          55.9379994
        ]
      },
      "properties": {
        "osm_type": "relation",
        "osm_id": 11250340,
        "name": "Gylemuir Primary School",
        "operator": "Edinburgh Community Solar Co-operative",
        "capacity_mw": 0.0299,
        "power": "plant",
        "plant_source": "solar"
      }
    },
    {
      "type": "Feature",
      "geometry": {
        "type": "Point",
        "coordinates": [
          -3.3022363,
          55.9511219
        ]
      },
      "properties": {
        "osm_type": "relation",
        "osm_id": 11250341,
        "name": "East Craigs Primary School",
        "operator": "Edinburgh Community Solar Co-operative",
        "capacity_mw": 0.04492,
        "power": "plant",
        "plant_source": "solar"
      }
    },
    {
      "type": "Feature",
      "geometry": {
        "type": "Point",
        "coordinates": [
          -3.2939323,
          55.9561751
        ]
      },
      "properties": {
        "osm_type": "relation",
        "osm_id": 11250342,
        "name": "Drumbrae Leisure Centre",
        "operator": "Edinburgh Community Solar Co-operative",
        "capacity_mw": 0.04992,
        "power": "plant",
        "plant_source": "solar"
      }
    },
    {
      "type": "Feature",
      "geometry": {
        "type": "Point",
        "coordinates": [
          -3.3431957,
          55.879251
        ]
      },
      "properties": {
        "osm_type": "relation",
        "osm_id": 11250343,
        "name": "Dean Park Primary School",
        "operator": "Edinburgh Community Solar Co-operative",
        "capacity_mw": 0.0832,
        "power": "plant",
        "plant_source": "solar"
      }
    },
    {
      "type": "Feature",
      "geometry": {
        "type": "Point",
        "coordinates": [
          -3.2683981,
          55.9637805
        ]
      },
      "properties": {
        "osm_type": "relation",
        "osm_id": 11250344,
        "name": "Davidson's Mains Primary School",
        "operator": "Edinburgh Community Solar Co-operative",
        "capacity_mw": 0.03484,
        "power": "plant",
        "plant_source": "solar"
      }
    },
    {
      "type": "Feature",
      "geometry": {
        "type": "Point",
        "coordinates": [
          -3.3128334,
          55.8978714
        ]
      },
      "properties": {
        "osm_type": "relation",
        "osm_id": 11250345,
        "name": "Currie Primary School",
        "operator": "Edinburgh Community Solar Co-operative",
        "capacity_mw": 0.04498,
        "power": "plant",
        "plant_source": "solar"
      }
    },
    {
      "type": "Feature",
      "geometry": {
        "type": "Point",
        "coordinates": [
          -3.3177128,
          55.8963596
        ]
      },
      "properties": {
        "osm_type": "relation",
        "osm_id": 11250346,
        "name": "Woodlands School",
        "operator": "Edinburgh Community Solar Co-operative",
        "capacity_mw": 0.019760000000000003,
        "power": "plant",
        "plant_source": "solar"
      }
    },
    {
      "type": "Feature",
      "geometry": {
        "type": "Point",
        "coordinates": [
          -3.3199369,
          55.8969013
        ]
      },
      "properties": {
        "osm_type": "relation",
        "osm_id": 11250347,
        "name": "Currie High School",
        "operator": "Edinburgh Community Solar Co-operative",
        "capacity_mw": 0.13338,
        "power": "plant",
        "plant_source": "solar"
      }
    },
    {
      "type": "Feature",
      "geometry": {
        "type": "Point",
        "coordinates": [
          -3.1934474,
          55.9734369
        ]
      },
      "properties": {
        "osm_type": "relation",
        "osm_id": 11250348,
        "name": "Craighall Day Centre",
        "operator": "Edinburgh Community Solar Co-operative",
        "capacity_mw": 0.0299,
        "power": "plant",
        "plant_source": "solar"
      }
    },
    {
      "type": "Feature",
      "geometry": {
        "type": "Point",
        "coordinates": [
          -3.29127,
          55.9595432
        ]
      },
      "properties": {
        "osm_type": "relation",
        "osm_id": 11250349,
        "name": "Clermiston Primary School",
        "operator": "Edinburgh Community Solar Co-operative",
        "capacity_mw": 0.0208,
        "power": "plant",
        "plant_source": "solar"
      }
    },
    {
      "type": "Feature",
      "geometry": {
        "type": "Point",
        "coordinates": [
          -3.1588225,
          55.9328072
        ]
      },
      "properties": {
        "osm_type": "relation",
        "osm_id": 11250350,
        "name": "Cameron House Community Centre",
        "operator": "Edinburgh Community Solar Co-operative",
        "capacity_mw": 0.019760000000000003,
        "power": "plant",
        "plant_source": "solar"
      }
    },
    {
      "type": "Feature",
      "geometry": {
        "type": "Point",
        "coordinates": [
          -3.2804213,
          55.9160007
        ]
      },
      "properties": {
        "osm_type": "relation",
        "osm_id": 11250351,
        "name": "Canal View Primary School",
        "operator": "Edinburgh Community Solar Co-operative",
        "capacity_mw": 0.09984,
        "power": "plant",
        "plant_source": "solar"
      }
    },
    {
      "type": "Feature",
      "geometry": {
        "type": "Point",
        "coordinates": [
          -3.2620409,
          55.9554535
        ]
      },
      "properties": {
        "osm_type": "relation",
        "osm_id": 11250352,
        "name": "Blackhall Primary School",
        "operator": "Edinburgh Community Solar Co-operative",
        "capacity_mw": 0.01482,
        "power": "plant",
        "plant_source": "solar"
      }
    },
    {
      "type": "Feature",
      "geometry": {
        "type": "Point",
        "coordinates": [
          -3.2307057,
          55.9717686
        ]
      },
      "properties": {
        "osm_type": "relation",
        "osm_id": 11250353,
        "name": "Ainslie Park",
        "operator": "Edinburgh Community Solar Co-operative",
        "capacity_mw": 0.09984,
        "power": "plant",
        "plant_source": "solar"
      }
    },
    {
      "type": "Feature",
      "geometry": {
        "type": "Point",
        "coordinates": [
          -3.1960373,
          55.9055897
        ]
      },
      "properties": {
        "osm_type": "relation",
        "osm_id": 11250354,
        "name": "Buckstone Primary School",
        "operator": "Edinburgh Community Solar Co-operative",
        "capacity_mw": 0.09984,
        "power": "plant",
        "plant_source": "solar"
      }
    },
    {
      "type": "Feature",
      "geometry": {
        "type": "Point",
        "coordinates": [
          -3.263738,
          55.9309617
        ]
      },
      "properties": {
        "osm_type": "relation",
        "osm_id": 11250355,
        "name": "Carrickvale Community Centre",
        "operator": "Edinburgh Community Solar Co-operative",
        "capacity_mw": 0.0299,
        "power": "plant",
        "plant_source": "solar"
      }
    },
    {
      "type": "Feature",
      "geometry": {
        "type": "Point",
        "coordinates": [
          -3.2738797,
          55.9385666
        ]
      },
      "properties": {
        "osm_type": "relation",
        "osm_id": 11250356,
        "name": "Carrick Knowe Primary School",
        "operator": "Edinburgh Community Solar Co-operative",
        "capacity_mw": 0.04992,
        "power": "plant",
        "plant_source": "solar"
      }
    },
    {
      "type": "Feature",
      "geometry": {
        "type": "Point",
        "coordinates": [
          -3.1619299,
          55.9231118
        ]
      },
      "properties": {
        "osm_type": "relation",
        "osm_id": 11250357,
        "name": "Liberton Primary School",
        "operator": "Edinburgh Community Solar Co-operative",
        "capacity_mw": 0.04498,
        "power": "plant",
        "plant_source": "solar"
      }
    },
    {
      "type": "Feature",
      "geometry": {
        "type": "Point",
        "coordinates": [
          -3.1887554,
          55.9229229
        ]
      },
      "properties": {
        "osm_type": "relation",
        "osm_id": 11267204,
        "capacity_mw": 0.028,
        "power": "plant",
        "plant_source": "solar"
      }
    },
    {
      "type": "Feature",
      "geometry": {
        "type": "Point",
        "coordinates": [
          -3.3377731,
          55.8657432
        ]
      },
      "properties": {
        "osm_type": "relation",
        "osm_id": 11267378,
        "operator": "Scottish Water",
        "capacity_mw": 0.25,
        "power": "plant",
        "plant_source": "solar"
      }
    },
    {
      "type": "Feature",
      "geometry": {
        "type": "Point",
        "coordinates": [
          -3.2419961,
          55.9796128
        ]
      },
      "properties": {
        "osm_type": "relation",
        "osm_id": 11267403,
        "operator": "Scottish Gas",
        "capacity_mw": 0.11463,
        "power": "plant",
        "plant_source": "solar"
      }
    },
    {
      "type": "Feature",
      "geometry": {
        "type": "Point",
        "coordinates": [
          -1.0408152,
          53.1972128
        ]
      },
      "properties": {
        "osm_type": "relation",
        "osm_id": 11348014,
        "capacity_mw": 4.2,
        "power": "plant",
        "plant_source": "solar"
      }
    },
    {
      "type": "Feature",
      "geometry": {
        "type": "Point",
        "coordinates": [
          -3.1384408,
          55.9210815
        ]
      },
      "properties": {
        "osm_type": "relation",
        "osm_id": 11487512,
        "power": "plant",
        "plant_source": "solar"
      }
    },
    {
      "type": "Feature",
      "geometry": {
        "type": "Point",
        "coordinates": [
          -4.022577,
          50.4302222
        ]
      },
      "properties": {
        "osm_type": "relation",
        "osm_id": 11510260,
        "name": "Lee Moor China Clay Works",
        "operator": "Wanageeska",
        "capacity_mw": 9.5,
        "power": "plant",
        "plant_source": "solar"
      }
    },
    {
      "type": "Feature",
      "geometry": {
        "type": "Point",
        "coordinates": [
          -0.057488,
          51.4827259
        ]
      },
      "properties": {
        "osm_type": "relation",
        "osm_id": 11516463,
        "operator": "Veolia",
        "power": "plant",
        "plant_source": "solar"
      }
    },
    {
      "type": "Feature",
      "geometry": {
        "type": "Point",
        "coordinates": [
          -3.1733252,
          55.9116808
        ]
      },
      "properties": {
        "osm_type": "relation",
        "osm_id": 11558096,
        "name": "Braid Hill Care Home",
        "operator": "BUPA",
        "power": "plant",
        "plant_source": "solar"
      }
    },
    {
      "type": "Feature",
      "geometry": {
        "type": "Point",
        "coordinates": [
          1.1521296,
          51.094646
        ]
      },
      "properties": {
        "osm_type": "relation",
        "osm_id": 11581508,
        "power": "plant",
        "plant_source": "solar"
      }
    },
    {
      "type": "Feature",
      "geometry": {
        "type": "Point",
        "coordinates": [
          1.1675609,
          51.0929355
        ]
      },
      "properties": {
        "osm_type": "relation",
        "osm_id": 11581545,
        "power": "plant",
        "plant_source": "solar"
      }
    },
    {
      "type": "Feature",
      "geometry": {
        "type": "Point",
        "coordinates": [
          -2.951197,
          52.6894113
        ]
      },
      "properties": {
        "osm_type": "relation",
        "osm_id": 11603039,
        "name": "Hayford Solar Farm",
        "operator": "WS Systems Ltd",
        "capacity_mw": 17.1,
        "power": "plant",
        "plant_source": "solar"
      }
    },
    {
      "type": "Feature",
      "geometry": {
        "type": "Point",
        "coordinates": [
          -3.2329538,
          55.9629357
        ]
      },
      "properties": {
        "osm_type": "relation",
        "osm_id": 11619378,
        "capacity_mw": 0.045079999999999995,
        "power": "plant",
        "plant_source": "solar"
      }
    },
    {
      "type": "Feature",
      "geometry": {
        "type": "Point",
        "coordinates": [
          -3.1427213,
          56.2522967
        ]
      },
      "properties": {
        "osm_type": "relation",
        "osm_id": 11645257,
        "name": "Orkie Farm",
        "capacity_mw": 0.25,
        "power": "plant",
        "plant_source": "solar"
      }
    },
    {
      "type": "Feature",
      "geometry": {
        "type": "Point",
        "coordinates": [
          -2.948945,
          53.0275876
        ]
      },
      "properties": {
        "osm_type": "relation",
        "osm_id": 11655160,
        "name": "Five Fords Waste Water Energy Park",
        "power": "plant",
        "plant_source": "solar"
      }
    },
    {
      "type": "Feature",
      "geometry": {
        "type": "Point",
        "coordinates": [
          -2.4942582,
          52.3356268
        ]
      },
      "properties": {
        "osm_type": "relation",
        "osm_id": 11657094,
        "name": "High Point Solar Farm",
        "operator": "TGC Renewables",
        "capacity_mw": 4.5,
        "power": "plant",
        "plant_source": "solar"
      }
    },
    {
      "type": "Feature",
      "geometry": {
        "type": "Point",
        "coordinates": [
          -2.882387,
          51.3677201
        ]
      },
      "properties": {
        "osm_type": "relation",
        "osm_id": 11707187,
        "name": "The Grange",
        "operator": "Elgin Energy EsCo",
        "capacity_mw": 8.0,
        "power": "plant",
        "plant_source": "solar"
      }
    },
    {
      "type": "Feature",
      "geometry": {
        "type": "Point",
        "coordinates": [
          -2.3149074,
          50.6941167
        ]
      },
      "properties": {
        "osm_type": "relation",
        "osm_id": 11895883,
        "name": "Crossways Solar Farm",
        "operator": "British Solar Renewables Ltd",
        "capacity_mw": 4.95,
        "power": "plant",
        "plant_source": "solar"
      }
    },
    {
      "type": "Feature",
      "geometry": {
        "type": "Point",
        "coordinates": [
          -2.3221287,
          50.6749521
        ]
      },
      "properties": {
        "osm_type": "relation",
        "osm_id": 11895884,
        "name": "East Farm",
        "capacity_mw": 5.0,
        "power": "plant",
        "plant_source": "solar"
      }
    },
    {
      "type": "Feature",
      "geometry": {
        "type": "Point",
        "coordinates": [
          -3.2877306,
          55.9232351
        ]
      },
      "properties": {
        "osm_type": "relation",
        "osm_id": 11925743,
        "power": "plant",
        "plant_source": "solar"
      }
    },
    {
      "type": "Feature",
      "geometry": {
        "type": "Point",
        "coordinates": [
          1.1674885,
          51.092477
        ]
      },
      "properties": {
        "osm_type": "relation",
        "osm_id": 11997282,
        "power": "plant",
        "plant_source": "solar"
      }
    },
    {
      "type": "Feature",
      "geometry": {
        "type": "Point",
        "coordinates": [
          -0.0457554,
          51.5489293
        ]
      },
      "properties": {
        "osm_type": "relation",
        "osm_id": 12163497,
        "name": "Banister House Solar",
        "power": "plant",
        "plant_source": "solar"
      }
    },
    {
      "type": "Feature",
      "geometry": {
        "type": "Point",
        "coordinates": [
          -0.3605117,
          50.9723616
        ]
      },
      "properties": {
        "osm_type": "relation",
        "osm_id": 12183376,
        "power": "plant",
        "plant_source": "solar"
      }
    },
    {
      "type": "Feature",
      "geometry": {
        "type": "Point",
        "coordinates": [
          0.1722202,
          50.855256
        ]
      },
      "properties": {
        "osm_type": "relation",
        "osm_id": 12333123,
        "name": "Berwick Solar Farm",
        "operator": "Susenco/Low Carbon",
        "capacity_mw": 8.2,
        "power": "plant",
        "plant_source": "solar"
      }
    },
    {
      "type": "Feature",
      "geometry": {
        "type": "Point",
        "coordinates": [
          -1.1930317,
          53.0088566
        ]
      },
      "properties": {
        "osm_type": "relation",
        "osm_id": 12483287,
        "operator": "Nottingham City Council",
        "capacity_mw": 0.0885,
        "power": "plant",
        "plant_source": "solar"
      }
    },
    {
      "type": "Feature",
      "geometry": {
        "type": "Point",
        "coordinates": [
          -1.3487262,
          51.8557495
        ]
      },
      "properties": {
        "osm_type": "relation",
        "osm_id": 12483807,
        "power": "plant",
        "plant_source": "solar"
      }
    },
    {
      "type": "Feature",
      "geometry": {
        "type": "Point",
        "coordinates": [
          -4.9052426,
          51.6842705
        ]
      },
      "properties": {
        "osm_type": "relation",
        "osm_id": 12678697,
        "name": "Golden Hill",
        "operator": "John Laing Environmental Assets Group",
        "capacity_mw": 6.2,
        "power": "plant",
        "plant_source": "solar"
      }
    },
    {
      "type": "Feature",
      "geometry": {
        "type": "Point",
        "coordinates": [
          -0.9512678,
          51.0058552
        ]
      },
      "properties": {
        "osm_type": "relation",
        "osm_id": 12866157,
        "name": "Whitman Laboratories Rooftop Solar",
        "operator": "Whitman Laboratories",
        "capacity_mw": 1.0,
        "power": "plant",
        "plant_source": "solar"
      }
    },
    {
      "type": "Feature",
      "geometry": {
        "type": "Point",
        "coordinates": [
          -3.3784816,
          51.6688725
        ]
      },
      "properties": {
        "osm_type": "relation",
        "osm_id": 12866379,
        "name": "Pen Rhiw Caradog",
        "operator": "Lightsource Renewable Energy",
        "capacity_mw": 4.7,
        "power": "plant",
        "plant_source": "solar"
      }
    },
    {
      "type": "Feature",
      "geometry": {
        "type": "Point",
        "coordinates": [
          -1.194167,
          51.7334773
        ]
      },
      "properties": {
        "osm_type": "relation",
        "osm_id": 12866545,
        "name": "BMW UK Manufacturing Ltd",
        "operator": "Free Green Energy",
        "capacity_mw": 3.0,
        "power": "plant",
        "plant_source": "solar"
      }
    },
    {
      "type": "Feature",
      "geometry": {
        "type": "Point",
        "coordinates": [
          -1.4054516,
          52.5680743
        ]
      },
      "properties": {
        "osm_type": "relation",
        "osm_id": 12869925,
        "name": "The Stables Solar Farm",
        "operator": "Anesco",
        "capacity_mw": 1.8,
        "power": "plant",
        "plant_source": "solar"
      }
    },
    {
      "type": "Feature",
      "geometry": {
        "type": "Point",
        "coordinates": [
          -4.4865766,
          57.5602204
        ]
      },
      "properties": {
        "osm_type": "relation",
        "osm_id": 12885454,
        "power": "plant",
        "plant_source": "solar"
      }
    },
    {
      "type": "Feature",
      "geometry": {
        "type": "Point",
        "coordinates": [
          1.5007205,
          52.2425827
        ]
      },
      "properties": {
        "osm_type": "relation",
        "osm_id": 12916394,
        "name": "Town Farm Solar Park",
        "operator": "British Solar Renewables",
        "capacity_mw": 21.0,
        "plant_source": "solar"
      }
    },
    {
      "type": "Feature",
      "geometry": {
        "type": "Point",
        "coordinates": [
          -1.9499257,
          52.9321666
        ]
      },
      "properties": {
        "osm_type": "relation",
        "osm_id": 13525445,
        "power": "plant",
        "plant_source": "solar"
      }
    },
    {
      "type": "Feature",
      "geometry": {
        "type": "Point",
        "coordinates": [
          -3.1017013,
          56.2651075
        ]
      },
      "properties": {
        "osm_type": "relation",
        "osm_id": 13567906,
        "operator": "Kettle Produce",
        "capacity_mw": 0.25,
        "power": "plant",
        "plant_source": "solar"
      }
    },
    {
      "type": "Feature",
      "geometry": {
        "type": "Point",
        "coordinates": [
          -3.4651804,
          56.4169743
        ]
      },
      "properties": {
        "osm_type": "relation",
        "osm_id": 13583876,
        "operator": "SSE",
        "capacity_mw": 0.3,
        "power": "plant",
        "plant_source": "solar"
      }
    },
    {
      "type": "Feature",
      "geometry": {
        "type": "Point",
        "coordinates": [
          -3.4576898,
          56.420743
        ]
      },
      "properties": {
        "osm_type": "relation",
        "osm_id": 13626899,
        "capacity_mw": 0.072,
        "power": "plant",
        "plant_source": "solar"
      }
    },
    {
      "type": "Feature",
      "geometry": {
        "type": "Point",
        "coordinates": [
          -3.1736637,
          55.9783727
        ]
      },
      "properties": {
        "osm_type": "relation",
        "osm_id": 13826872,
        "capacity_mw": 0.088,
        "power": "plant",
        "plant_source": "solar"
      }
    },
    {
      "type": "Feature",
      "geometry": {
        "type": "Point",
        "coordinates": [
          -2.8145771,
          54.3771236
        ]
      },
      "properties": {
        "osm_type": "relation",
        "osm_id": 14084176,
        "operator": "Staveley Mill Yard",
        "power": "plant",
        "plant_source": "solar"
      }
    },
    {
      "type": "Feature",
      "geometry": {
        "type": "Point",
        "coordinates": [
          -1.2276282,
          54.147254
        ]
      },
      "properties": {
        "osm_type": "relation",
        "osm_id": 14227475,
        "name": "Boscar Grange Farm",
        "capacity_mw": 34.7,
        "power": "plant",
        "plant_source": "solar"
      }
    },
    {
      "type": "Feature",
      "geometry": {
        "type": "Point",
        "coordinates": [
          -1.7502285,
          50.7571514
        ]
      },
      "properties": {
        "osm_type": "relation",
        "osm_id": 14569381,
        "name": "GEMEC - Pratt's Field",
        "operator": "GEMEC Ltd.",
        "capacity_mw": 21.6,
        "power": "plant",
        "plant_source": "solar"
      }
    },
    {
      "type": "Feature",
      "geometry": {
        "type": "Point",
        "coordinates": [
          -3.7055884,
          55.9979809
        ]
      },
      "properties": {
        "osm_type": "relation",
        "osm_id": 14968625,
        "name": "Little Kerse Solar Farm",
        "power": "plant",
        "plant_source": "solar"
      }
    },
    {
      "type": "Feature",
      "geometry": {
        "type": "Point",
        "coordinates": [
          0.3527786,
          51.4679794
        ]
      },
      "properties": {
        "osm_type": "relation",
        "osm_id": 15015028,
        "name": "Tilbury LCY2",
        "operator": "Amazon UK Services/ Push Energy",
        "capacity_mw": 3.8,
        "power": "plant",
        "plant_source": "solar"
      }
    },
    {
      "type": "Feature",
      "geometry": {
        "type": "Point",
        "coordinates": [
          -2.5679852,
          51.5264451
        ]
      },
      "properties": {
        "osm_type": "relation",
        "osm_id": 15015098,
        "name": "Rolls Royce Filton Campus Building 184 + 185",
        "operator": "Innogy (previously BELECTRIC Solar)",
        "capacity_mw": 3.2,
        "power": "plant",
        "plant_source": "solar"
      }
    },
    {
      "type": "Feature",
      "geometry": {
        "type": "Point",
        "coordinates": [
          -2.9003493,
          51.5550289
        ]
      },
      "properties": {
        "osm_type": "relation",
        "osm_id": 15034996,
        "name": "Llanwern Solar Farm",
        "capacity_mw": 75.0,
        "power": "plant",
        "plant_source": "solar"
      }
    },
    {
      "type": "Feature",
      "geometry": {
        "type": "Point",
        "coordinates": [
          -8.5713882,
          51.7259431
        ]
      },
      "properties": {
        "osm_type": "relation",
        "osm_id": 15084887,
        "name": "Dunderrow Solar Farm",
        "operator": "Enerpower",
        "capacity_mw": 5.6,
        "power": "plant",
        "plant_source": "solar"
      }
    },
    {
      "type": "Feature",
      "geometry": {
        "type": "Point",
        "coordinates": [
          -6.739148,
          52.31024
        ]
      },
      "properties": {
        "osm_type": "relation",
        "osm_id": 15262053,
        "name": "Rosspile Solar Farm",
        "operator": "Highfield Energy",
        "capacity_mw": 95.0,
        "power": "plant",
        "plant_source": "solar"
      }
    },
    {
      "type": "Feature",
      "geometry": {
        "type": "Point",
        "coordinates": [
          -7.4223683,
          52.305758
        ]
      },
      "properties": {
        "osm_type": "relation",
        "osm_id": 15341530,
        "name": "Proposed Mothel Solar Farm",
        "operator": "BNRGN Mothel Ltd",
        "capacity_mw": 30.0,
        "plant_source": "solar"
      }
    },
    {
      "type": "Feature",
      "geometry": {
        "type": "Point",
        "coordinates": [
          -6.86356,
          53.6827602
        ]
      },
      "properties": {
        "osm_type": "relation",
        "osm_id": 15341533,
        "name": "Proposed Miltown Solar",
        "operator": "Harmony Solar Ireland Limited",
        "plant_source": "solar"
      }
    },
    {
      "type": "Feature",
      "geometry": {
        "type": "Point",
        "coordinates": [
          -1.8733379,
          51.5994622
        ]
      },
      "properties": {
        "osm_type": "relation",
        "osm_id": 15547785,
        "power": "plant",
        "plant_source": "solar"
      }
    },
    {
      "type": "Feature",
      "geometry": {
        "type": "Point",
        "coordinates": [
          -0.7919226,
          50.8624434
        ]
      },
      "properties": {
        "osm_type": "relation",
        "osm_id": 16017621,
        "name": "Hunters Race Solar Park",
        "capacity_mw": 9.3,
        "power": "plant",
        "plant_source": "solar"
      }
    },
    {
      "type": "Feature",
      "geometry": {
        "type": "Point",
        "coordinates": [
          -0.3637167,
          52.2409471
        ]
      },
      "properties": {
        "osm_type": "relation",
        "osm_id": 16061689,
        "name": "Staughton Airfield Solar Farm",
        "capacity_mw": 50.0,
        "power": "plant",
        "plant_source": "solar"
      }
    },
    {
      "type": "Feature",
      "geometry": {
        "type": "Point",
        "coordinates": [
          -8.2307526,
          51.935749
        ]
      },
      "properties": {
        "osm_type": "relation",
        "osm_id": 16383974,
        "name": "Lysaghtstown Solar Farm",
        "operator": "Voltalia",
        "capacity_mw": 131.0,
        "power": "plant",
        "plant_source": "solar"
      }
    },
    {
      "type": "Feature",
      "geometry": {
        "type": "Point",
        "coordinates": [
          -6.3911968,
          52.6116635
        ]
      },
      "properties": {
        "osm_type": "relation",
        "osm_id": 16384618,
        "name": "Tullabeg Solar Farm",
        "operator": "Voltalia",
        "capacity_mw": 83.9,
        "power": "plant",
        "plant_source": "solar"
      }
    },
    {
      "type": "Feature",
      "geometry": {
        "type": "Point",
        "coordinates": [
          -1.4844416,
          54.916729
        ]
      },
      "properties": {
        "osm_type": "relation",
        "osm_id": 16465234,
        "name": "Unipres building",
        "capacity_mw": 4.9,
        "power": "plant",
        "plant_source": "solar"
      }
    },
    {
      "type": "Feature",
      "geometry": {
        "type": "Point",
        "coordinates": [
          -2.8541011,
          51.3502942
        ]
      },
      "properties": {
        "osm_type": "relation",
        "osm_id": 16771660,
        "name": "Bowerhouse II Solar Farm",
        "capacity_mw": 19.8,
        "power": "plant",
        "plant_source": "solar"
      }
    },
    {
      "type": "Feature",
      "geometry": {
        "type": "Point",
        "coordinates": [
          -2.0036375,
          51.5074301
        ]
      },
      "properties": {
        "osm_type": "relation",
        "osm_id": 17657963,
        "name": "DTTC Lyneham Solar Farm",
        "operator": "Defence Infrastructure Organisation",
        "capacity_mw": 69.5,
        "power": "plant",
        "plant_source": "solar",
        "generator_source": "solar"
      }
    },
    {
      "type": "Feature",
      "geometry": {
        "type": "Point",
        "coordinates": [
          -1.8652759,
          51.5432936
        ]
      },
      "properties": {
        "osm_type": "relation",
        "osm_id": 17931730,
        "name": "Wickfield Farm",
        "operator": "NESF (formerly A C Crocker Properties Ltd)",
        "capacity_mw": 5.0,
        "power": "plant",
        "plant_source": "solar"
      }
    },
    {
      "type": "Feature",
      "geometry": {
        "type": "Point",
        "coordinates": [
          -7.2023884,
          53.456283
        ]
      },
      "properties": {
        "osm_type": "relation",
        "osm_id": 17981568,
        "name": "Clonfad Solar Farm",
        "operator": "Statkraft",
        "capacity_mw": 175.0,
        "power": "plant",
        "plant_source": "solar"
      }
    },
    {
      "type": "Feature",
      "geometry": {
        "type": "Point",
        "coordinates": [
          -4.1207769,
          51.0465102
        ]
      },
      "properties": {
        "osm_type": "relation",
        "osm_id": 17984763,
        "name": "Litchardon Cross Solar Farm",
        "operator": "Aura Power / Infinis Energy Services",
        "capacity_mw": 49.9,
        "power": "plant",
        "plant_source": "solar"
      }
    },
    {
      "type": "Feature",
      "geometry": {
        "type": "Point",
        "coordinates": [
          0.3175043,
          52.3203493
        ]
      },
      "properties": {
        "osm_type": "relation",
        "osm_id": 17984827,
        "name": "Bracks Farm Solar Power Station",
        "operator": "British Solar Renewables / BayWa r.e. UK Limited",
        "capacity_mw": 28.0,
        "power": "plant",
        "plant_source": "solar"
      }
    },
    {
      "type": "Feature",
      "geometry": {
        "type": "Point",
        "coordinates": [
          -1.3496651,
          51.111631
        ]
      },
      "properties": {
        "osm_type": "relation",
        "osm_id": 17984880,
        "name": "Three Maids Hill Solar Farm",
        "operator": "Blackfinch Energy",
        "capacity_mw": 25.0,
        "power": "plant",
        "plant_source": "solar"
      }
    },
    {
      "type": "Feature",
      "geometry": {
        "type": "Point",
        "coordinates": [
          0.1913176,
          53.1449289
        ]
      },
      "properties": {
        "osm_type": "relation",
        "osm_id": 17984893,
        "name": "Bicker Fen Solar Farm",
        "operator": "Innova Renewables Limited",
        "capacity_mw": 22.6,
        "power": "plant",
        "plant_source": "solar"
      }
    },
    {
      "type": "Feature",
      "geometry": {
        "type": "Point",
        "coordinates": [
          -2.0087224,
          51.1770932
        ]
      },
      "properties": {
        "osm_type": "relation",
        "osm_id": 17988618,
        "name": "East Codford Solar Farm",
        "capacity_mw": 30.0,
        "power": "plant",
        "plant_source": "solar"
      }
    },
    {
      "type": "Feature",
      "geometry": {
        "type": "Point",
        "coordinates": [
          -2.1566477,
          52.2058963
        ]
      },
      "properties": {
        "osm_type": "relation",
        "osm_id": 18273234,
        "capacity_mw": 0.524,
        "power": "plant",
        "plant_source": "solar"
      }
    },
    {
      "type": "Feature",
      "geometry": {
        "type": "Point",
        "coordinates": [
          -2.142158,
          52.0938591
        ]
      },
      "properties": {
        "osm_type": "relation",
        "osm_id": 18328017,
        "name": "Croome Airfield Solar Farm",
        "operator": "Croome Airfield Solar",
        "capacity_mw": 49.9,
        "power": "plant",
        "plant_source": "solar"
      }
    },
    {
      "type": "Feature",
      "geometry": {
        "type": "Point",
        "coordinates": [
          -4.6210611,
          55.5922703
        ]
      },
      "properties": {
        "osm_type": "relation",
        "osm_id": 18430535,
        "power": "plant",
        "plant_source": "solar"
      }
    },
    {
      "type": "Feature",
      "geometry": {
        "type": "Point",
        "coordinates": [
          -1.2798228,
          54.6999319
        ]
      },
      "properties": {
        "osm_type": "relation",
        "osm_id": 18528939,
        "name": "Worset Solar Farm",
        "operator": "Reliance Energy Limited",
        "capacity_mw": 50.0,
        "power": "plant",
        "plant_source": "solar"
      }
    },
    {
      "type": "Feature",
      "geometry": {
        "type": "Point",
        "coordinates": [
          -1.2137757,
          54.6841236
        ]
      },
      "properties": {
        "osm_type": "relation",
        "osm_id": 18548371,
        "capacity_mw": 0.277,
        "power": "plant",
        "plant_source": "solar"
      }
    },
    {
      "type": "Feature",
      "geometry": {
        "type": "Point",
        "coordinates": [
          -6.5316746,
          53.4487941
        ]
      },
      "properties": {
        "osm_type": "relation",
        "osm_id": 18563627,
        "name": "South Meath Solar Farm",
        "operator": "Greencoat Renewables",
        "capacity_mw": 80.5,
        "power": "plant",
        "plant_source": "solar"
      }
    },
    {
      "type": "Feature",
      "geometry": {
        "type": "Point",
        "coordinates": [
          -6.3653809,
          53.450696
        ]
      },
      "properties": {
        "osm_type": "relation",
        "osm_id": 18566637,
        "name": "Ballymacarney Solar Farm",
        "operator": "Statkraft",
        "capacity_mw": 56.0,
        "power": "plant",
        "plant_source": "solar"
      }
    },
    {
      "type": "Feature",
      "geometry": {
        "type": "Point",
        "coordinates": [
          -6.423704,
          53.4664386
        ]
      },
      "properties": {
        "osm_type": "relation",
        "osm_id": 18566732,
        "name": "Fidorfe Solar Farm",
        "operator": "Statkraft",
        "capacity_mw": 68.0,
        "power": "plant",
        "plant_source": "solar"
      }
    },
    {
      "type": "Feature",
      "geometry": {
        "type": "Point",
        "coordinates": [
          -2.6236457,
          51.7823515
        ]
      },
      "properties": {
        "osm_type": "relation",
        "osm_id": 18823861,
        "name": "Pingry Farm - Phase 2",
        "operator": "Coleford Energy",
        "capacity_mw": 6.8,
        "power": "plant",
        "plant_source": "solar"
      }
    },
    {
      "type": "Feature",
      "geometry": {
        "type": "Point",
        "coordinates": [
          1.0742595,
          52.0850523
        ]
      },
      "properties": {
        "osm_type": "relation",
        "osm_id": 19293473,
        "name": "Tye Lane - Solar Power Station",
        "operator": "EDF Renewables",
        "capacity_mw": 49.9,
        "power": "plant",
        "plant_source": "solar"
      }
    },
    {
      "type": "Feature",
      "geometry": {
        "type": "Point",
        "coordinates": [
          0.6960149,
          51.6270214
        ]
      },
      "properties": {
        "osm_type": "relation",
        "osm_id": 19310205,
        "name": "South Fambridge Hall - Solar farm",
        "operator": "BayWa r.e. UK Limited",
        "capacity_mw": 52.5,
        "power": "plant",
        "plant_source": "solar"
      }
    },
    {
      "type": "Feature",
      "geometry": {
        "type": "Point",
        "coordinates": [
          0.3384447,
          51.5388074
        ]
      },
      "properties": {
        "osm_type": "relation",
        "osm_id": 19313332,
        "name": "Bulphan Fen Solar Farm",
        "operator": "Warley Green Limited",
        "capacity_mw": 49.9,
        "power": "plant",
        "plant_source": "solar"
      }
    },
    {
      "type": "Feature",
      "geometry": {
        "type": "Point",
        "coordinates": [
          0.3236646,
          51.5301313
        ]
      },
      "properties": {
        "osm_type": "relation",
        "osm_id": 19313452,
        "name": "Medebridge Road - Solar Farm",
        "operator": "Environmena",
        "capacity_mw": 49.9,
        "power": "plant",
        "plant_source": "solar"
      }
    },
    {
      "type": "Feature",
      "geometry": {
        "type": "Point",
        "coordinates": [
          0.3220426,
          51.5225992
        ]
      },
      "properties": {
        "osm_type": "relation",
        "osm_id": 19313486,
        "name": "Ockendon Landfill Solar Farm",
        "operator": "NTR Plc",
        "capacity_mw": 38.0,
        "power": "plant",
        "plant_source": "solar"
      }
    },
    {
      "type": "Feature",
      "geometry": {
        "type": "Point",
        "coordinates": [
          1.0577224,
          52.0798447
        ]
      },
      "properties": {
        "osm_type": "relation",
        "osm_id": 19347383,
        "name": "Greybarn Solar Energy Farm",
        "operator": "Statkraft UK",
        "capacity_mw": 29.0,
        "plant_source": "solar"
      }
    },
    {
      "type": "Feature",
      "geometry": {
        "type": "Point",
        "coordinates": [
          0.1249423,
          51.8893477
        ]
      },
      "properties": {
        "osm_type": "relation",
        "osm_id": 19355558,
        "name": "Wickham Hall Estate Solar Farm",
        "operator": "Endurance Energy Wickham Hall Limited",
        "capacity_mw": 35.0,
        "plant_source": "solar"
      }
    },
    {
      "type": "Feature",
      "geometry": {
        "type": "Point",
        "coordinates": [
          1.0698036,
          51.3201363
        ]
      },
      "properties": {
        "osm_type": "relation",
        "osm_id": 19378380,
        "operator": "Rivington Energy Limited",
        "power": "proposed",
        "plant_source": "solar"
      }
    },
    {
      "type": "Feature",
      "geometry": {
        "type": "Point",
        "coordinates": [
          -3.2767971,
          51.6747673
        ]
      },
      "properties": {
        "osm_type": "relation",
        "osm_id": 19405633,
        "name": "Hendai Solar Farm",
        "capacity_mw": 13.4,
        "power": "plant",
        "plant_source": "solar"
      }
    },
    {
      "type": "Feature",
      "geometry": {
        "type": "Point",
        "coordinates": [
          -1.5180464,
          52.2349556
        ]
      },
      "properties": {
        "osm_type": "relation",
        "osm_id": 19611653,
        "name": "Ashorne Solar Farm",
        "operator": "RWE",
        "capacity_mw": 50.0,
        "plant_source": "solar"
      }
    },
    {
      "type": "Feature",
      "geometry": {
        "type": "Point",
        "coordinates": [
          -1.3943088,
          51.0246188
        ]
      },
      "properties": {
        "osm_type": "relation",
        "osm_id": 19652993,
        "name": "Hursley Park Solar Farm",
        "power": "plant",
        "plant_source": "solar"
      }
    },
    {
      "type": "Feature",
      "geometry": {
        "type": "Point",
        "coordinates": [
          -1.3594804,
          52.6235078
        ]
      },
      "properties": {
        "osm_type": "relation",
        "osm_id": 19718843,
        "name": "Hall Farm Solar Farm (Newbold Verdon)",
        "operator": "Push Energy/ NextEnergy Solar Fund (NESF)",
        "capacity_mw": 10.0,
        "power": "plant",
        "plant_source": "solar"
      }
    },
    {
      "type": "Feature",
      "geometry": {
        "type": "Point",
        "coordinates": [
          -2.1842236,
          50.6884427
        ]
      },
      "properties": {
        "osm_type": "relation",
        "osm_id": 19720436,
        "name": "Stokeford Farm",
        "operator": "Alaska (The Holme Estate)",
        "capacity_mw": 28.5,
        "power": "plant",
        "plant_source": "solar"
      }
    },
    {
      "type": "Feature",
      "geometry": {
        "type": "Point",
        "coordinates": [
          -1.5794885,
          52.210353
        ]
      },
      "properties": {
        "osm_type": "relation",
        "osm_id": 19720524,
        "name": "Newbold Pacey Solar Farm",
        "operator": "Innova Renewables / ISGRenewables",
        "capacity_mw": 28.7,
        "power": "plant",
        "plant_source": "solar"
      }
    },
    {
      "type": "Feature",
      "geometry": {
        "type": "Point",
        "coordinates": [
          0.8434708,
          51.8423404
        ]
      },
      "properties": {
        "osm_type": "relation",
        "osm_id": 19720628,
        "name": "Layer Solar Farm",
        "operator": "Layer Solar Farm Limited",
        "capacity_mw": 49.0,
        "power": "plant",
        "plant_source": "solar"
      }
    },
    {
      "type": "Feature",
      "geometry": {
        "type": "Point",
        "coordinates": [
          -0.5253265,
          54.1795446
        ]
      },
      "properties": {
        "osm_type": "relation",
        "osm_id": 19721244,
        "name": "Sherburn",
        "operator": "Kingspan",
        "capacity_mw": 5.0,
        "power": "plant",
        "plant_source": "solar"
      }
    },
    {
      "type": "Feature",
      "geometry": {
        "type": "Point",
        "coordinates": [
          -3.4844475,
          56.0927025
        ]
      },
      "properties": {
        "osm_type": "relation",
        "osm_id": 20021205,
        "name": "Lochhead Solar Farm",
        "power": "plant",
        "plant_source": "solar"
      }
    },
    {
      "type": "Feature",
      "geometry": {
        "type": "Point",
        "coordinates": [
          0.2050737,
          51.8884297
        ]
      },
      "properties": {
        "osm_type": "relation",
        "osm_id": 20114766,
        "name": "Proposed Solar Farm",
        "plant_source": "solar"
      }
    },
    {
      "type": "Feature",
      "geometry": {
        "type": "Point",
        "coordinates": [
          -2.7417844,
          52.2187252
        ]
      },
      "properties": {
        "osm_type": "relation",
        "osm_id": 20241623,
        "name": "Leominster Primary School Solar Array",
        "operator": "Big Solar Co-op",
        "capacity_mw": 0.09,
        "power": "plant",
        "plant_source": "solar"
      }
    },
    {
      "type": "Feature",
      "geometry": {
        "type": "Point",
        "coordinates": [
          0.0475305,
          52.4648965
        ]
      },
      "properties": {
        "osm_type": "relation",
        "osm_id": 20245832,
        "name": "Eco-Pak Rooftop Solar Array",
        "operator": "Big Solar Co-op",
        "capacity_mw": 0.593,
        "power": "plant",
        "plant_source": "solar"
      }
    },
    {
      "type": "Feature",
      "geometry": {
        "type": "Point",
        "coordinates": [
          -2.5999665,
          52.3163692
        ]
      },
      "properties": {
        "osm_type": "relation",
        "osm_id": 20245919,
        "name": "Kerry Ingredients Rooftop Solar Array",
        "operator": "Big Solar Co-op",
        "capacity_mw": 0.294,
        "power": "plant",
        "plant_source": "solar"
      }
    },
    {
      "type": "Feature",
      "geometry": {
        "type": "Point",
        "coordinates": [
          -1.7940576,
          52.5180653
        ]
      },
      "properties": {
        "osm_type": "relation",
        "osm_id": 20245947,
        "name": "Eden Court Medical Practice Rooftop Solar Array",
        "operator": "Big Solar Co-op",
        "capacity_mw": 0.029,
        "power": "plant",
        "plant_source": "solar"
      }
    },
    {
      "type": "Feature",
      "geometry": {
        "type": "Point",
        "coordinates": [
          -1.7853613,
          52.4816279
        ]
      },
      "properties": {
        "osm_type": "relation",
        "osm_id": 20245990,
        "name": "St Richard's C-of-E Church Rooftop Solar Array",
        "operator": "Big Solar Co-op",
        "capacity_mw": 0.009880000000000002,
        "power": "plant",
        "plant_source": "solar"
      }
    },
    {
      "type": "Feature",
      "geometry": {
        "type": "Point",
        "coordinates": [
          -0.5638531,
          51.9282877
        ]
      },
      "properties": {
        "osm_type": "relation",
        "osm_id": 20265488,
        "name": "Tebworth - Solar Farm",
        "operator": "Sundon Green Limited",
        "power": "plant",
        "plant_source": "solar"
      }
    },
    {
      "type": "Feature",
      "geometry": {
        "type": "Point",
        "coordinates": [
          -0.5865669,
          51.9157567
        ]
      },
      "properties": {
        "osm_type": "relation",
        "osm_id": 20265531,
        "name": "Trinity Hall Solar Farm",
        "operator": "European Energy Photovoltaics Limited",
        "capacity_mw": 15.0,
        "power": "plant",
        "plant_source": "solar"
      }
    },
    {
      "type": "Feature",
      "geometry": {
        "type": "Point",
        "coordinates": [
          -0.6179716,
          51.9331558
        ]
      },
      "properties": {
        "osm_type": "relation",
        "osm_id": 20265578,
        "name": "Grounds Farm Solar farm",
        "operator": "Encavis",
        "capacity_mw": 26.0,
        "power": "plant",
        "plant_source": "solar"
      }
    },
    {
      "type": "Feature",
      "geometry": {
        "type": "Point",
        "coordinates": [
          0.399747,
          51.5824832
        ]
      },
      "properties": {
        "osm_type": "relation",
        "osm_id": 20265628,
        "name": "Ford Research And Engineering Centre, Dunton - Solar Farm",
        "operator": "Ford Motor Company Limited",
        "capacity_mw": 5.2,
        "power": "plant",
        "plant_source": "solar"
      }
    },
    {
      "type": "Feature",
      "geometry": {
        "type": "Point",
        "coordinates": [
          -1.4300017,
          52.199449
        ]
      },
      "properties": {
        "osm_type": "relation",
        "osm_id": 20265633,
        "name": "Feldon Vale Solar Farm",
        "operator": "Low Carbon",
        "capacity_mw": 49.9,
        "power": "plant",
        "plant_source": "solar"
      }
    },
    {
      "type": "Feature",
      "geometry": {
        "type": "Point",
        "coordinates": [
          -1.5179338,
          51.2387436
        ]
      },
      "properties": {
        "osm_type": "relation",
        "osm_id": 20265799,
        "name": "Hatherden Farm",
        "operator": "Nextpower SPV 10 Limited",
        "capacity_mw": 49.9,
        "power": "plant",
        "plant_source": "solar"
      }
    },
    {
      "type": "Feature",
      "geometry": {
        "type": "Point",
        "coordinates": [
          -2.2629664,
          52.6157801
        ]
      },
      "properties": {
        "osm_type": "relation",
        "osm_id": 20266024,
        "name": "Pepperhill Solar Farm",
        "operator": "Low Carbon",
        "capacity_mw": 23.0,
        "power": "plant",
        "plant_source": "solar"
      }
    },
    {
      "type": "Feature",
      "geometry": {
        "type": "Point",
        "coordinates": [
          -1.3572621,
          53.2487354
        ]
      },
      "properties": {
        "osm_type": "relation",
        "osm_id": 20266031,
        "name": "Inkersall Road, Staveley Solar Farm",
        "operator": "Low Carbon",
        "capacity_mw": 31.0,
        "power": "plant",
        "plant_source": "solar"
      }
    },
    {
      "type": "Feature",
      "geometry": {
        "type": "Point",
        "coordinates": [
          0.1712366,
          51.8679962
        ]
      },
      "properties": {
        "osm_type": "relation",
        "osm_id": 20270371,
        "name": "Herts & Essex High School solar",
        "capacity_mw": 0.215,
        "power": "plant",
        "plant_source": "solar"
      }
    },
    {
      "type": "Feature",
      "geometry": {
        "type": "Point",
        "coordinates": [
          0.1534434,
          51.8496366
        ]
      },
      "properties": {
        "osm_type": "relation",
        "osm_id": 20271833,
        "name": "TBSHS solar array",
        "power": "plant",
        "plant_source": "solar"
      }
    },
    {
      "type": "Feature",
      "geometry": {
        "type": "Point",
        "coordinates": [
          -0.4797842,
          51.988222
        ]
      },
      "properties": {
        "osm_type": "relation",
        "osm_id": 20278029,
        "name": "Clayhill Farm",
        "operator": "Gridserve",
        "capacity_mw": 10.0,
        "power": "plant",
        "plant_source": "solar"
      }
    },
    {
      "type": "Feature",
      "geometry": {
        "type": "Point",
        "coordinates": [
          -2.8325965,
          52.4372228
        ]
      },
      "properties": {
        "osm_type": "relation",
        "osm_id": 20281660,
        "name": "Shropshire Hills Discovery Centre Rooftop Solar Array",
        "operator": "Big Solar Co-op",
        "capacity_mw": 0.078,
        "power": "plant",
        "plant_source": "solar"
      }
    },
    {
      "type": "Feature",
      "geometry": {
        "type": "Point",
        "coordinates": [
          -2.5520071,
          51.8063031
        ]
      },
      "properties": {
        "osm_type": "relation",
        "osm_id": 20281667,
        "name": "The Speech House Hotel Rooftop Solar Array",
        "operator": "Big Solar Co-op",
        "capacity_mw": 0.045,
        "power": "plant",
        "plant_source": "solar"
      }
    },
    {
      "type": "Feature",
      "geometry": {
        "type": "Point",
        "coordinates": [
          -1.5583688,
          53.1401243
        ]
      },
      "properties": {
        "osm_type": "relation",
        "osm_id": 20281799,
        "name": "William Twigg Rooftop Solar Array",
        "operator": "Big Solar Co-op",
        "capacity_mw": 0.059,
        "power": "plant",
        "plant_source": "solar"
      }
    },
    {
      "type": "Feature",
      "geometry": {
        "type": "Point",
        "coordinates": [
          -0.9767591,
          51.4243445
        ]
      },
      "properties": {
        "osm_type": "relation",
        "osm_id": 20282563,
        "name": "Select Environmental Recycling Depot Rooftop Solar Array",
        "operator": "Reading Community Energy",
        "capacity_mw": 0.0497,
        "power": "plant",
        "plant_source": "solar"
      }
    },
    {
      "type": "Feature",
      "geometry": {
        "type": "Point",
        "coordinates": [
          -0.9433529,
          51.4371513
        ]
      },
      "properties": {
        "osm_type": "relation",
        "osm_id": 20282565,
        "name": "University of Reading - School of Art - Rooftop Solar Array",
        "operator": "Reading Community Energy",
        "capacity_mw": 0.07379999999999999,
        "power": "plant",
        "plant_source": "solar"
      }
    },
    {
      "type": "Feature",
      "geometry": {
        "type": "Point",
        "coordinates": [
          -1.5701101,
          53.7093705
        ]
      },
      "properties": {
        "osm_type": "relation",
        "osm_id": 20325403,
        "name": "Haigh Hall",
        "capacity_mw": 5.0,
        "power": "plant",
        "plant_source": "solar"
      }
    },
    {
      "type": "Feature",
      "geometry": {
        "type": "Point",
        "coordinates": [
          -1.3858276,
          54.6174187
        ]
      },
      "properties": {
        "osm_type": "relation",
        "osm_id": 20342405,
        "name": "Cowley Compex Solar Farm",
        "operator": "Sonnedix Ltd",
        "capacity_mw": 120.0,
        "plant_source": "solar"
      }
    },
    {
      "type": "Feature",
      "geometry": {
        "type": "Point",
        "coordinates": [
          -1.3350106,
          54.6978194
        ]
      },
      "properties": {
        "osm_type": "relation",
        "osm_id": 20342471,
        "name": "Sheraton Hall Solar Farm",
        "operator": "Lightsource BP",
        "capacity_mw": 50.0,
        "plant_source": "solar"
      }
    },
    {
      "type": "Feature",
      "geometry": {
        "type": "Point",
        "coordinates": [
          -1.5300625,
          54.5964064
        ]
      },
      "properties": {
        "osm_type": "relation",
        "osm_id": 20346764,
        "name": "Whinfield Solar Farm",
        "capacity_mw": 33.0,
        "power": "plant",
        "plant_source": "solar"
      }
    },
    {
      "type": "Feature",
      "geometry": {
        "type": "Point",
        "coordinates": [
          -0.2013588,
          53.6017881
        ]
      },
      "properties": {
        "osm_type": "relation",
        "osm_id": 20346944,
        "name": "Mauxhall Farm Solar Farm",
        "capacity_mw": 44.5,
        "power": "plant",
        "plant_source": "solar"
      }
    },
    {
      "type": "Feature",
      "geometry": {
        "type": "Point",
        "coordinates": [
          -1.4562758,
          52.462822
        ]
      },
      "properties": {
        "osm_type": "relation",
        "osm_id": 20350991,
        "name": "Tolldish Hall Farm Solar",
        "operator": "Innova",
        "capacity_mw": 25.2,
        "plant_source": "solar"
      }
    },
    {
      "type": "Feature",
      "geometry": {
        "type": "Point",
        "coordinates": [
          -1.0964334,
          52.7073919
        ]
      },
      "properties": {
        "osm_type": "relation",
        "osm_id": 20351038,
        "name": "Syston Road Solar Farm",
        "capacity_mw": 26.0,
        "plant_source": "solar"
      }
    },
    {
      "type": "Feature",
      "geometry": {
        "type": "Point",
        "coordinates": [
          -0.9640932,
          51.3282853
        ]
      },
      "properties": {
        "osm_type": "relation",
        "osm_id": 20353944,
        "name": "Kiln Fields Solar Farm",
        "capacity_mw": 18.0,
        "power": "plant",
        "plant_source": "solar"
      }
    },
    {
      "type": "Feature",
      "geometry": {
        "type": "Point",
        "coordinates": [
          0.4600095,
          51.6130114
        ]
      },
      "properties": {
        "osm_type": "relation",
        "osm_id": 20354095,
        "name": "Crays Hall Solar Farm",
        "capacity_mw": 25.6,
        "power": "plant",
        "plant_source": "solar"
      }
    },
    {
      "type": "Feature",
      "geometry": {
        "type": "Point",
        "coordinates": [
          -2.5017125,
          51.54591
        ]
      },
      "properties": {
        "osm_type": "relation",
        "osm_id": 20354636,
        "name": "Perrinpit Solar Park",
        "operator": "Goldbeck Solar; Octopus Energy",
        "capacity_mw": 48.0,
        "plant_source": "solar"
      }
    },
    {
      "type": "Feature",
      "geometry": {
        "type": "Point",
        "coordinates": [
          -2.0319879,
          51.6615651
        ]
      },
      "properties": {
        "osm_type": "relation",
        "osm_id": 20354938,
        "name": "Kemble Solar Farm",
        "operator": "Aura Power",
        "capacity_mw": 49.0,
        "power": "plant",
        "plant_source": "solar"
      }
    },
    {
      "type": "Feature",
      "geometry": {
        "type": "Point",
        "coordinates": [
          -0.1738755,
          53.5612959
        ]
      },
      "properties": {
        "osm_type": "relation",
        "osm_id": 20354993,
        "name": "Grimsby Solar Farm",
        "operator": "Aura Power",
        "capacity_mw": 49.9,
        "plant_source": "solar"
      }
    },
    {
      "type": "Feature",
      "geometry": {
        "type": "Point",
        "coordinates": [
          -4.1370446,
          51.0051443
        ]
      },
      "properties": {
        "osm_type": "relation",
        "osm_id": 20355068,
        "name": "Gammaton Moor Solar farm",
        "operator": "Sonnedix Ltd",
        "capacity_mw": 32.0,
        "power": "plant",
        "plant_source": "solar"
      }
    },
    {
      "type": "Feature",
      "geometry": {
        "type": "Point",
        "coordinates": [
          1.2584787,
          52.5531505
        ]
      },
      "properties": {
        "osm_type": "relation",
        "osm_id": 20599100,
        "name": "Bloy's Grove Solar Farm",
        "operator": "EDF",
        "capacity_mw": 49.9,
        "plant_source": "solar"
      }
    },
    {
      "type": "Feature",
      "geometry": {
        "type": "Point",
        "coordinates": [
          -2.5077526,
          52.686653
        ]
      },
      "properties": {
        "osm_type": "relation",
        "osm_id": 20622657,
        "name": "Steeraway Farm",
        "operator": "Enviromena",
        "capacity_mw": 30.0,
        "plant_source": "solar"
      }
    },
    {
      "type": "Feature",
      "geometry": {
        "type": "Point",
        "coordinates": [
          -3.5540832,
          51.7397043
        ]
      },
      "properties": {
        "osm_type": "relation",
        "osm_id": 20622988,
        "name": "Bryngolwg Farm Solar Farm",
        "operator": "Enviromena",
        "capacity_mw": 8.99,
        "power": "plant",
        "plant_source": "solar"
      }
    },
    {
      "type": "Feature",
      "geometry": {
        "type": "Point",
        "coordinates": [
          -2.6735241,
          52.3701445
        ]
      },
      "properties": {
        "osm_type": "relation",
        "osm_id": 20629891,
        "name": "Ledwyche Solar Farm",
        "operator": "Aukera Energy",
        "capacity_mw": 12.0,
        "power": "plant",
        "plant_source": "solar"
      }
    },
    {
      "type": "Feature",
      "geometry": {
        "type": "Point",
        "coordinates": [
          -2.14014,
          51.4067036
        ]
      },
      "properties": {
        "osm_type": "relation",
        "osm_id": 20633374,
        "name": "Wick Farm Solar Farm",
        "operator": "RWE",
        "capacity_mw": 49.9,
        "plant_source": "solar"
      }
    },
    {
      "type": "Feature",
      "geometry": {
        "type": "Point",
        "coordinates": [
          -1.1947498,
          52.0626716
        ]
      },
      "properties": {
        "osm_type": "relation",
        "osm_id": 20633794,
        "name": "Copse Lodge Solar Farm",
        "operator": "RWE",
        "capacity_mw": 49.9,
        "plant_source": "solar"
      }
    },
    {
      "type": "Feature",
      "geometry": {
        "type": "Point",
        "coordinates": [
          -2.3258186,
          51.7870523
        ]
      },
      "properties": {
        "osm_type": "relation",
        "osm_id": 20636196,
        "name": "Moreton Lane - Solar Farm & Battery Storage",
        "operator": "RWE",
        "capacity_mw": 49.9,
        "plant_source": "solar"
      }
    },
    {
      "type": "Feature",
      "geometry": {
        "type": "Point",
        "coordinates": [
          -2.2148072,
          52.3029777
        ]
      },
      "properties": {
        "osm_type": "relation",
        "osm_id": 20636507,
        "name": "Doverdale - Solar Farm & Battery Storage",
        "operator": "RWE",
        "capacity_mw": 49.9,
        "power": "plant",
        "plant_source": "solar"
      }
    },
    {
      "type": "Feature",
      "geometry": {
        "type": "Point",
        "coordinates": [
          -2.3522598,
          51.9092121
        ]
      },
      "properties": {
        "osm_type": "relation",
        "osm_id": 20639625,
        "name": "Laynes Wood Solar Farm and Battery Storage",
        "operator": "RWE",
        "capacity_mw": 49.9,
        "power": "plant",
        "plant_source": "solar"
      }
    },
    {
      "type": "Feature",
      "geometry": {
        "type": "Point",
        "coordinates": [
          -3.370513,
          50.8227409
        ]
      },
      "properties": {
        "osm_type": "relation",
        "osm_id": 20664404,
        "name": "Langford Solar Farm",
        "operator": "JBM Solar Projects",
        "capacity_mw": 35.0,
        "power": "plant",
        "plant_source": "solar"
      }
    },
    {
      "type": "Feature",
      "geometry": {
        "type": "Point",
        "coordinates": [
          -3.3305966,
          51.4479538
        ]
      },
      "properties": {
        "osm_type": "relation",
        "osm_id": 20670099,
        "name": "Oaklands Solar Farm and Battery Storage",
        "operator": "infinis",
        "capacity_mw": 50.0,
        "plant_source": "solar"
      }
    },
    {
      "type": "Feature",
      "geometry": {
        "type": "Point",
        "coordinates": [
          -0.4055568,
          53.9535173
        ]
      },
      "properties": {
        "osm_type": "relation",
        "osm_id": 20672186,
        "name": "Scurf Dike Solar Farm",
        "operator": "BayWa",
        "capacity_mw": 50.0,
        "power": "plant",
        "plant_source": "solar"
      }
    },
    {
      "type": "Feature",
      "geometry": {
        "type": "Point",
        "coordinates": [
          -2.141807,
          50.8075167
        ]
      },
      "properties": {
        "osm_type": "relation",
        "osm_id": 20672496,
        "name": "South Farm Solar Park",
        "operator": "Voltalia UK",
        "capacity_mw": 40.0,
        "power": "plant",
        "plant_source": "solar"
      }
    },
    {
      "type": "Feature",
      "geometry": {
        "type": "Point",
        "coordinates": [
          -0.6699583,
          52.9555351
        ]
      },
      "properties": {
        "osm_type": "relation",
        "osm_id": 20672626,
        "name": "Gonerby Moor Solar Farm",
        "operator": "BP",
        "capacity_mw": 23.0,
        "power": "plant",
        "plant_source": "solar"
      }
    },
    {
      "type": "Feature",
      "geometry": {
        "type": "Point",
        "coordinates": [
          0.5311237,
          51.6650655
        ]
      },
      "properties": {
        "osm_type": "relation",
        "osm_id": 20679178,
        "name": "Sandon Brook Solar Farm & Battery Storage",
        "operator": "Low Carbon",
        "capacity_mw": 49.9,
        "plant_source": "solar"
      }
    },
    {
      "type": "Feature",
      "geometry": {
        "type": "Point",
        "coordinates": [
          -1.6913648,
          54.4109958
        ]
      },
      "properties": {
        "osm_type": "relation",
        "osm_id": 20683853,
        "name": "Skeeby Solar Farm",
        "operator": "Atrato Onsite Energy / Harmony Energy",
        "capacity_mw": 55.0,
        "power": "plant",
        "plant_source": "solar"
      }
    },
    {
      "type": "Feature",
      "geometry": {
        "type": "Point",
        "coordinates": [
          -1.5434676,
          54.3402921
        ]
      },
      "properties": {
        "osm_type": "relation",
        "osm_id": 20683940,
        "name": "South Lowfield Farm",
        "operator": "Lightsource BP",
        "capacity_mw": 49.9,
        "power": "plant",
        "plant_source": "solar"
      }
    },
    {
      "type": "Feature",
      "geometry": {
        "type": "Point",
        "coordinates": [
          -4.0468754,
          51.7647937
        ]
      },
      "properties": {
        "osm_type": "relation",
        "osm_id": 20691162,
        "name": "Tycroes Solar Farm",
        "operator": "Spring",
        "capacity_mw": 40.0,
        "power": "plant",
        "plant_source": "solar"
      }
    },
    {
      "type": "Feature",
      "geometry": {
        "type": "Point",
        "coordinates": [
          -4.0365677,
          51.7537787
        ]
      },
      "properties": {
        "osm_type": "relation",
        "osm_id": 20691340,
        "name": "Brynrhyd Solar Farm",
        "operator": "Capital Dynamics Limited",
        "capacity_mw": 36.0,
        "power": "plant",
        "plant_source": "solar"
      }
    },
    {
      "type": "Feature",
      "geometry": {
        "type": "Point",
        "coordinates": [
          0.5508464,
          51.7220304
        ]
      },
      "properties": {
        "osm_type": "relation",
        "osm_id": 20692585,
        "name": "St Clere's Solar Farm",
        "capacity_mw": 25.0,
        "plant_source": "solar"
      }
    },
    {
      "type": "Feature",
      "geometry": {
        "type": "Point",
        "coordinates": [
          -3.3407812,
          50.7342579
        ]
      },
      "properties": {
        "osm_type": "relation",
        "osm_id": 20692612,
        "name": "Houndbeare Solar Farm",
        "operator": "Spring Che",
        "capacity_mw": 15.0,
        "power": "plant",
        "plant_source": "solar"
      }
    },
    {
      "type": "Feature",
      "geometry": {
        "type": "Point",
        "coordinates": [
          -2.4345935,
          51.592178
        ]
      },
      "properties": {
        "osm_type": "relation",
        "osm_id": 20692976,
        "name": "Rag Lane Solar Farm",
        "operator": "egg Power",
        "capacity_mw": 49.9,
        "plant_source": "solar"
      }
    },
    {
      "type": "Feature",
      "geometry": {
        "type": "Point",
        "coordinates": [
          -1.739084,
          51.6165703
        ]
      },
      "properties": {
        "osm_type": "relation",
        "osm_id": 20693673,
        "name": "Corner Copse Solar Farm",
        "operator": "BayWa",
        "capacity_mw": 49.9,
        "plant_source": "solar"
      }
    },
    {
      "type": "Feature",
      "geometry": {
        "type": "Point",
        "coordinates": [
          -2.7785841,
          55.0547176
        ]
      },
      "properties": {
        "osm_type": "relation",
        "osm_id": 20707533,
        "name": "High Park Foot Solar Farm",
        "operator": "Elgin Energy",
        "capacity_mw": 20.0,
        "plant_source": "solar"
      }
    },
    {
      "type": "Feature",
      "geometry": {
        "type": "Point",
        "coordinates": [
          -1.3899401,
          53.2166802
        ]
      },
      "properties": {
        "osm_type": "relation",
        "osm_id": 20707909,
        "name": "Hasland Solar Farm",
        "operator": "Kronos Solar",
        "capacity_mw": 49.9,
        "plant_source": "solar"
      }
    },
    {
      "type": "Feature",
      "geometry": {
        "type": "Point",
        "coordinates": [
          -1.0145167,
          51.7059198
        ]
      },
      "properties": {
        "osm_type": "relation",
        "osm_id": 20708095,
        "name": "Harlesford Solar Farm",
        "capacity_mw": 49.9,
        "power": "plant",
        "plant_source": "solar"
      }
    },
    {
      "type": "Feature",
      "geometry": {
        "type": "Point",
        "coordinates": [
          -1.0365397,
          51.7004874
        ]
      },
      "properties": {
        "osm_type": "relation",
        "osm_id": 20708314,
        "name": "Cornwell Solar Farm",
        "capacity_mw": 49.9,
        "power": "plant",
        "plant_source": "solar"
      }
    },
    {
      "type": "Feature",
      "geometry": {
        "type": "Point",
        "coordinates": [
          0.6243238,
          51.8628309
        ]
      },
      "properties": {
        "osm_type": "relation",
        "osm_id": 20710584,
        "name": "Periwinkle Hall - Links Solar photovoltaic farm & Battery storage",
        "operator": "Low Carbon Limited",
        "capacity_mw": 35.0,
        "power": "plant",
        "plant_source": "solar"
      }
    },
    {
      "type": "Feature",
      "geometry": {
        "type": "Point",
        "coordinates": [
          -0.7911689,
          50.7569555
        ]
      },
      "properties": {
        "osm_type": "relation",
        "osm_id": 20710619,
        "name": "Ferry Farm III Solar Farm",
        "operator": "BNRG & Lanlink Estates Limited",
        "capacity_mw": 11.0,
        "plant_source": "solar"
      }
    },
    {
      "type": "Feature",
      "geometry": {
        "type": "Point",
        "coordinates": [
          -1.4332974,
          52.2392833
        ]
      },
      "properties": {
        "osm_type": "relation",
        "osm_id": 20710678,
        "name": "Eastfields Solar Farm",
        "operator": "Vantage RE",
        "capacity_mw": 34.8,
        "power": "plant",
        "plant_source": "solar"
      }
    },
    {
      "type": "Feature",
      "geometry": {
        "type": "Point",
        "coordinates": [
          1.1778383,
          52.7986407
        ]
      },
      "properties": {
        "osm_type": "relation",
        "osm_id": 20711180,
        "name": "Oulton Airfield Solar Farm (Phase 2)",
        "capacity_mw": 5.0,
        "power": "plant",
        "plant_source": "solar"
      }
    },
    {
      "type": "Feature",
      "geometry": {
        "type": "Point",
        "coordinates": [
          -2.0034726,
          52.161259
        ]
      },
      "properties": {
        "osm_type": "relation",
        "osm_id": 20711332,
        "name": "Bishampton Solar Farm",
        "operator": "Infinis",
        "capacity_mw": 30.0,
        "power": "plant",
        "plant_source": "solar"
      }
    },
    {
      "type": "Feature",
      "geometry": {
        "type": "Point",
        "coordinates": [
          -1.9132974,
          52.7632456
        ]
      },
      "properties": {
        "osm_type": "relation",
        "osm_id": 20728895,
        "name": "Cawarden Solar Farm",
        "operator": "Spring CHE",
        "capacity_mw": 49.9,
        "power": "plant",
        "plant_source": "solar"
      }
    },
    {
      "type": "Feature",
      "geometry": {
        "type": "Point",
        "coordinates": [
          -0.3681593,
          52.9766443
        ]
      },
      "properties": {
        "osm_type": "relation",
        "osm_id": 20729057,
        "name": "Whitecross Solar Farm",
        "capacity_mw": 35.22,
        "power": "plant",
        "plant_source": "solar"
      }
    },
    {
      "type": "Feature",
      "geometry": {
        "type": "Point",
        "coordinates": [
          -0.4048171,
          52.9651885
        ]
      },
      "properties": {
        "osm_type": "relation",
        "osm_id": 20729942,
        "name": "Gorse Lane Solar Farm",
        "operator": "Elgin Energy",
        "capacity_mw": 49.9,
        "power": "plant",
        "plant_source": "solar"
      }
    },
    {
      "type": "Feature",
      "geometry": {
        "type": "Point",
        "coordinates": [
          -1.9499297,
          51.6891442
        ]
      },
      "properties": {
        "osm_type": "relation",
        "osm_id": 20734371,
        "name": "Siddington Solar Farm",
        "operator": "Anesco",
        "capacity_mw": 19.94,
        "power": "plant",
        "plant_source": "solar"
      }
    },
    {
      "type": "Feature",
      "geometry": {
        "type": "Point",
        "coordinates": [
          -2.875609,
          51.0597128
        ]
      },
      "properties": {
        "osm_type": "relation",
        "osm_id": 20742099,
        "name": "Aller Court Farm Solar Park",
        "operator": "NESF (formerly British Solar Renewables)",
        "capacity_mw": 15.0,
        "power": "plant",
        "plant_source": "solar"
      }
    },
    {
      "type": "Feature",
      "geometry": {
        "type": "Point",
        "coordinates": [
          -1.1586795,
          51.1798435
        ]
      },
      "properties": {
        "osm_type": "relation",
        "osm_id": 20742145,
        "name": "Preston Farm Solar Array",
        "operator": "British Solar Renewables",
        "capacity_mw": 28.0,
        "power": "plant",
        "plant_source": "solar"
      }
    },
    {
      "type": "Feature",
      "geometry": {
        "type": "Point",
        "coordinates": [
          -0.2323255,
          52.9330118
        ]
      },
      "properties": {
        "osm_type": "relation",
        "osm_id": 20772478,
        "name": "Vicarage Drove Solar Farm",
        "operator": "European Energy",
        "capacity_mw": 66.0,
        "power": "plant",
        "plant_source": "solar"
      }
    },
    {
      "type": "Feature",
      "geometry": {
        "type": "Point",
        "coordinates": [
          -0.2151829,
          52.9229221
        ]
      },
      "properties": {
        "osm_type": "relation",
        "osm_id": 20772603,
        "name": "Bicker Fen PV",
        "operator": "AGR Power",
        "capacity_mw": 80.0,
        "power": "plant",
        "plant_source": "solar"
      }
    },
    {
      "type": "Feature",
      "geometry": {
        "type": "Point",
        "coordinates": [
          -0.920984,
          51.3857034
        ]
      },
      "properties": {
        "osm_type": "relation",
        "osm_id": 20784174,
        "name": "Arborfield Solar Park",
        "capacity_mw": 16.8,
        "power": "plant",
        "plant_source": "solar"
      }
    },
    {
      "type": "Feature",
      "geometry": {
        "type": "Point",
        "coordinates": [
          -1.061094,
          51.4071067
        ]
      },
      "properties": {
        "osm_type": "relation",
        "osm_id": 20784332,
        "name": "Solar Light",
        "capacity_mw": 8.0,
        "power": "plant",
        "plant_source": "solar"
      }
    },
    {
      "type": "Feature",
      "geometry": {
        "type": "Point",
        "coordinates": [
          -1.8152949,
          50.8895756
        ]
      },
      "properties": {
        "osm_type": "relation",
        "osm_id": 20796891,
        "name": "Homer Warren Solar Farm",
        "capacity_mw": 28.5,
        "power": "plant",
        "plant_source": "solar"
      }
    },
    {
      "type": "Feature",
      "geometry": {
        "type": "Point",
        "coordinates": [
          -7.4461876,
          52.1590746
        ]
      },
      "properties": {
        "osm_type": "relation",
        "osm_id": 20800667,
        "name": "Rathnaskilloge Solar Farm",
        "operator": "Highfield Solar",
        "capacity_mw": 65.0,
        "power": "plant",
        "plant_source": "solar"
      }
    }
  ]
}